Flow,Amount,Unit,Is input
Water,239.47872230566892,m3,False
"Transformation, to industrial area",0.04356583134862742,m2,True
"Transformation, to lake, artificial",0.19233617384878102,m2,True
"Water, turbine use, unspecified natural origin",390737.7875663636,m3,True
"Transformation, from forest, unspecified",0.006971348524323697,m2,True
"Energy, potential (in hydropower reservoir), converted",63262.33020618288,MJ,True
"Carbon dioxide, from soil or biomass stock",0.16816656111739034,kg,False
Water,390502.86869709607,m3,False
"Methane, non-fossil",0.3300789331598121,kg,False
"Volume occupied, reservoir",1224.5378991387324,m3*a,True
"Occupation, lake, artificial",28.516732226367704,m2*a,True
Water,5.731680781913196,m3,False
"Particulate Matter, > 2.5 um and < 10um",0.008982245809423675,kg,False
"Hydrocarbons, unspecified",6.295761386807504e-05,kg,False
Cadmium II,1.2507959394221809e-06,kg,False
"Dioxins, measured as 2,3,7,8-tetrachlorodibenzo-p-dioxin",2.3311541268287046e-10,kg,False
Selenium IV,1.2219587291095097e-06,kg,False
Chromium VI,1.636091243660265e-06,kg,False
Vanadium V,7.748761673290273e-08,kg,False
Copper ion,0.00015002797184358182,kg,False
"TOC, Total Organic Carbon",0.0006963316893086912,kg,False
Ammonia,0.006795896769993559,kg,False
Arsenic ion,1.8437129893840003e-06,kg,False
Chromium III,9.043894060903692e-06,kg,False
Zinc II,0.00010883993713877421,kg,False
Nitrogen,2.2702677062536767e-05,kg,False
"Water, unspecified natural origin",1.1396039184115812,m3,True
"AOX, Adsorbable Organic Halides",1.4887657787358025e-06,kg,False
Benzene,8.81957166731117e-06,kg,False
Rhodium III,3.416455659038171e-09,kg,False
Mercury II,5.012382213065986e-07,kg,False
Chloride,0.022436085009094248,kg,False
Tin ion,1.9469104929981143e-05,kg,False
Formaldehyde,0.0001807025869636228,kg,False
Nickel II,1.822215283580364e-05,kg,False
Sulfate,0.00506918006386535,kg,False
Sulfide,1.5376772320009845e-05,kg,False
Selenium IV,1.588343130823892e-07,kg,False
"Suspended solids, unspecified",0.0025348183225928794,kg,False
Nitrogen oxides,0.2718204521602729,kg,False
Tellurium,6.25140406681809e-09,kg,False
Platinum,3.416455659038171e-09,kg,False
"PAH, polycyclic aromatic hydrocarbons",2.743685368229114e-08,kg,False
Beryllium II,1.0011173810998352e-07,kg,False
Palladium II,3.4206259624634102e-09,kg,False
Vanadium V,3.6286216101550985e-05,kg,False
Copper ion,1.4325916975318049e-05,kg,False
Antimony ion,2.4639637516150658e-05,kg,False
Ammonium,3.65502934869192e-05,kg,False
Cobalt II,1.4029995272651785e-06,kg,False
Arsenic ion,1.029059878089067e-06,kg,False
Fluoride,0.0002514537215023189,kg,False
Barium II,2.952658304260799e-06,kg,False
Hydrogen fluoride,0.000565375799353782,kg,False
Lead II,4.754760969353009e-05,kg,False
Hydrochloric acid,0.0011536919427217861,kg,False
Boron,1.5471617886772404e-06,kg,False
Chromium III,0.00011468434588041538,kg,False
Sodium I,0.013742618697724635,kg,False
"NMVOC, non-methane volatile organic compounds",0.03863262151220485,kg,False
t-Butyl methyl ether,7.735808943386183e-08,kg,False
Cyanide,1.7359759170725935e-05,kg,False
"Heat, waste",12.271796964750509,MJ,False
Nickel II,2.737360048964977e-05,kg,False
Hydrogen sulfide,0.0004634966959720096,kg,False
Cobalt II,1.450150325345379e-08,kg,False
Mercury II,4.092429033698879e-06,kg,False
Benzene,0.00013838511544101703,kg,False
"Particulate Matter, < 2.5 um",0.020933556923668696,kg,False
"Carbon monoxide, fossil",0.3820096118778234,kg,False
Cadmium II,2.995139489294712e-06,kg,False
"Xylenes, unspecified",6.014669187589174e-05,kg,False
Dinitrogen monoxide,0.08776605504608592,kg,False
Toluene,2.516279002844904e-05,kg,False
"Particulate Matter, > 10 um",0.030040197628414568,kg,False
Thallium I,7.707128660413772e-07,kg,False
Aluminium III,4.749656510790116e-06,kg,False
Nitrate,3.471758939222799e-05,kg,False
"Xylenes, unspecified",1.7112234599682956e-07,kg,False
Nitrite,2.547083730427748e-07,kg,False
"BOD5, Biological Oxygen Demand",0.003455297384340988,kg,False
Molybdenum VI,3.8679044716930956e-08,kg,False
"Heat, waste",1.0144237394616709,MJ,False
Water,0.526812613307571,m3,False
Benzo(a)pyrene,2.4268803775297707e-07,kg,False
"Water, cooling, unspecified natural origin",3.3052065647600934,m3,True
Manganese II,2.1546933978617702e-05,kg,False
Zinc II,2.6286566292410305e-05,kg,False
Iron ion,0.0002901114167965147,kg,False
Manganese II,8.596748533282875e-06,kg,False
Toluene,1.114150337244093e-06,kg,False
"PAH, polycyclic aromatic hydrocarbons",4.196391093316187e-05,kg,False
Lead II,7.905946424675915e-06,kg,False
Tin ion,3.8716457892619735e-08,kg,False
Phenol,9.458980268750871e-06,kg,False
"Carbon dioxide, fossil",72.01087860649898,kg,False
"Methane, fossil",0.0023864545416347064,kg,False
Phosphorus,2.6621043492532577e-06,kg,False
"Carbon dioxide, non-fossil",1.430093313605023,kg,False
Sulfur dioxide,0.0555665779196209,kg,False
"DOC, Dissolved Organic Carbon",0.0006952013421884622,kg,False
"COD, Chemical Oxygen Demand",0.003700281983529074,kg,False
"Water, well, in ground",0.13348881727882275,m3,True
"DOC, Dissolved Organic Carbon",0.11362044353570684,kg,False
Chloride,0.05842110211052215,kg,False
"COD, Chemical Oxygen Demand",0.05753707549223728,kg,False
Phenol,5.348332139845416e-05,kg,False
Chlorine,0.0002293993809006961,kg,False
"Water, river",0.22106759905548617,m3,True
Sodium I,0.3201128850019803,kg,False
"Carbon dioxide, fossil",11.578857618157599,kg,False
Phenol,2.6026881287544854e-07,kg,False
"TOC, Total Organic Carbon",0.030066999392653622,kg,False
"BOD5, Biological Oxygen Demand",0.02499221691081711,kg,False
Hydrogen,0.006426607204482467,kg,False
Ammonia,0.009255718059190475,kg,False
Benzene,0.0003041739847861545,kg,False
"NMVOC, non-methane volatile organic compounds",0.08609027553331597,kg,False
Nickel II,0.000396395927665035,kg,False
"PAH, polycyclic aromatic hydrocarbons",3.9943767018436924e-05,kg,False
"Carbon dioxide, fossil",34.66415283828514,kg,False
Selenium IV,4.5616087059046534e-06,kg,False
Lead II,1.1908261332838297e-05,kg,False
"Methane, fossil",0.24871779192407056,kg,False
Sulfur dioxide,0.24245659573198683,kg,False
Cadmium II,2.7109858571951016e-06,kg,False
Benzo(a)pyrene,5.755695699093643e-06,kg,False
Dinitrogen monoxide,0.007520222521285373,kg,False
Copper ion,0.00011952439091409988,kg,False
"Carbon monoxide, fossil",0.0743940055963921,kg,False
Zinc II,0.00029924269453797983,kg,False
"Particulate Matter, < 2.5 um",0.07484838081952296,kg,False
Cadmium II,6.46036385756973e-05,kg,False
Chromium III,0.0011184030827066098,kg,False
Nitrogen oxides,0.11658322051339456,kg,False
Zinc II,0.00034465088758772343,kg,False
"Dioxins, measured as 2,3,7,8-tetrachlorodibenzo-p-dioxin",3.649551034399652e-11,kg,False
Dinitrogen monoxide,0.003433926760921166,kg,False
"Carbon monoxide, fossil",0.022837132917070173,kg,False
Sulfur dioxide,0.04818034645845223,kg,False
"NMVOC, non-methane volatile organic compounds",0.01781925983501679,kg,False
"Methane, fossil",0.005187941016661937,kg,False
Nitrogen oxides,0.09873814725811929,kg,False
Oxygen,7.770251147487354,kg,True
"Heat, waste",9.517608438453525,MJ,False
Mercury II,5.081091331855813e-07,kg,False
Non-hazardous waste disposed,819.6858744567762,kg,False
"Occupation, dump site",1.1223290190066897,m2*a,True
"Transformation, from unspecified",0.2297775126362517,m2,True
"Transformation, to dump site",0.007704253163395617,m2,True
Sulfur hexafluoride,6.834068658058436e-06,kg,False
"Particulate Matter, > 10 um",0.4393630776774232,kg,False
Nickel II,1.3980733361545224e-05,kg,False
"COD, Chemical Oxygen Demand",7.79654040003205e-05,kg,False
Sulfate,0.11014944136402516,kg,False
Manganese II,0.00026984915748536916,kg,False
"DOC, Dissolved Organic Carbon",0.000159392571472876,kg,False
"TOC, Total Organic Carbon",0.000159392571472876,kg,False
Iron ion,0.008591133667828498,kg,False
Chromium III,3.294423969796516e-07,kg,False
Dissolved solids,0.002878956747728193,kg,False
Arsenic ion,9.667208987361985e-06,kg,False
Cadmium II,1.4476393344515982e-06,kg,False
Lead II,3.7657589510344627e-06,kg,False
"Occupation, industrial area",1.9960531371418773,m2*a,True
Selenium IV,1.8150574594625011e-06,kg,False
"BOD5, Biological Oxygen Demand",1.8369564349113184e-05,kg,False
"Solids, inorganic",0.018049546738522246,kg,False
Tin ion,2.7671024223216013e-06,kg,False
Chloride,0.26221283479068686,kg,False
Copper ion,3.8627888720012534e-05,kg,False
Uranium alpha,0.03198422157025192,kBq,False
"Transformation, to mineral extraction site",0.023422629685268728,m2,True
Uranium,0.00019647249578232828,kg,True
Radon-222,103.90416799029681,kBq,False
Radium-226,1.822844567271991,kBq,False
Gangue,161.06404941248277,kg,True
"Suspended solids, unspecified",0.006635200111866667,kg,False
"Transformation, from industrial area",2.951792080497157e-05,m2,True
Molybdenum VI,7.007095895049881e-05,kg,False
Sulfate,0.08107664083503563,kg,False
Cadmium II,1.9259249201429786e-06,kg,False
Aluminium III,0.0026081556595275533,kg,False
Nitrate,0.008812901806602975,kg,False
Magnesium,0.009553820378817851,kg,False
Lead II,7.131027521192394e-06,kg,False
Arsenic ion,1.2722986458333006e-05,kg,False
Selenium IV,7.107874620949658e-06,kg,False
Uranium alpha,0.0019292965801409809,kBq,False
Ammonium,0.0008549162332938212,kg,False
"Occupation, mineral extraction site",0.3153452986086759,m2*a,True
Zinc II,0.00015174260573624424,kg,False
Barium II,0.00045202965331777223,kg,False
Iron ion,0.0014494520301573165,kg,False
Thorium-230,0.06940444714701632,kBq,False
Vanadium V,6.751537796128004e-05,kg,False
Manganese II,0.00021094379444062646,kg,False
"Transformation, to unspecified",0.0023746633085564807,m2,True
"Energy, solar, converted",1.3679420017694914,MJ,True
"Transformation, from pasture, man made",0.27537405061931736,m2,True
"Occupation, river, artificial",38.407114997821814,m2*a,True
"Transformation, from shrub land, sclerophyllous",0.25689935736188463,m2,True
"Transformation, to river, artificial",0.47570352438715113,m2,True
Nitrobenzene,9.502263888627354e-07,kg,False
Aniline,2.3667596536199835e-07,kg,False
Chlorine,3.4723935164860364e-05,kg,False
Vinyl chloride,7.548929413521988e-07,kg,False
"1,1,2-Trichloroethane",1.1348018375885527e-08,kg,False
Zirconium-95,0.0038840277389959182,kBq,False
Niobium-95,0.009509707535087985,kBq,False
"Hydrocarbons, unspecified",1.8568197529452846e-05,kg,False
Technetium-99m,7.522962518008127e-05,kBq,False
Antimony-124,0.00871544418294527,kBq,False
"Noble gases, radioactive, unspecified",880.1106842566286,kBq,False
Cobalt-58,0.005044819604443891,kBq,False
Antimony-125,0.00019382403598355996,kBq,False
Molybdenum-99,3.0258008966454956e-06,kBq,False
Chromium-51,0.0006222255058114362,kBq,False
Zinc-65,0.0009189107566497895,kBq,False
Iodine-131,0.0017046745115255474,kBq,False
Antimony-125,9.845089505441205e-08,kBq,False
Tritium,55.47439721289397,kBq,False
Antimony-122,3.8034020995387663e-06,kBq,False
Cobalt-60,7.643383394463443e-07,kBq,False
Ruthenium-103,1.2443440547837528e-06,kBq,False
Silver-110,1.3168859039330599e-08,kBq,False
Strontium-89,5.860699878621837e-05,kBq,False
Water,0.07558992522460749,m3,False
Barium-140,3.1544614913686052e-06,kBq,False
Xenon-133,3.2601092938332297,kBq,False
Caesium-136,1.1822522012947806e-06,kBq,False
Iodine-133,7.65729183756538e-06,kBq,False
Tellurium-132,3.5425493006764535e-07,kBq,False
Zirconium-95,2.458775410705695e-07,kBq,False
Krypton-85m,0.06670736183473996,kBq,False
Tellurium-123m,9.012014158145011e-06,kBq,False
Cobalt-60,0.003272894109142334,kBq,False
Niobium-95,1.7329714065654695e-05,kBq,False
Iodine-133,6.03917000199854e-06,kBq,False
"Radioactive species, alpha emitters",5.619284643028823e-05,kBq,False
Carbon-14,0.0009509704354782428,kBq,False
Lanthanum-140,9.795911529595718e-06,kBq,False
Cerium-144,2.0279201459931836e-06,kBq,False
Cobalt-57,3.752914461049318e-05,kBq,False
Carbon-14,0.23205246739304258,kBq,False
Antimony-124,5.660165795961835e-09,kBq,False
"Aerosols, radioactive, unspecified",2.5762773451964596e-05,kBq,False
Manganese-54,0.0001852673487345724,kBq,False
Caesium-137,6.646451825750907e-07,kBq,False
Iron-59,0.00775766053436459,kBq,False
Xenon-135,1.139888521224962,kBq,False
Cerium-141,3.6562809425512488e-06,kBq,False
Caesium-137,0.0012561076291678257,kBq,False
Caesium-134,8.998543353315904e-05,kBq,False
Sodium-24,4.410792349441871e-05,kBq,False
"Radioactive species, other beta emitters",5.88725333553364e-07,kBq,False
Iodine-131,0.0018781961076963036,kBq,False
Cobalt-58,1.0324341834432403e-07,kBq,False
Strontium-90,0.04785072643081321,kBq,False
Silver-110,0.002279147536232878,kBq,False
"Transformation, from dump site",0.0010375299107132224,m2,True
"Transformation, to forest, unspecified",0.02199962292625864,m2,True
Vanadium V,0.00929737102566434,kg,False
"Transformation, from traffic area, road network",0.0006225215777735428,m2,True
"Transformation, to traffic area, road network",0.011544230020761926,m2,True
Silicon,2.8293470145907422,kg,False
"Transformation, to shrub land, sclerophyllous",0.017028089625772447,m2,True
"Occupation, shrub land, sclerophyllous",0.08514036658701785,m2*a,True
Hazardous waste disposed,124.72371337343792,kg,False
"Waste mass, total, placed in landfill",99.63653359366832,kg,True
"Occupation, traffic area, road network",1.3500989700927604,m2*a,True
Molybdenum VI,0.000869290183997026,kg,False
"Occupation, construction site",0.04166030801934887,m2*a,True
"Transformation, to pasture, man made",0.0006510681361829099,m2,True
Silicon,0.015275237094820334,kg,False
Iron ion,2.0133602023444164,kg,False
Zinc II,0.0003048593942491618,kg,False
Propylene,4.373477010159858e-05,kg,False
"Hydrocarbons, aliphatic, alkanes, cyclic",5.876725342989421e-05,kg,False
"Particulate Matter, < 2.5 um",0.02325658976856677,kg,False
Propylene oxide,1.5040247792563712e-06,kg,False
"PAH, polycyclic aromatic hydrocarbons",1.1603922830989421e-05,kg,False
Methyl ethyl ketone,3.759640998727873e-05,kg,False
Heptane,1.4854093567857918e-05,kg,False
Copper ion,2.591663415525539e-05,kg,False
Ethane,8.439351796701717e-05,kg,False
Nickel II,1.3179019568615205e-05,kg,False
Toluene,0.0003087956179838506,kg,False
Benzene,0.000938561086187251,kg,False
Isohexane,6.32540895251045e-07,kg,False
Ethylene oxide,9.173701279419537e-07,kg,False
1-Pentene,7.001567916320808e-09,kg,False
o-Xylene,7.029580255725034e-08,kg,False
Pentane,0.00011535235972844255,kg,False
Ethylene,0.00016766831053068842,kg,False
Cadmium II,8.339817399272351e-07,kg,False
Propane,7.373817358604336e-05,kg,False
Acetone,8.351942467297165e-05,kg,False
m-Xylene,0.00011721830608965369,kg,False
Acrolein,1.1566810315071837e-07,kg,False
Chromium VI,1.895181006885891e-07,kg,False
Formaldehyde,0.00015219425926104544,kg,False
Benzaldehyde,3.683642899724768e-08,kg,False
Butane,2.827494511904196e-05,kg,False
Selenium IV,6.997118838499522e-07,kg,False
Styrene,8.375557836604869e-07,kg,False
Hexane,8.744511220891211e-05,kg,False
Acetaldehyde,6.355336578832726e-05,kg,False
Chromium III,5.361709172414216e-06,kg,False
Ammonia,0.01694924385004866,kg,False
Lead II,3.0485233001462698e-05,kg,False
Hydrogen,0.0002992491442729319,kg,False
Ethylene,8.919615001051955e-09,kg,False
Lead II,0.0005605783827856822,kg,False
Propane,0.0008534240947133024,kg,False
Arsenic ion,0.00019553215344449414,kg,False
"Dioxins, measured as 2,3,7,8-tetrachlorodibenzo-p-dioxin",3.8142875642178194e-11,kg,False
Propionic acid,1.592828163563587e-06,kg,False
Butane,0.0015483909668202003,kg,False
Acenaphthene,1.2763653021049384e-06,kg,False
Beryllium II,8.671699715927419e-08,kg,False
Hexane,0.0006922894962680846,kg,False
Manganese II,8.217000002551568e-05,kg,False
Acetaldehyde,7.736537705104076e-05,kg,False
Formaldehyde,0.001606500231067506,kg,False
Cobalt II,2.1746136916800412e-05,kg,False
Pentane,0.0027036702072983764,kg,False
Acetic acid,2.7892015590376344e-05,kg,False
Toluene,0.0015132471963107607,kg,False
Ethane,0.0006653358691925186,kg,False
Mercury II,1.2823570600816833e-06,kg,False
Scandium,4.230739000689405e-06,kg,False
Lead II,0.018203285749092937,kg,False
Cadmium II,0.00048279159471805463,kg,False
Molybdenum VI,2.2767160583174342e-05,kg,False
Vanadium V,9.464874896028035e-07,kg,False
Thallium I,1.1731142520238062e-07,kg,False
Antimony ion,2.934195067449142e-06,kg,False
Iodide,3.6442889048078383e-07,kg,False
Boron,4.749421765488066e-06,kg,False
Thallium I,0.0006969009655691835,kg,False
Magnesium,0.005385476149364021,kg,False
Potassium I,0.0010078734677827677,kg,False
Barium II,0.01780713362909915,kg,False
Bromine,0.0001981726793320761,kg,False
Aluminium III,0.000735986138654871,kg,False
Phosphate,0.14828893230116363,kg,False
Mercury II,3.887090485366587e-08,kg,False
Cobalt II,1.3624943088200467e-05,kg,False
Bromine,3.3209838539445987e-06,kg,False
Silicon,0.0012095046072772993,kg,False
Tungsten,0.00042618019109197966,kg,False
Beryllium II,0.00019123305346389568,kg,False
Copper ion,0.2592128080129848,kg,False
Iodide,2.6342303088007775e-05,kg,False
Mercury II,4.071660114246943e-05,kg,False
Zinc II,0.00018422905447597817,kg,False
Calcium II,15.770506872707378,kg,False
Sodium I,0.7155058761840521,kg,False
Phosphate,0.012545411780652643,kg,False
Tin ion,0.0030983511596885905,kg,False
Chromium VI,0.0058397249171616705,kg,False
Nickel II,0.01477123242320699,kg,False
Beryllium II,4.6341620935644847e-07,kg,False
Zinc II,0.03166629835453141,kg,False
Antimony ion,0.00033265821562657573,kg,False
Cobalt II,0.005849224557816527,kg,False
Fluoride,0.00015762589588604934,kg,False
Chromium VI,4.624875252600964e-06,kg,False
Manganese II,0.05871736754911397,kg,False
Chloride,0.09103450105093712,kg,False
Fluoride,0.046123718689792856,kg,False
Strontium II,0.000176304624368651,kg,False
Potassium I,0.24090758214066457,kg,False
Aluminium III,2.883509800245691,kg,False
Titanium ion,0.032422824355667484,kg,False
Arsenic ion,0.0026097909078306525,kg,False
Magnesium,0.45073858973860875,kg,False
Strontium II,0.017784825838173333,kg,False
Barium II,3.2371972065283825e-06,kg,False
Selenium IV,0.00016804260688298752,kg,False
Scandium,0.001396206982869318,kg,False
Boron,0.0009218072693633642,kg,False
Tungsten,2.667140698096644e-06,kg,False
Sodium I,0.003546678148483753,kg,False
Sulfate,3.0332992193882697,kg,False
Calcium II,0.012002660730253264,kg,False
Titanium ion,5.994360808324112e-06,kg,False
"BOD5, Biological Oxygen Demand",0.16580701597174524,kg,False
Nitrate,0.004692297109938151,kg,False
Titanium ion,1.6219959974126987e-06,kg,False
Antimony ion,2.3477305577567535e-05,kg,False
Magnesium,2.2963064965059855e-05,kg,False
"Heat, waste",6.093797507411067,MJ,False
Silver I,0.0008792899355221765,kg,False
"TOC, Total Organic Carbon",0.4332322572258188,kg,False
Molybdenum VI,3.1147729441618203e-07,kg,False
Silver I,1.2570645344531772e-09,kg,False
"COD, Chemical Oxygen Demand",1.4251088854848535,kg,False
Aluminium III,1.5610556877331423e-05,kg,False
Nitrate,0.026054091968142085,kg,False
Hydrochloric acid,0.004974361213126408,kg,False
Nitrite,8.159288057142937e-07,kg,False
"Nitrogen, organic bound",0.00031250005931162387,kg,False
"Heat, waste",0.08787129118226723,MJ,False
"DOC, Dissolved Organic Carbon",0.4332322572258188,kg,False
Silicon,0.0001352271025380221,kg,False
Barium II,1.1947825525920908e-05,kg,False
Iron ion,1.4910099924508598e-05,kg,False
Ammonium,0.00024663089775160804,kg,False
Sodium I,2.4047726402127565e-05,kg,False
Nitrite,1.0406585920415688e-05,kg,False
Thallium I,4.4789701225223904e-10,kg,False
Strontium II,1.0537184806955029e-05,kg,False
Hydrogen fluoride,0.0005842873783453175,kg,False
"Organic carbon, placed in landfill",0.3845522094923235,kg,True
"Carbon dioxide, non-fossil",128.78788548942953,kg,False
Ammonium,9.830989927000293e-05,kg,False
Silver I,1.6181479466342748e-07,kg,False
Calcium II,4.155432860469192e-05,kg,False
Hydrogen sulfide,0.003764437189714513,kg,False
"Nitrogen, organic bound",2.4502131343557257e-05,kg,False
Hydrogen sulfide,0.03430032707242969,kg,False
Potassium I,4.087936191366345e-06,kg,False
Pentachlorobenzene,3.5486556333709387e-10,kg,False
Calcium II,0.14452567657503965,kg,False
Phosphorus,0.00029717624349053466,kg,False
Titanium ion,1.941843315893011e-05,kg,False
Water,0.0052490454681549045,m3,False
Phosphate,0.00047062886335293136,kg,False
Silicon,0.000814878336636669,kg,False
Hexachlorobenzene,1.4745836644376268e-10,kg,False
"Heat, waste",1.0529545678236687,MJ,False
Calcium II,0.005808349107558928,kg,False
"Particulate Matter, > 2.5 um and < 10um",0.03235987664984195,kg,False
Cyanide,2.669622395401076e-06,kg,False
Titanium ion,1.93942412024604e-05,kg,False
Iron ion,0.00023167003187883733,kg,False
Pentachlorophenol,7.922084785922066e-09,kg,False
Benzo(a)pyrene,4.945678776577293e-07,kg,False
"Carbon dioxide, non-fossil, resource correction",10.296459007768133,kg,True
"Carbon dioxide, non-fossil",93.86956979275489,kg,False
"Carbon dioxide, to soil or biomass stock",0.0009070509514697356,kg,False
"Carbon, organic, increase in soil or biomass stock",0.0002871186966039512,kg,True
"Transformation, to permanent crop",0.0013231828346511219,m2,True
"Transformation, from arable land, unspecified use",0.017691066882048894,m2,True
Ozone,0.07235898418484951,kg,False
"Aldehydes, unspecified",5.132537057204548e-07,kg,False
Sulfide,4.80426243179098e-06,kg,False
"Particulate Matter, > 10 um",0.042450675056181025,kg,False
"Acidity, unspecified",5.13297765805481e-06,kg,False
Fluoride,0.00014824273104366344,kg,False
Chromium III,1.7980767979525563e-06,kg,False
"Oils, unspecified",0.00020587501274634746,kg,False
Nickel II,2.9710399632110605e-05,kg,False
Dissolved solids,0.06632942959286557,kg,False
Mercury II,2.3256861132676452e-07,kg,False
Copper ion,2.814400098653643e-05,kg,False
Thallium I,5.8396520155205886e-08,kg,False
Scandium,2.447562987039537e-07,kg,False
Chromium VI,4.659646108615568e-05,kg,False
Potassium I,0.024498755474180043,kg,False
Silver I,3.425104108401522e-07,kg,False
Antimony ion,2.63652578576512e-05,kg,False
Strontium II,0.00179872956523191,kg,False
Tin ion,6.593409105861029e-07,kg,False
Beryllium II,1.3479465837303385e-08,kg,False
Tungsten,0.0004577780989693822,kg,False
Cobalt II,9.737410348496985e-06,kg,False
"Particulate Matter, > 2.5 um and < 10um",0.17465097075618574,kg,False
"Energy, kinetic (in wind), converted",1741.8346555786268,MJ,True
"Water, salt, ocean",5.734720463815784,m3,True
Hypochlorite,0.02061521807411471,kg,False
Sodium I,0.1292414976236529,kg,False
Argon,4.464855098388427e-05,kg,False
Hexachlorobenzene,2.515685131769748e-08,kg,False
"Water, unspecified natural origin",0.10307243678800113,m3,True
Polychlorinated biphenyls,3.8864002669913984e-10,kg,False
"Hydrocarbons, aromatic",0.00029858524015174964,kg,False
Hydrochloric acid,0.0023417944636225834,kg,False
Chromium VI,2.2866770235542328e-08,kg,False
Polychlorinated biphenyls,3.157034214707997e-08,kg,False
Titanium ion,1.0176927367819468e-05,kg,False
Platinum,1.0652638611013675e-08,kg,False
"Carbon monoxide, non-fossil",0.07388974092158054,kg,False
Arsenic ion,2.531705007030266e-06,kg,False
Boron,6.425872962927321e-06,kg,False
Fluoride,3.26541433130536e-05,kg,False
Phosphorus,3.408426584408545e-05,kg,False
Iron ion,0.0013683391017550374,kg,False
Strontium II,8.342404242134925e-06,kg,False
Manganese II,2.7803478216742655e-05,kg,False
Chromium III,5.541336406355666e-06,kg,False
Sodium I,0.0018265305161318456,kg,False
Carbon,0.008956703371841965,kg,False
Barium II,0.0003243932003866878,kg,False
Magnesium,0.0005232473709510581,kg,False
Potassium I,0.00022897656993591363,kg,False
Sulfur,0.0012642330179719673,kg,False
Chloride,0.002546444434717503,kg,False
Aluminium III,0.0006768380452448681,kg,False
Silicon,0.0019267998477557062,kg,False
Arsenic ion,2.897817783389604e-07,kg,False
Calcium II,0.003192869883676997,kg,False
Zinc II,2.315141427454387e-05,kg,False
Isopropanol,7.936155213721079e-06,kg,False
Protactinium-234,0.0008197503355954934,kBq,False
Uranium-238,0.0027834912834598805,kBq,False
Protactinium-234,0.00021210814816627823,kBq,False
Uranium-235,0.0010586303654968221,kBq,False
Thorium-234,0.00021215895039586937,kBq,False
Uranium-238,0.003120448693385406,kBq,False
Uranium-234,0.0007675888154576413,kBq,False
Radium-226,0.00488876457749287,kBq,False
Thorium-230,0.0003644270080396296,kBq,False
Uranium-235,1.6937294098344203e-05,kBq,False
Thorium-234,0.0008202933939118116,kBq,False
Uranium-234,0.0009487844048394012,kBq,False
Boron,0.0001234346057645679,kg,False
"Carbon monoxide, non-fossil",0.00048207996964823665,kg,False
Aluminium hydroxide,9.261625493985345e-10,kg,False
"Transformation, to dump site, residual material landfill",1.1939776159246738e-06,m2,True
Ethyl acetate,3.944293343591804e-07,kg,False
Ethyl acetate,9.588562912920239e-09,kg,False
Oxygen,0.0038438880445942434,kg,False
Formic acid,2.944943178101811e-09,kg,False
Methyl ethyl ketone,1.5165035567775767e-06,kg,False
Acetone,0.00011719299237695147,kg,False
Butane,2.4525030886378065e-06,kg,False
Acetic acid,1.5618697569763819e-06,kg,False
Acetone,3.7662984836379682e-06,kg,False
Methyl acetate,1.36388167958849e-07,kg,False
Methyl acetate,2.6389526618670187e-09,kg,False
Copper,0.30496109899276613,kg,True
Bromate,4.882547590086969e-06,kg,False
Fluorine,4.914956896364637e-05,kg,False
Hydrogen fluoride,8.933142180057941e-05,kg,False
"Hydrocarbons, chlorinated",2.6949914241452016e-05,kg,False
Dichloromethane,7.896665459411017e-09,kg,False
Ethylene dichloride,1.1593457438688286e-08,kg,False
Sulfate,0.00029978642488174304,kg,False
Iron,15.607640551756353,kg,True
Hydrogen sulfide,6.4555222878504324e-06,kg,False
Granite,0.9497850727594767,kg,True
Shale,6.58992310853212,kg,True
Aluminium,0.8722207347307934,kg,True
"Coal, brown",4.976850878517141,kg,True
"Clay, unspecified",15.121346800694655,kg,True
Manganese,0.2479183080835735,kg,True
"Chlorinated solvents, unspecified",3.0055013586424896e-05,kg,False
Gravel,612.7023613321876,kg,True
Calcite,64.83097777728052,kg,True
"Xylenes, unspecified",2.143331683664686e-05,kg,False
Antimony ion,1.3168914650234338e-07,kg,False
Titanium,0.014670581779794502,kg,True
Sodium nitrate,6.081456055913872e-05,kg,True
"Methane, non-fossil",0.0012392774330195152,kg,False
Sylvite,0.009179333991558174,kg,True
Mercury,5.4545017903039995e-08,kg,True
"Hydrocarbons, aromatic",9.457807289663882e-06,kg,False
Barium,0.09412676448939762,kg,True
Lead,0.018450268473642596,kg,True
"Sand, unspecified",2.2175452157029394,kg,True
Phosphorus,0.00046564564178137017,kg,False
Carbon disulfide,3.2075451129884986e-09,kg,False
Talc,0.0011261990454899244,kg,True
Carbonate,0.0014456950309080581,kg,False
Olivine,7.59254722341619e-07,kg,True
"Carbon monoxide, non-fossil",0.10081513739643426,kg,False
"Clay, bentonite",0.18284971191549393,kg,True
Vinyl chloride,2.4928337540205026e-07,kg,False
Sodium chloride,0.4042275714415267,kg,True
Feldspar,4.225868003757501e-10,kg,True
"Gas, natural",5.039686138212931,m3,True
Anhydrite,5.746696256175562e-07,kg,True
"AOX, Adsorbable Organic Halides",1.406043888507029e-05,kg,False
Dolomite,0.22429919270466167,kg,True
Ethyl benzene,3.115931959654325e-05,kg,False
Fluorspar,0.009834439536424218,kg,True
Benzene,2.7351538431676814e-05,kg,False
Peat,0.017371434178775264,kg,True
Chlorine,0.0031286656492781222,kg,False
Nitrogen,0.003373795124941708,kg,False
Cyanide,4.3824313373218446e-05,kg,False
Chromium,0.22123412183217375,kg,True
Ethylene dichloride,2.676887549585406e-06,kg,False
Sulfur,0.1618695448474347,kg,True
Nickel,0.3090077478825684,kg,True
Chlorate,4.8057022821630135e-05,kg,False
Vinyl chloride,1.3608363022446305e-06,kg,False
Zinc,0.08179200341260846,kg,True
"Oil, crude",11.244329265028426,kg,True
Phosphorus,0.008651735290545826,kg,True
"Energy, gross calorific value, in biomass",927.5420086953833,MJ,True
Silver I,6.818745750333505e-08,kg,False
"Wood, unspecified, standing",4.4310314389826346e-08,m3,True
Magnesite,0.7696793902763549,kg,True
"Coal, hard",23.128580998583516,kg,True
Ammonium carbonate,9.487314963803003e-07,kg,False
"Transformation, to heterogeneous, agricultural",0.0007194159944755397,m2,True
"Transformation, from mineral extraction site",0.006767444569731226,m2,True
Thorium-228,0.0005748439650027947,kBq,False
Cyanide,8.018361332241861e-05,kg,False
Radon-220,0.09149178039048511,kBq,False
Sulfate,2.2540531191752295e-06,kg,False
Potassium-40,0.00389284242625256,kBq,False
Cumene,7.315915906416958e-09,kg,False
Chromium VI,2.808765922550554e-05,kg,False
Vanadium V,1.091141948704414e-05,kg,False
"Hydrocarbons, aliphatic, unsaturated",3.325047834411071e-05,kg,False
Ethyl benzene,3.253530244064546e-05,kg,False
"Hydrocarbons, chlorinated",2.7212679838613847e-07,kg,False
Bromine,5.682454457522942e-05,kg,False
Dichloromethane,3.894329704019759e-07,kg,False
Lead-210,0.011923225397704981,kBq,False
Propylene,6.202915503252802e-06,kg,False
Methylchloride,7.120249434455296e-07,kg,False
Carbon disulfide,0.00321037478260765,kg,False
"Xylenes, unspecified",0.00014110476167180134,kg,False
Chloroform,1.316550466263594e-07,kg,False
"Hydrocarbons, aliphatic, alkanes, cyclic",7.772471007660834e-07,kg,False
Phenol,0.00037026647139517,kg,False
"Aldehydes, unspecified",1.368911116261833e-06,kg,False
Styrene,5.201135787632186e-05,kg,False
"Actinides, radioactive, unspecified",0.0027860238251791523,kBq,False
"Hydrocarbons, aliphatic, alkanes, unspecified",5.225287977267233e-05,kg,False
Boron,0.00014702090330080697,kg,False
Radium-228,0.0010319787003452475,kBq,False
Thorium-232,0.0034827081634184174,kBq,False
Tetrachloroethylene,5.7681781985197434e-08,kg,False
Iodine,2.932273322367764e-05,kg,False
Polonium-210,0.02108794506725182,kBq,False
"1,1,1-Trichloroethane",2.6884226272982113e-08,kg,False
Acrolein,2.3286305089954625e-06,kg,False
Ethylene dichloride,5.3608911321206304e-08,kg,False
Furan,2.924257744162541e-05,kg,False
Vanadium V,2.0043833438895678e-05,kg,False
Cobalt II,7.733029657316043e-07,kg,False
Ethanol,6.17037832928119e-06,kg,False
Molybdenum VI,4.121147720705778e-07,kg,False
"Hydrocarbons, aliphatic, alkanes, unspecified",0.004016960591779837,kg,False
Manganese II,0.00016784353562199897,kg,False
Hypochlorite,2.963174995608935e-06,kg,False
Sulfite,1.813155077507238e-05,kg,False
Acetic acid,1.477425647859091e-05,kg,False
Sodium I,0.0013092792496324653,kg,False
Beryllium II,6.462159174379653e-08,kg,False
"Hydrocarbons, aliphatic, unsaturated",0.003055108469689007,kg,False
Methanol,9.010518924870634e-06,kg,False
Copper ion,5.252502424761375e-06,kg,False
Scandium,1.588602982007101e-09,kg,False
Phosphorus,1.6169972394268242e-07,kg,False
Silver I,3.5360129450662893e-09,kg,False
Bromine,6.992835361009823e-07,kg,False
Scandium,1.8416559414359116e-11,kg,False
Vanadium V,2.217649897807914e-05,kg,False
Antimony ion,4.479053552325572e-07,kg,False
Polychlorinated biphenyls,1.102942089242643e-08,kg,False
"Heat, waste",1.1074229374981026,MJ,False
Thallium I,9.932870065266668e-09,kg,False
Cadmium II,1.2185132352155132e-06,kg,False
Mercury II,9.611531052702163e-09,kg,False
Titanium ion,2.1625361685716042e-05,kg,False
Selenium IV,3.471834963172672e-08,kg,False
Beryllium II,1.1567157503758844e-08,kg,False
Tungsten,7.661694535888808e-11,kg,False
Nitrogen,3.184827106877757e-05,kg,False
Nickel II,5.131118581021845e-07,kg,False
"Dioxins, measured as 2,3,7,8-tetrachlorodibenzo-p-dioxin",6.064214467009706e-12,kg,False
Tin ion,7.420189605607694e-07,kg,False
Molybdenum VI,1.0722322558652026e-08,kg,False
Cobalt II,3.4881216205015067e-07,kg,False
Lead II,6.35854337995222e-06,kg,False
Tin ion,3.384481748267209e-05,kg,False
Zinc II,1.8393879643546035e-12,kg,False
"Particulate Matter, < 2.5 um",2.9146707257735e-11,kg,False
Cadmium II,1.839387964354604e-15,kg,False
"Carbon monoxide, fossil",3.839198708210561e-10,kg,False
Sulfur dioxide,1.5444935567639592e-10,kg,False
Nickel II,1.2843684622463571e-14,kg,False
Chromium III,9.195839452860764e-15,kg,False
Water,1.4069670327143255e-12,m3,False
Selenium IV,1.839387964354604e-15,kg,False
Mercury II,1.2843684622463569e-17,kg,False
"NMVOC, non-methane volatile organic compounds",3.2255470898564783e-11,kg,False
Copper ion,3.0950329689940837e-13,kg,False
"Carbon dioxide, fossil",5.727740177062539e-07,kg,False
Nitrogen oxides,2.877013908676509e-09,kg,False
Lead II,3.676238370927176e-12,kg,False
"1,1,1,2-Tetrafluoroethane",4.696882506527413e-08,kg,False
Ethanol,9.717010167307614e-06,kg,False
"Nitrogen, organic bound",6.11828532000815e-07,kg,False
Propylene,1.5729248268726874e-05,kg,False
Ethylene,8.158651732716799e-05,kg,False
Formaldehyde,2.5151876062780866e-07,kg,False
"Occupation, urban/industrial fallow (non-use)",0.00020298877467011912,m2*a,True
"Transformation, to urban/industrial fallow (non-use)",4.983070659717384e-06,m2,True
Acetaldehyde,9.125105090999918e-08,kg,False
Bromine,0.00024923096742316607,kg,False
Tin ion,1.18910994930913e-07,kg,False
Bromine,6.378274593862002e-05,kg,False
Potassium I,0.02286637543147533,kg,False
Magnesium,0.0005439641666989953,kg,False
"Energy, geothermal, converted",3.386100488610628,MJ,True
Napropamide,1.4897494791090606e-09,kg,False
Tebutam,4.510955936145436e-09,kg,False
"Carbon dioxide, in air",84.26738951291982,kg,True
Metaldehyde,1.3309062545202554e-09,kg,False
Cypermethrin,2.729863704440557e-07,kg,False
Copper ion,2.9866467140776743e-05,kg,False
Carbetamide,1.620289811489106e-09,kg,False
Mercury II,2.1552636150461904e-08,kg,False
Nickel II,1.0718647249577007e-05,kg,False
"Transformation, from annual crop, non-irrigated",0.01183272776597632,m2,True
"Transformation, to annual crop, non-irrigated",0.011832679074569197,m2,True
"Transformation, from pasture, man made, intensive",3.211823050965805e-05,m2,True
"Occupation, annual crop, non-irrigated",0.011378423114956461,m2*a,True
Chromium III,3.462884143440287e-05,kg,False
"Oils, unspecified",0.010956092198950005,kg,False
"COD, Chemical Oxygen Demand",0.034610616263047976,kg,False
Nitrogen,0.00017823439838708205,kg,False
"DOC, Dissolved Organic Carbon",0.07574440466471324,kg,False
"TOC, Total Organic Carbon",0.019561376403339003,kg,False
"AOX, Adsorbable Organic Halides",4.087826052056649e-09,kg,False
Trifluoromethane,3.320392045378208e-07,kg,False
Bromotrifluoromethane,5.7842050974216525e-08,kg,False
Sulfur,1.5237493413988194e-07,kg,False
"BOD5, Biological Oxygen Demand",0.03564423097377464,kg,False
Nitrogen,2.2168109818367885,kg,True
Nitrogen,0.06601724506730158,kg,False
Sodium hydroxide,1.5735497388821945e-07,kg,False
Hydrogen peroxide,5.248002197797969e-08,kg,False
Sulfuric acid,3.5405800759398126e-08,kg,False
"Transformation, to annual crop",0.052393207527285816,m2,True
"Occupation, annual crop",0.012944192097217321,m2*a,True
"Transformation, from annual crop",0.10025482739105551,m2,True
Ethofumesate,4.3866917933097426e-09,kg,False
Difenoconazole,2.455260239372363e-08,kg,False
"Transformation, to arable land, unspecified use",0.017680149080940566,m2,True
Lenacil,1.6939538573847602e-12,kg,False
Desmedipham,3.1054581973282645e-12,kg,False
Fenpropimorph,3.2993807697916647e-10,kg,False
Fenpropidin,1.71485751425572e-10,kg,False
Glyphosate,2.7758002688677342e-05,kg,False
Kresoxim-methyl,6.173975313053583e-11,kg,False
Fenoxaprop-P ethyl ester,1.0340762533873141e-12,kg,False
Water,0.0294008627090541,m3,False
Epoxiconazole,2.4305567983087024e-09,kg,False
Metamitron,8.706215802555297e-11,kg,False
Phenmedipham,1.0372616014501436e-11,kg,False
Butadiene,3.1795427285026664e-06,kg,False
Fluorene,2.75040300495987e-10,kg,False
Benzo(ghi)perylene,1.1260120994344086e-12,kg,False
Acenaphthylene,9.97464018552297e-10,kg,False
Chrysene,1.7846662371726107e-12,kg,False
Benz(a)anthracene,1.5388992450270013e-11,kg,False
"Indeno(1,2,3-cd)pyrene",3.437684788503988e-12,kg,False
Benzo(b)fluoranthene,1.8188456990773154e-11,kg,False
Ethane,2.5689539016580746e-06,kg,False
"2,2,4-Trimethylpentane",3.890338934843468e-11,kg,False
Ethyl benzene,3.5667555226674195e-08,kg,False
Benzo(k)fluoranthene,1.315329393741302e-11,kg,False
Naphthalene,4.9399850247998195e-09,kg,False
Acenaphthene,5.553967070967298e-09,kg,False
Acetaldehyde,8.472630674142309e-05,kg,False
Acrolein,2.0680582169741493e-05,kg,False
Anthracene,1.5663832126794618e-14,kg,False
Fluoranthene,1.7343278817007932e-10,kg,False
Propanal,3.9659547278452645e-09,kg,False
Hexane,2.4833158863324576e-08,kg,False
Phenanthrene,2.689008059873349e-09,kg,False
Styrene,6.3389893754046716e-06,kg,False
Pyrene,1.262535554861594e-10,kg,False
"Dibenz(a,h)anthracene",8.737119641007363e-12,kg,False
"Occupation, bare area (non-use)",8.823917588608465e-06,m2*a,True
Nitrite,4.0948360250224086e-07,kg,False
Propionic acid,3.195641332020228e-07,kg,False
Heptane,3.384341702569976e-06,kg,False
o-Xylene,4.48653205620713e-06,kg,False
Pentane,1.802173079065025e-05,kg,False
Benzaldehyde,1.5364787523770565e-05,kg,False
m-Xylene,1.1129835014891912e-05,kg,False
Propane,1.2602654650713634e-05,kg,False
Zirconium,1.3747591817679994e-08,kg,False
Uranium,3.0736644854737525e-10,kg,False
Thorium,1.403271256823983e-09,kg,False
"Water, lake",0.009540567350778528,m3,True
Dichlorodifluoromethane,7.360917464709817e-08,kg,False
"Heat, waste",0.10838259779186317,MJ,False
Boron,3.1270421087658816e-07,kg,False
Tetrafluoromethane,8.994442976458799e-05,kg,False
Hexafluoroethane,3.0778947779226702e-06,kg,False
Sulfur,0.00183756288725238,kg,False
Antimony ion,3.031257757488082e-08,kg,False
Barium II,2.316105645860367e-06,kg,False
Beryllium II,1.4316835243860166e-09,kg,False
Strontium II,2.096429379500511e-06,kg,False
Manganese II,0.003895068671978189,kg,False
Arsenic ion,2.0548416412751806e-06,kg,False
Selenium IV,2.1456390193223587e-08,kg,False
Cobalt II,4.132473555312342e-06,kg,False
Tin ion,1.645947204331364e-07,kg,False
Phthalic anhydride,1.6759111047321715e-07,kg,False
o-Xylene,1.2707991466652413e-06,kg,False
Tungsten,8.574497914152836e-11,kg,False
Sodium I,0.00028936430729028595,kg,False
Silver I,7.014480600681575e-08,kg,False
Vanadium V,1.173743782649672e-05,kg,False
Silicon,0.016445555998544165,kg,False
Thallium I,1.8993663663622266e-08,kg,False
Aluminium III,0.004277611814430311,kg,False
Molybdenum VI,6.912057953379667e-07,kg,False
Calcium II,0.05939778482699695,kg,False
Iron ion,0.004442191844179296,kg,False
Tungsten,1.0369424856382546e-08,kg,False
Potassium I,0.009459415180393496,kg,False
Magnesium,0.005581926483354431,kg,False
Titanium ion,0.00023982592408330742,kg,False
Scandium,3.2235940946333186e-08,kg,False
Ethylene dichloride,1.059496525381569e-06,kg,False
Ethylene dichloride,4.292376160586063e-09,kg,False
Aluminium III,0.000544338248759795,kg,False
Hydrogen cyanide,1.1348280265996243e-05,kg,False
Tributyltin compounds,9.807977355271873e-09,kg,False
Copper ion,2.146195574743838e-06,kg,False
"Fungicides, unspecified",6.429998231829595e-09,kg,False
"Hydrocarbons, unspecified",2.593312114136652e-05,kg,False
Thiocyanate,1.0716645426251687e-09,kg,False
"Oils, unspecified",0.0010756822958412546,kg,False
Propanol,1.7439915886628139e-09,kg,False
Chloroacetic acid,3.3844698908255045e-07,kg,False
Propanol,1.669839021214374e-08,kg,False
Acetic acid,1.569671801950043e-06,kg,False
Chloroacetic acid,5.1937540093078926e-08,kg,False
Chloramine,2.7080222419475014e-08,kg,False
Bromide,8.558496418333439e-06,kg,False
Bromine,9.624107208256266e-06,kg,True
Sulfur,0.004071691597143793,kg,False
Propyl amine,2.1087187825660448e-10,kg,False
"Water, salt, sole",7.508691297134801e-05,m3,True
Ethylene oxide,4.945261869516009e-07,kg,False
Chloramine,3.0241362022646823e-09,kg,False
Propyl amine,5.060990498211972e-10,kg,False
Sodium I,2.2519087830381188e-05,kg,False
Pentachlorophenol,2.564895382845051e-09,kg,False
Phosphorus,3.460065232670874e-07,kg,False
Bromine,6.493516517802546e-07,kg,False
Magnesium,4.367034179941923e-07,kg,False
Potassium I,2.957280378395213e-05,kg,False
Fluorine,3.771347586541619e-07,kg,False
"Methane, non-fossil",7.5773067494200674e-06,kg,False
Calcium II,2.8605923213640323e-05,kg,False
"Hydrocarbons, aliphatic, unsaturated",3.720436726794744e-06,kg,False
"Hydrocarbons, aliphatic, alkanes, unspecified",0.0002699471861033686,kg,False
Methanol,2.1092207166528996e-06,kg,False
Toluene,3.0249708950366133e-05,kg,False
Acetone,0.00012414791086541542,kg,False
Bromochlorodifluoromethane,5.180274914099414e-09,kg,False
Methanol,1.5668508993158185e-05,kg,False
Thorium,9.574107768409732e-08,kg,False
Sulfur oxides,0.000454520408671083,kg,False
Lead-210,0.003381895498493714,kBq,False
Isopropanol,6.799215493572441e-10,kg,False
Thorium-228,0.0003218177014940016,kBq,False
4-Methyl-2-pentanol,2.0728316423580132e-15,kg,False
Strontium II,1.0487355942281845e-05,kg,False
Propanal,5.429930561650654e-06,kg,False
Propanol,4.2907780593250366e-14,kg,False
Hydrogen sulfide,0.0019510981035003154,kg,False
Methyl ethyl ketone,1.7806846606826977e-10,kg,False
Barium II,7.533723337469113e-06,kg,False
m-Xylene,2.425463217676435e-10,kg,False
Sulfuric acid,2.1639861698669062e-07,kg,False
Thallium I,8.06881853625485e-08,kg,False
Fluorine,2.05365113365374e-05,kg,False
Radon-220,0.00550936149523499,kBq,False
Scandium,6.405396264613334e-08,kg,False
Potassium-40,0.0009378533078410051,kBq,False
Uranium-238,0.0007279524114462841,kBq,False
Pentachlorophenol,5.191987871656189e-07,kg,False
"Hydrocarbons, aromatic",7.62697160910578e-07,kg,False
Polonium-210,0.006188861431432029,kBq,False
Radon-222,0.003124492801976043,kBq,False
Radium-226,0.0008742099569567344,kBq,False
Uranium,1.273027911910417e-07,kg,False
Hydrogen sulfide,1.5076435058245825e-06,kg,False
Radium-228,0.0033803536366499554,kBq,False
Thorium-232,0.00024407130897875916,kBq,False
Methyl isobutyl ketone,1.485922998383795e-11,kg,False
Acetone,1.7798687584924315e-05,kg,False
Hexachlorobenzene,1.5857555737959374e-12,kg,False
Chlorine,3.339266038863416e-08,kg,False
Boron,3.0160066280915888e-05,kg,False
Acetylene,2.6858711444508668e-05,kg,False
Iodine,3.0338705673574732e-06,kg,False
"PAH, polycyclic aromatic hydrocarbons",1.679079569338374e-05,kg,False
Glyphosate,5.337163797147606e-09,kg,False
Teflubenzuron,4.001862461280482e-08,kg,False
"Occupation, annual crop, non-irrigated, intensive",0.05848297986778073,m2*a,True
Tebuconazole,6.422844470569662e-11,kg,False
Atrazine,5.588571954229781e-07,kg,False
"Transformation, from annual crop, non-irrigated, intensive",0.001251442190613614,m2,True
Atrazine,5.6238924255886885e-11,kg,False
Trifloxystrobin,9.184821162516957e-08,kg,False
Methomyl,1.3281498353018022e-07,kg,False
Teflubenzuron,6.287956968499512e-10,kg,False
Atrazine,3.080435130310479e-11,kg,False
Methomyl,1.4968146698390115e-09,kg,False
Tebuconazole,1.100410021393963e-08,kg,False
Glyphosate,1.2092133177791348e-07,kg,False
Trifloxystrobin,4.576908653014023e-08,kg,False
"Transformation, to annual crop, non-irrigated, intensive",0.05046677789277657,m2,True
Tebuconazole,3.038227196198807e-08,kg,False
Methomyl,2.1530066583091196e-11,kg,False
Methomyl,1.5836138061940707e-09,kg,False
Trifloxystrobin,2.567489746612754e-09,kg,False
Teflubenzuron,2.732865092836271e-11,kg,False
Trifloxystrobin,8.205947116514478e-11,kg,False
Tebuconazole,2.0426194110992243e-11,kg,False
Trifloxystrobin,2.2836716997778633e-11,kg,False
Glyphosate,3.038161487920581e-09,kg,False
Atrazine,2.5028353066805554e-12,kg,False
Tebuconazole,7.464806027677683e-10,kg,False
Teflubenzuron,1.1611706027098954e-08,kg,False
Atrazine,1.2532104007040144e-09,kg,False
Methomyl,2.540035175081587e-08,kg,False
"Hydrocarbons, unspecified",4.398368114068803e-06,kg,False
Glyphosate,2.437339785295201e-06,kg,False
"Transformation, from dump site, sanitary landfill",0.00400006891703896,m2,True
"Transformation, to dump site, sanitary landfill",0.00400006891703896,m2,True
Sodium sulfate,0.000728874251044937,kg,True
"Carbon, organic, decrease in soil or biomass stock",0.013360101930768852,kg,True
Propylene,9.194376459579612e-05,kg,False
o-Chlorotoluene,1.5112762001622725e-08,kg,False
o-Chlorotoluene,7.180804094712073e-09,kg,False
Butanol,2.872124204178167e-09,kg,False
Propionic acid,1.1099648232769098e-08,kg,False
Butanol,6.839273012361247e-09,kg,False
"Hydrocarbons, chlorinated",3.0654407458634266e-06,kg,False
Iron ion,0.0011068702043040286,kg,False
"Occupation, permanent crop, irrigated",0.0024392557660104946,m2*a,True
"Transformation, from permanent crop, irrigated",0.00043556952130601633,m2,True
"Transformation, to permanent crop, irrigated",0.00043556952130601633,m2,True
"VOC, volatile organic compounds",0.00042967344419980426,kg,False
"Transformation, from grassland, natural (non-use)",0.00023150410107559808,m2,True
"Hydrocarbons, unspecified",3.173254107382857e-05,kg,False
"Solids, inorganic",4.950023301642862e-05,kg,False
"Transformation, to annual crop, irrigated, intensive",4.709416849954026e-06,m2,True
Dicamba,3.399292121673802e-07,kg,False
Prosulfuron,5.027983462038197e-12,kg,False
"2,4-D",4.426242979213001e-06,kg,False
Metsulfuron-methyl,1.3858268873460827e-08,kg,False
Metolachlor,3.0767476976887017e-07,kg,False
"Occupation, annual crop, irrigated, intensive",4.530680272877578e-06,m2*a,True
Phosphorus,4.822106547199127e-07,kg,False
Dimethenamide,1.1672017214852736e-09,kg,False
Alachlor,1.2537280035088153e-09,kg,False
Terbufos,6.234400301743758e-10,kg,False
Chlorpyrifos,7.281618400621966e-07,kg,False
"Oils, unspecified",0.00024211531761296224,kg,False
Argon,0.03996150168549531,kg,True
Dimethachlor,1.4748053708504817e-14,kg,False
Chlorpyrifos,3.775435859071551e-09,kg,False
Sulfur,1.6533268727004205e-12,kg,False
Asulam,5.207775991556512e-14,kg,False
Dimethachlor,5.085535761553381e-16,kg,False
Lambda-cyhalothrin,4.0280783269586847e-16,kg,False
"2,4-D",1.0180495615138082e-08,kg,False
Sulfur,7.984394857599102e-15,kg,False
Metazachlor,1.4502071981359296e-16,kg,False
Paclobutrazol,9.866885185140975e-14,kg,False
Indoxacarb,4.667035377124299e-11,kg,False
Pymetrozine,1.2052040892399914e-17,kg,False
Picloram,6.01474448780564e-19,kg,False
Pyridate,3.8834328540832156e-18,kg,False
Thiram,1.6439746748994846e-09,kg,False
Bifenthrin,1.2500783906094286e-10,kg,False
"Herbicides, unspecified",7.278482196895203e-16,kg,False
Chlorpyrifos methyl,4.463036639208063e-16,kg,False
Quizalofop-P,3.103371102511675e-14,kg,False
Cycloxydim,2.921716696770299e-14,kg,False
"2,4-D",2.06400343201673e-13,kg,False
Picloram,6.0116121657812566e-15,kg,False
Mepiquat chloride,6.624392295145174e-11,kg,False
Pronamide,2.0319375943586803e-17,kg,False
Lambda-cyhalothrin,1.2193542810773463e-08,kg,False
Kaolin,2.741190670888935e-11,kg,False
Imazamox,8.695699218287592e-13,kg,False
Cycloxydim,5.524815413017278e-10,kg,False
Acetamiprid,2.1225115543763944e-08,kg,False
Clopyralid,4.380502425889726e-16,kg,False
Cyproconazole,1.5377194711785243e-08,kg,False
Imazamox,2.9985169718232976e-14,kg,False
Fluazifop-P-butyl,5.574363696213003e-13,kg,False
Metaldehyde,2.3160717040712603e-14,kg,False
Clomazone,7.411998329941351e-13,kg,False
"2,4-D",2.60224264724773e-07,kg,False
Asulam,4.606317153376453e-19,kg,False
Pethoxamid,1.0000086894570782e-11,kg,False
Pethoxamid,3.448305825714074e-13,kg,False
Alpha-cypermethrin,5.757196500117664e-11,kg,False
Fluopyram,2.6352889013096837e-12,kg,False
Azoxystrobin,4.1069524435480184e-15,kg,False
Bifenthrin,7.309900811338383e-18,kg,False
Metconazole,2.0976186860043927e-11,kg,False
Prothioconazole,2.08762803037731e-09,kg,False
Dimethenamid-P,4.886094473640056e-08,kg,False
Pymetrozine,3.49509185879597e-16,kg,False
Thiacloprid,1.7970153851973072e-12,kg,False
Mepiquat chloride,1.4088293261651594e-16,kg,False
Tepraloxydim,6.386702910006525e-11,kg,False
Acetamiprid,1.065732074252384e-09,kg,False
Terbuthylazin,1.236121282534776e-14,kg,False
Haloxyfop-P,2.601347579111633e-13,kg,False
Dicamba,7.171868532970948e-16,kg,False
Quinmerac,1.1413821588012485e-13,kg,False
Fluopyram,4.1171422239417046e-17,kg,False
Metazachlor,4.205600874594188e-15,kg,False
Spinosad,1.929171704341828e-15,kg,False
Indoxacarb,1.3512258492619031e-18,kg,False
Alpha-cypermethrin,2.027182768483706e-09,kg,False
Deltamethrin,4.237627018571592e-13,kg,False
Pronamide,2.334901745127697e-12,kg,False
Alpha-cypermethrin,1.6066047169848615e-15,kg,False
Haloxyfop-P,2.263116459906209e-14,kg,False
Cycloxydim,6.147105085085623e-11,kg,False
Metconazole,2.1676758300369008e-17,kg,False
Haloxyfop-P,2.2648853612418157e-18,kg,False
Chlorpyrifos,1.1071806841544626e-14,kg,False
Terbuthylazin,3.584751719350863e-13,kg,False
Terbuthylazin,2.999904665259899e-08,kg,False
Acetamiprid,3.555167525372675e-18,kg,False
Deltamethrin,1.9972233866492406e-16,kg,False
Azoxystrobin,4.7611068697971444e-08,kg,False
Clopyralid,1.6149229705943413e-13,kg,False
Kaolin,1.2976649397508362e-14,kg,False
Metconazole,6.2862599071069845e-16,kg,False
Dimethachlor,3.2273209225283885e-12,kg,False
Deltamethrin,5.791947821282819e-15,kg,False
Clethodim,2.755163214211291e-06,kg,False
Pyridate,3.881410463558769e-14,kg,False
Indoxacarb,1.0127547987348536e-12,kg,False
Metconazole,1.2903484969113153e-13,kg,False
Dimethenamid-P,3.0193124859622264e-10,kg,False
Asulam,5.480809183807464e-15,kg,False
Dimethachlor,6.2577958520197e-11,kg,False
Pyridate,4.46245700323633e-13,kg,False
Clethodim,7.535953085334961e-08,kg,False
S-Metolachlor,1.943966957280113e-07,kg,False
Napropamide,3.9662727932355196e-14,kg,False
Azoxystrobin,2.241187821021547e-09,kg,False
Cycloxydim,8.472978420633883e-13,kg,False
Alpha-cypermethrin,2.966666478643396e-09,kg,False
Etofenprox,7.111915142511207e-13,kg,False
Pronamide,2.0308794142660924e-13,kg,False
Tebuconazole,2.7868626815900766e-15,kg,False
Spinosad,5.268162524630996e-13,kg,False
Difenoconazole,7.189457172918727e-16,kg,False
Spinosad,6.652316221868359e-17,kg,False
Thiacloprid,3.2727111169472364e-17,kg,False
Fluazifop-P-butyl,1.4171995063219738e-08,kg,False
Cyproconazole,1.755003461721187e-08,kg,False
Pymetrozine,8.591883738991127e-14,kg,False
Clomazone,5.4685448461182333e-11,kg,False
Indoxacarb,9.308378928834334e-10,kg,False
Boscalid,4.226831249262394e-15,kg,False
S-Metolachlor,6.460569951793951e-13,kg,False
Picoxystrobin,1.5490890027793604e-10,kg,False
Pyridate,1.1261955276841273e-16,kg,False
Kaolin,4.474706688795996e-16,kg,False
Pronamide,5.89261902364019e-16,kg,False
"Herbicides, unspecified",4.3335262422180135e-09,kg,False
Quizalofop-P,3.3003473854653e-18,kg,False
Paclobutrazol,4.830218770545217e-16,kg,False
Pethoxamid,2.909324069317709e-09,kg,False
Paclobutrazol,1.6655926794983508e-17,kg,False
Quinmerac,9.962710405633059e-15,kg,False
Paclobutrazol,8.875199888588407e-13,kg,False
S-Metolachlor,4.9036130775582554e-11,kg,False
Tepraloxydim,9.798043489269781e-14,kg,False
Lambda-cyhalothrin,2.6737033213008736e-08,kg,False
Clopyralid,2.119901185788979e-11,kg,False
Cyproconazole,1.0294401185733452e-17,kg,False
Bifenthrin,1.1566537347847248e-08,kg,False
Acetamiprid,1.1652365449340602e-08,kg,False
Etofenprox,3.870572657191861e-16,kg,False
Dimethenamid-P,9.331751755730012e-12,kg,False
Thiacloprid,9.490862239146979e-16,kg,False
Picloram,8.119993783104664e-14,kg,False
S-Metolachlor,2.2277827419979187e-14,kg,False
Metaldehyde,5.299143908089153e-11,kg,False
Difenoconazole,9.247071436024507e-11,kg,False
Clethodim,1.4754557897287325e-14,kg,False
Cypermethrin,1.3732656834176486e-18,kg,False
Pethoxamid,3.2440766519942793e-10,kg,False
Thiacloprid,1.997774665035987e-13,kg,False
Prothioconazole,3.798194308563343e-08,kg,False
Kaolin,3.047258980995073e-12,kg,False
Cypermethrin,1.053284596174632e-09,kg,False
Chlorpyrifos methyl,9.169424126820122e-14,kg,False
Metazachlor,1.4494519680582641e-12,kg,False
Prothioconazole,3.7812618308474755e-08,kg,False
Deltamethrin,5.007724901426344e-12,kg,False
Clomazone,5.606861966321326e-10,kg,False
Thiram,3.317484054173136e-08,kg,False
Asulam,1.3358319744791694e-17,kg,False
Thiram,3.713230764559779e-10,kg,False
Metazachlor,8.594285496518511e-11,kg,False
Clomazone,2.5558614930832093e-14,kg,False
Fluazifop-P-butyl,4.076625360141586e-11,kg,False
Boscalid,1.1119290246357745e-11,kg,False
Clethodim,2.4661726306896743e-05,kg,False
Etofenprox,1.3346802266178796e-17,kg,False
Chlorpyrifos,5.065638908606213e-08,kg,False
"Herbicides, unspecified",4.881407183971282e-16,kg,False
Quinmerac,1.001056906009985e-18,kg,False
Haloxyfop-P,6.568167547601288e-17,kg,False
Glyphosate,9.904231350842437e-12,kg,False
Terbuthylazin,2.938482581490347e-11,kg,False
Tepraloxydim,7.106691135481337e-12,kg,False
Cyproconazole,8.900347353016824e-10,kg,False
Picoxystrobin,4.306636025768689e-08,kg,False
Imazamox,1.0994082225239364e-08,kg,False
Metaldehyde,6.716607941806658e-13,kg,False
Chlorpyrifos methyl,6.215477289566659e-07,kg,False
Boscalid,1.092902204032077e-12,kg,False
Fluazifop-P-butyl,1.922194378004481e-14,kg,False
Napropamide,1.1502191100382996e-12,kg,False
Picoxystrobin,3.541015571233402e-18,kg,False
Picloram,1.7442759014636313e-17,kg,False
Dicamba,2.3794611343906385e-12,kg,False
Cypermethrin,8.740412013341727e-11,kg,False
Fluopyram,2.438981709400539e-13,kg,False
Pymetrozine,1.2591614176087602e-09,kg,False
Prothioconazole,1.411979684567557e-16,kg,False
Difenoconazole,2.0919164562186728e-09,kg,False
Quizalofop-P,9.571007417849345e-17,kg,False
Bifenthrin,4.189847343370253e-09,kg,False
Imazamox,6.305560140412507e-11,kg,False
Quinmerac,2.9030650274289556e-17,kg,False
Spinosad,3.1113060261930436e-11,kg,False
Napropamide,4.298321707245617e-11,kg,False
Mepiquat chloride,9.340212468118304e-13,kg,False
Clopyralid,5.38317535098534e-15,kg,False
Dimethenamid-P,3.217845433010362e-13,kg,False
Picoxystrobin,3.748644574651893e-14,kg,False
"Herbicides, unspecified",1.6298948426851653e-13,kg,False
Quizalofop-P,2.1685288468645747e-12,kg,False
Lambda-cyhalothrin,7.602165226203779e-10,kg,False
Mepiquat chloride,4.0856050458789644e-15,kg,False
Azoxystrobin,2.8917544196388393e-07,kg,False
Etofenprox,7.906576870212303e-14,kg,False
Chlorpyrifos methyl,1.5389781514510588e-17,kg,False
Boscalid,1.4575280169870287e-16,kg,False
Dicamba,9.438795392877592e-15,kg,False
Tepraloxydim,3.378635685955098e-15,kg,False
Thiram,1.7648664153624936e-18,kg,False
Fluopyram,1.1939712449430947e-15,kg,False
"Oils, unspecified",0.004430882943543235,kg,False
"Nitrogen, organic bound",0.00030196943214717077,kg,False
Lead II,2.4837050183311457e-07,kg,False
Arsenic ion,1.2134363750907904e-07,kg,False
Nickel II,7.491640608143218e-07,kg,False
Zinc II,4.258847525595854e-05,kg,False
tert-Butanol,2.7620158653631637e-08,kg,False
Propylene oxide,5.999480783298195e-07,kg,False
Isobutane,3.6957653097690806e-06,kg,False
tert-Butanol,1.5958313888764965e-06,kg,False
Fluorine,5.556210428925779e-06,kg,False
Oxygen,0.01744283430225438,kg,False
Hydrogen,0.002341917386322789,kg,False
Sulfur dichloride,1.265137820330415e-13,kg,False
Krypton-89,0.005692972979257842,kBq,False
Thiobencarb,1.6828506626200556e-10,kg,False
Thiabendazole,3.289239918404854e-11,kg,False
Lanthanum-140,2.6954156796991645e-07,kBq,False
Cyprodinil,5.497116465742333e-18,kg,False
Acetyl chloride,7.163114868696055e-10,kg,False
Thorium-228,3.5449443052225526e-06,kBq,False
"Transformation, from grassland, natural, for livestock grazing",0.00013561715701668238,m2,True
Potassium-40,2.1063749489223113e-05,kBq,False
Maleic hydrazide,3.759343489702053e-16,kg,False
Fentin hydroxide,3.919401363642136e-09,kg,False
Erbium,2.1485825343858893e-08,kg,True
Iodine,2.055780935987634e-07,kg,False
Triflumuron,4.443623463144112e-09,kg,False
Aluminium III,0.012077314703912797,kg,False
Methyl formate,2.2411570273484036e-10,kg,False
Dimethenamide,1.1824880854376168e-16,kg,False
Permethrin,8.117002316890357e-10,kg,False
Phenanthrene,1.517836422217047e-08,kg,False
Linuron,2.9875197939555084e-17,kg,False
"1,4-Butanediol",2.232070078219667e-09,kg,False
Mefenpyr-diethyl,8.905937755686955e-19,kg,False
Metamitron,6.048233823956487e-14,kg,False
Propanal,2.0909008551292523e-08,kg,False
Chlorotoluron,8.872021379305712e-15,kg,False
Isophoronenitrile,1.1032102385888585e-08,kg,False
"1,1,1,2-Tetrafluoroethane",4.8290757080987226e-08,kg,False
"2,4-D dimethylamine salt",1.5063076806332078e-20,kg,False
Methiocarb,2.2937042016445216e-26,kg,False
Fluoride,2.474225474285048e-05,kg,False
"Occupation, inland waterbody, unspecified",4.127089085291808e-06,m2*a,True
Cyproconazole,8.460834401363883e-11,kg,False
Metolachlor,2.8373412131137703e-13,kg,False
Metolachlor,1.156279233211749e-13,kg,False
Calcium II,5.773496347458068e-05,kg,False
Dichloromethane,1.597014326748369e-05,kg,False
Trimethyl borate,1.0051761523244574e-09,kg,False
"Occupation, pasture, man made, extensive",5.691875394662683e-10,m2*a,True
Primisulfuron,2.782343059696666e-11,kg,False
Palladium,1.247993417101441e-06,kg,True
"2,4-DB",1.4012317562943705e-17,kg,False
Thiram,2.3101627616823436e-12,kg,False
Dodecanol,5.9958609076601835e-15,kg,False
Triflumuron,6.7779525689873466e-12,kg,False
Propiconazole,7.068204910491741e-12,kg,False
"1,1,1-Trichloroethane",1.832900042827385e-08,kg,False
Lead-210,4.45582356399084e-06,kBq,False
Dipropyl amine,3.0601281546526793e-09,kg,False
Nicosulfuron,3.311601715397721e-13,kg,False
"VOC, volatile organic compounds",1.1268380384373716e-07,kg,False
Flufenacet,1.1393273179734782e-14,kg,False
Prohexadione calcium,2.406358306554778e-18,kg,False
Beta-cyfluthrin,3.819924576620679e-12,kg,False
Tributyltin compounds,2.4050569515873372e-11,kg,False
N-methyl-2-pyrrolidone,1.1626870418580482e-22,kg,False
Bifenazate,1.7708725148336128e-13,kg,False
Sulcotrione,1.4565858798764506e-26,kg,False
Pendimethalin,2.89578132414824e-07,kg,False
Glutaraldehyde,1.0709932967184319e-07,kg,False
Gibberellic acid,1.3550432116584969e-15,kg,False
Lithium I,1.5730900071992647e-08,kg,False
Tin ion,2.6967025242850875e-07,kg,False
Chromium-51,4.899214663100568e-08,kBq,False
Quizalofop-p-ethyl,1.2877210171776763e-17,kg,False
Glufosinate,8.166591787134529e-20,kg,False
Laminarin,1.7802325696659015e-14,kg,False
Bromine,3.282086928180207e-08,kg,False
Diclofop-methyl,2.3904900056444004e-12,kg,False
Vinylidene fluoride,7.677115894453086e-10,kg,False
Antimony ion,1.1839330137660713e-07,kg,False
"Discarded fish, pelagic, to ocean",1.3707187639989007e-18,kg,False
Diethylamine,5.670294193945578e-09,kg,False
Mancozeb,1.2753040619755149e-08,kg,False
"Hydrocarbons, aliphatic, alkanes, unspecified",2.4698370157150604e-05,kg,False
Naphthalene,1.352285951366737e-09,kg,False
Yttrium,3.444531290943451e-07,kg,True
"Methane, from soil or biomass stock",4.142697519860738e-05,kg,False
Potassium-40,0.00010519013827481666,kBq,False
Isopropanol,4.074549410246351e-07,kg,False
Glyphosate,2.6937265767519493e-06,kg,False
Potassium I,1.667545060932549e-05,kg,False
Flutolanil,4.457004620578777e-09,kg,False
Chlorothalonil,8.575295281067218e-14,kg,False
Tralkoxydim,4.2310145190543594e-14,kg,False
Silthiofam,5.4252205408922e-13,kg,False
Methyl acrylate,2.7019666259419177e-09,kg,False
Thorium-232,0.00035765722136287464,kBq,False
Metsulfuron-methyl,3.576639692116403e-13,kg,False
Dimethylamine,1.3727564970239792e-10,kg,False
2-Methyl-2-butene,2.376500285148977e-13,kg,False
Kaolinite,0.020143963465630542,kg,True
Maleic hydrazide,2.4802371986629005e-08,kg,False
"Occupation, permanent crop, non-irrigated, intensive",0.0016128206159146737,m2*a,True
Propamocarb HCl,1.9660363439283243e-10,kg,False
Aluminium III,9.787048123429675e-05,kg,False
Sulfate,8.990488509743547e-05,kg,False
Lead-210,0.2439709803795318,kBq,False
Trimethylchlorosilane,1.6643574179043882e-08,kg,False
Samarium,2.0219653594199254e-05,kg,True
Chlormequat,2.2248096344397572e-09,kg,False
Quizalofop-p-ethyl,1.0221512108256795e-09,kg,False
Tribenuron,2.0671037762424898e-09,kg,False
Acrylate,7.590717320641633e-09,kg,False
Acrinathrin,1.2402272045626854e-21,kg,False
Bentazone,2.1044242289829354e-08,kg,False
Strontium II,1.4175158937860485e-05,kg,False
Dichlorofluoromethane,5.4375085366060563e-11,kg,False
Tembotrione,1.4646093745170016e-12,kg,False
Isobutanol,1.2204278035889543e-09,kg,False
Benzo(b)fluoranthene,4.130048588581403e-13,kg,False
Vanadium,6.332429169537605e-07,kg,True
"Transformation, from river, natural (non-use)",0.0001306205708948075,m2,True
Tin ion,1.0082547976020895e-25,kg,False
Cyprodinil,6.674763627895966e-14,kg,False
Tritosulfuron,1.8979496177420606e-18,kg,False
"Occupation, forest, intensive",2.4131350296256557,m2*a,True
Copper oxide,1.2574968026865177e-13,kg,False
Copper oxychloride,1.1014292955858106e-09,kg,False
"Pesticides, unspecified",3.783735597882772e-09,kg,False
Molybdenum VI,2.4114840175841212e-05,kg,False
Mercury II,9.87267229460945e-09,kg,False
Chlorantraniliprole,5.146615461472161e-15,kg,False
Diuron,1.4895273908217297e-10,kg,False
2-Aminopropanol,9.900863924332962e-10,kg,False
Kresoxim-methyl,4.0623540485124745e-18,kg,False
Nitrogen,1.777595876813306e-09,kg,False
Mancozeb,1.9097142456625276e-09,kg,False
"Transformation, from heterogeneous, agricultural",0.0017501482738267642,m2,True
Prochloraz,1.7340817063686305e-17,kg,False
"Fungicides, unspecified",2.476163122593986e-16,kg,False
Fluthiacet-methyl,5.292134512219999e-10,kg,False
Procymidone,5.358940904265432e-12,kg,False
Methiocarb,2.5058878593105217e-21,kg,False
Acephate,1.8385785180759933e-06,kg,False
Paraquat,5.8619422834664975e-08,kg,False
Ametoctradin,1.332975721889144e-15,kg,False
Diquat,1.1302142333198129e-07,kg,False
"Transformation, from forest, primary (non-use)",4.602114887305441,m2,True
"Transformation, to wetland, inland (non-use)",3.1427519475262906e-19,m2,True
Benzovindiflupyr,2.3908808290203678e-18,kg,False
Cerium-141,7.645487242416721e-07,kBq,False
Thifensulfuron,3.045220967432207e-13,kg,False
Calcium II,0.028875554627751324,kg,False
Trifluoromethane,1.2812959639882171e-08,kg,False
t-Butyl amine,2.991173048764989e-09,kg,False
2-Aminopropanol,4.0838786441406995e-10,kg,False
Methoxyfenozide,3.0791383199212827e-09,kg,False
"Chlorinated solvents, unspecified",7.252894491076837e-08,kg,False
Xenon-137,0.015576073703916945,kBq,False
Strontium-90,0.0018926019010606534,kBq,False
Chlorantraniliprole,5.397861042281158e-12,kg,False
Krypton,1.0564770406781317e-14,kg,True
Chlorosulfonic acid,5.909518085072167e-10,kg,False
Fluroxypyr,7.150887971197652e-16,kg,False
Hexamethylenediamine,2.18635652233605e-09,kg,False
Diuron,5.8888292195277655e-09,kg,False
Potassium,0.0018470608244403298,kg,True
Fluroxypyr,5.977703464988036e-16,kg,False
Metrafenone,4.3104084909342105e-18,kg,False
Phosphine,6.874906342736893e-11,kg,False
Sulfuric acid,2.6866660823173994e-06,kg,False
"Aldehydes, unspecified",7.862688675595852e-09,kg,False
Pyroxsulam,8.970848599358072e-17,kg,False
Phosphorus trichloride,2.936555454238582e-17,kg,False
Diflubenzuron,5.991701090448846e-11,kg,False
Isophorone,9.76193808024706e-09,kg,False
Radium-224,0.04172793061626352,kBq,False
Chlorine,1.2003389686627407e-06,kg,False
Chloridazon,2.8460056984523384e-15,kg,False
Diazinon,9.043526246243824e-09,kg,False
Hexachloroethane,3.245461461892559e-12,kg,False
Linuron,9.787838111939389e-08,kg,False
Urea,9.891611556191814e-12,kg,False
"Transformation, from pasture, man made, extensive",1.1383921547294789e-11,m2,True
Pydiflumetofen,4.305645729185111e-09,kg,False
Pyraclostrobin,4.140790534791417e-11,kg,False
Tetramethyl ammonium hydroxide,1.1417044535900703e-10,kg,False
Metribuzin,6.121746285853511e-12,kg,False
Silver I,9.923407994355177e-08,kg,False
Azoxystrobin,6.890640902782889e-11,kg,False
"Volume occupied, final repository for low-active radioactive waste",4.912817688600573e-07,m3,True
Cinidon-ethyl,5.152286337023918e-16,kg,False
Hydroxide,2.380461196888861e-06,kg,False
"1,1-Difluoroethane",1.421998535357486e-09,kg,False
Pinoxaden,7.957219702661257e-18,kg,False
Sulfate,0.0028184340023787655,kg,False
Lithium carbonate,1.2457890251340727e-09,kg,False
Tefluthrin,1.8478604791888215e-10,kg,False
"Radioactive species, other beta emitters",0.006397697563040044,kBq,False
"Occupation, forest, extensive",86.36726885702751,m2*a,True
Propylene oxide,4.225594124060252e-07,kg,False
Oxyfluorfen,4.457093620669159e-17,kg,False
MCPB,1.8990040505272214e-20,kg,False
"Transformation, from forest, secondary (non-use)",0.00047530499006543194,m2,True
"Hydrocarbons, unspecified",3.252019763880032e-10,kg,False
Florasulam,2.17088064147798e-13,kg,False
Cyanide,1.2709659828974583e-09,kg,False
"1,3-Dichloropropene",2.1935950658003665e-11,kg,False
Clodinafop-propargyl,1.292182294727638e-16,kg,False
Radium-226,1.0055593822405677,kBq,False
Triasulfuron,9.667675816200852e-14,kg,False
Imidacloprid,3.1271954355207185e-15,kg,False
Ethephon,2.4276442350928544e-20,kg,False
Endosulfan,3.226248888724636e-07,kg,False
Vinyl chloride,5.779952634399944e-09,kg,False
Rhenium,6.934877498951409e-07,kg,True
Methyl methacrylate,3.97386382652607e-08,kg,False
t-Butyl methyl ether,2.480759558946065e-07,kg,False
Ioxynil,5.553027535805685e-16,kg,False
Methanesulfonic acid,4.890551331264362e-10,kg,False
Dimethomorph,1.983395219331364e-16,kg,False
Fluosilicic acid,3.3094259358201344e-07,kg,False
Fomesafen,1.0125784220649819e-07,kg,False
Diafenthiuron,8.971169114366351e-11,kg,False
Trioctyltin,1.0341074847200919e-26,kg,False
Kresoxim-methyl,4.920587056032366e-14,kg,False
Cobalt,0.001031596176562816,kg,True
Hydrogen peroxide,1.5192011317208126e-05,kg,False
Haloxyfop-ethoxyethyl,2.6064315440784296e-09,kg,False
Alpha-cypermethrin,3.104483942462195e-12,kg,False
Quizalofop-p-ethyl,1.597807683521466e-18,kg,False
Zinc II,-8.585558882917156e-08,kg,False
Manganese-54,2.50894038110365e-08,kBq,False
Benzo(ghi)perylene,2.1959274770051924e-06,kg,False
Bensulfuron methyl ester,3.5647115930998833e-12,kg,False
Monochloroethane,2.8138120706541202e-11,kg,False
Strontium II,4.270309687807024e-07,kg,False
Pyraclostrobin,3.375720019593354e-08,kg,False
Novaluron,2.2768567568854897e-18,kg,False
Phenyl isocyanate,1.53188099430188e-10,kg,False
Trifluralin,6.243541036652873e-13,kg,False
"Transformation, to forest, secondary (non-use)",9.924479834293518e-20,m2,True
"2,4-Dichlorophenol",1.3013159336224409e-11,kg,False
Spirotetramat,4.468295660222713e-13,kg,False
Ketene,1.404466337309909e-07,kg,False
Silicon,0.05568392930252695,kg,True
Diethylene glycol,1.720508119352396e-14,kg,False
Metrafenone,4.709151379832176e-13,kg,False
Dipropyl amine,1.2750347942175995e-09,kg,False
o-Nitrotoluene,8.047145157896866e-10,kg,False
Silver I,5.6484089462012245e-08,kg,False
Dodecanol,2.4455128129510973e-18,kg,False
"Transformation, to seabed, drilling and mining",0.0013922912857339612,m2,True
Cumene,0.00012068913731972105,kg,False
Sodium chlorate,3.0183299133423475e-07,kg,False
Hydrogen fluoride,2.071172805850449e-08,kg,False
"Chlorides, unspecified",0.0007798701531017447,kg,False
Propaquizafop,6.322168699872818e-13,kg,False
Polonium-210,0.001333152267795576,kBq,False
Triflumuron,2.2401802797054393e-10,kg,False
Nitrate,1.1134066874742217e-05,kg,False
Isoxaflutole,1.447874734308738e-15,kg,False
Thiophanate-methyl,1.027151947258143e-07,kg,False
Esfenvalerate,1.6629072215855644e-09,kg,False
Polonium-210,6.77995811070713e-06,kBq,False
Sulfur,6.2319763725147115e-06,kg,False
Dimethomorph,1.5675794489416294e-12,kg,False
Lambda-cyhalothrin,2.217129602650385e-13,kg,False
Copper oxychloride,1.2680898163031607e-11,kg,False
Nicosulfuron,2.198633877600386e-12,kg,False
Profenofos,2.055766256516092e-07,kg,False
Lithium hexafluorophosphate,7.846945365614263e-10,kg,False
Prochloraz,9.381429411974132e-11,kg,False
Butyric acid,4.53608327493367e-11,kg,False
Acetic acid,1.6225923606557793e-07,kg,False
Benzyl alcohol,2.76225997345034e-10,kg,False
Ytterbium,2.122056824084831e-08,kg,True
Manganese II,2.2472657196265955e-06,kg,False
Isoprene,9.747523576142924e-08,kg,False
Simazine,3.7851461862692375e-11,kg,False
Pentachlorophenol,8.518636244794239e-11,kg,False
Dichloromethane,6.128780665527335e-10,kg,False
Isoxaflutole,6.61642732698659e-18,kg,False
Phosphoric acid,8.611385912179642e-15,kg,False
Epoxiconazole,3.467619550732092e-11,kg,False
Pyraclostrobin,4.195250471975972e-17,kg,False
Carfentrazone-ethyl,2.7155395336745215e-17,kg,False
Carbon tetrachloride,1.977351273586528e-10,kg,False
Plutonium-238,1.2476370074031124e-11,kBq,False
Thifensulfuron,2.7374818170454415e-12,kg,False
Titanium ion,0.00013301032177200195,kg,False
Fenpropidin,2.4969283968079822e-17,kg,False
Mandipropamid,1.8061151466589338e-14,kg,False
Organic carbon,1.5905282817623636e-06,kg,False
Flumetsulam,1.9005170040828095e-09,kg,False
Metam-sodium,4.044216362950272e-06,kg,False
Sulfur,0.0007673746142935184,kg,False
Rimsulfuron,2.0108465013154654e-14,kg,False
MCPA,2.4416963333685814e-20,kg,False
Diflufenican,1.768251615541041e-10,kg,False
"Carbon dioxide, to soil or biomass stock",0.0003275716422971465,kg,False
"Xylenes, unspecified",2.4956829646802782e-05,kg,False
Gold,3.19306781091299e-06,kg,True
t-Butyl methyl ether,3.824812031621947e-10,kg,False
Ethyl acetate,3.756674644793302e-05,kg,False
Copper ion,6.949006786879132e-06,kg,False
"Insecticides, unspecified",1.45214718133667e-15,kg,False
Haloxyfop-ethoxyethyl,3.443359104103614e-12,kg,False
Iodosulfuron-methyl-sodium,4.615167762837157e-17,kg,False
Trimethylamine,4.4221949917877126e-10,kg,False
Isopropanol,2.408416084928499e-05,kg,False
Sodium tetrahydridoborate,3.1605279852852232e-12,kg,False
Amisulbrom,4.1322247378563406e-14,kg,False
"Particulate Matter, > 2.5 um and < 10um",0.0005017566850101649,kg,False
Quizalofop-p-ethyl,2.9039554134969443e-11,kg,False
Rimsulfuron,4.80259501058072e-17,kg,False
Metsulfuron-methyl,1.8937070385274707e-10,kg,False
Uranium-238,7.541680044288172e-07,kBq,False
Pendimethalin,1.234117689118678e-09,kg,False
Aclonifen,7.94989000446755e-09,kg,False
Diquat,3.186219515788973e-14,kg,False
Cloquintocet-mexyl,3.7630863475888344e-20,kg,False
Xenon-138,0.11626477849334184,kBq,False
Amisulbrom,1.516217944029672e-16,kg,False
Zinc II,1.0666271464588709e-06,kg,False
Chromium VI,5.010962496937786e-11,kg,False
Lead II,3.122555138138999e-06,kg,False
Bixafen,4.632344081296883e-16,kg,False
Sulfur trioxide,6.63655135024758e-05,kg,False
Epoxiconazole,3.3750138756516115e-10,kg,False
Phosmet,4.50887756126767e-09,kg,False
Dodecanol,3.4028410419389484e-10,kg,False
Phosphorus pentachloride,1.1494019353849641e-08,kg,False
Pyroxsulam,3.755981814235594e-14,kg,False
"Transformation, to pasture, man made, extensive",1.1383921547294789e-11,m2,True
Sulfentrazone,5.504759653740435e-10,kg,False
Fluosilicic acid,4.237380203114571e-05,kg,False
Pinoxaden,2.307593713771756e-16,kg,False
Formamide,1.6676603712218113e-09,kg,False
Ametoctradin,4.8910256259021746e-18,kg,False
Fluoxastrobin,4.0244384918765073e-13,kg,False
Sodium methoxide,3.795956041007054e-08,kg,False
Scandium,3.8338076793998916e-07,kg,False
Tembotrione,1.755811628572777e-10,kg,False
Magnesium,5.934403127600724e-16,kg,False
Thiram,1.6326844639976267e-11,kg,False
Cyhalothrin,4.2007941388018294e-13,kg,False
Sodium I,0.00014653796198998224,kg,False
Polonium-210,0.00015639742677552035,kBq,False
Thionyl chloride,4.2411663170819686e-13,kg,False
Chlorosulfonic acid,2.6626156250738773e-12,kg,False
Mesotrione,4.879238405974873e-15,kg,False
Cyanoacetic acid,4.839586502770735e-10,kg,False
"Carboxylic acids, unspecified",0.0006177391333425576,kg,False
Thiodicarb,2.4231916723748247e-11,kg,False
Spiroxamine,7.864354817132321e-16,kg,False
Oxyfluorfen,1.4927934637606599e-09,kg,False
Acenaphthylene,5.985233962533548e-09,kg,False
Indium,1.307598758352527e-06,kg,True
"2,4-D",6.059158628793176e-10,kg,False
Trinexapac-ethyl,6.033502493350289e-13,kg,False
Acetylene,4.528992347506672e-07,kg,False
"Transformation, to grassland, natural (non-use)",4.58328470683484,m2,True
"1,4-Butanediol",5.133758602726977e-09,kg,False
Metalaxyl-M,3.834978417690281e-14,kg,False
Sulfur trioxide,2.045277840167879e-05,kg,False
Diquat,1.0986963847548121e-15,kg,False
"Transformation, to traffic area, rail network",0.00010236161122659336,m2,True
Amidosulfuron,9.433277694127007e-19,kg,False
Aldicarb,3.6511996669574676e-08,kg,False
Cyproconazole,2.2292668563124124e-11,kg,False
Chloropicrin,1.322909018197256e-17,kg,False
Dodecanol,6.66487860944572e-16,kg,False
Lanthanum,0.0005796229737106664,kg,True
Copper ion,-2.7271687106769294e-08,kg,False
Carbon,2.1555217153684526e-06,kg,False
Sulfentrazone,2.224650464963551e-07,kg,False
Cupric hydroxide,5.2031279827990644e-14,kg,False
"Volume occupied, final repository for radioactive waste",7.643098319716174e-08,m3,True
Phosphorus oxychloride,8.51796924490286e-11,kg,False
Benzovindiflupyr,1.7806166877761263e-09,kg,False
Chlorosulfonic acid,1.4736321184537611e-09,kg,False
Benalaxyl-M,6.407243569931864e-16,kg,False
Sethoxydim,5.325283387515086e-10,kg,False
Kieserite,1.59177896474484e-05,kg,True
"2-Chloro-1,1,1,2-tetrafluoroethane",5.081236276402603e-07,kg,False
Thiodicarb,8.370377437208622e-09,kg,False
Nicosulfuron,1.3117188201166615e-14,kg,False
"Hydrocarbons, aliphatic, unsaturated",4.483399294986834e-18,kg,False
Azadirachtin,1.249759228289212e-07,kg,False
Mesosulfuron-methyl (prop),3.228905821530556e-14,kg,False
Cyclopropene,1.5906889187574803e-07,kg,False
"Dioxins, measured as 2,3,7,8-tetrachlorodibenzo-p-dioxin",1.2354098092021566e-13,kg,False
Benzal chloride,3.6778357646396037e-07,kg,False
Allyl chloride,6.869883982907267e-09,kg,False
Glufosinate,2.91747571898547e-09,kg,False
Vinclozolin,1.7862944538936084e-12,kg,False
Lactofen,1.4331896056095171e-08,kg,False
Silver I,2.6568607836550406e-11,kg,False
"Wood, hard, standing",0.04332855773262428,m3,True
Chloroform,1.4819453606564068e-07,kg,False
"Occupation, arable land, unspecified use",8.779056445505115e-06,m2*a,True
Mefentrifluconazole,1.5293037649581725e-12,kg,False
Novaluron,1.7995172245503463e-14,kg,False
"Gas, mine, off-gas, process, coal mining",0.21159328574394204,m3,True
Ethephon,3.040424724837588e-15,kg,False
Triphenyltin,4.394956810060391e-27,kg,False
Sodium dichromate,6.112898087510812e-09,kg,False
Amisulbrom,5.228337738033345e-18,kg,False
Butanol,9.416324089755488e-10,kg,False
Boron,6.841116121744917e-05,kg,True
"Oils, non-fossil",2.8976801604203095e-05,kg,False
Metsulfuron-methyl,5.239135881893348e-16,kg,False
Benthiavalicarb,8.813185455728553e-18,kg,False
Methylamine,2.6064797404451464e-09,kg,False
"Transformation, from annual crop, irrigated",0.008226814794127532,m2,True
"Oils, non-fossil",3.7249005989986744e-10,kg,False
Methomyl,2.175982686114643e-22,kg,False
Fluquinconazole,1.510165241932416e-14,kg,False
"2,4-D ester",7.93698695239558e-11,kg,False
Metalaxil,5.47577940630677e-08,kg,False
Propanil,7.862952773909969e-10,kg,False
Phosphorus pentafluoride,1.3144788169535167e-09,kg,False
Metalaxyl-M,2.4104839643622795e-10,kg,False
Monobutyltin (III),4.007166503290356e-26,kg,False
Quintozene,2.4595990008109077e-08,kg,False
Ammonia,7.256414529941676e-08,kg,False
Aclonifen,9.382117532230502e-13,kg,False
"N,N-Dimethylformamide",6.989366015818929e-12,kg,False
Pyroxsulam,3.0933960687441716e-18,kg,False
Prothioconazole,6.795727370086982e-11,kg,False
Mecoprop-P,9.657017310324147e-15,kg,False
Methoxyfenozide,3.479663184221035e-11,kg,False
Fluxapyroxad,8.608526099266574e-18,kg,False
Beta-cyfluthrin,7.556955580295084e-09,kg,False
Tin,0.001864775915537952,kg,True
Sodium formate,2.0854202249742553e-08,kg,False
Pendimethalin,5.859584314337483e-13,kg,False
Diuron,1.1060311404820133e-07,kg,False
"Transformation, to dump site, inert material landfill",0.011934377736861465,m2,True
"Pesticides, unspecified",1.797470492479705e-10,kg,False
Mancozeb,1.1604211281537054e-14,kg,False
Iron ion,2.8855950837567004e-05,kg,False
Azoxystrobin,2.5961285276529976e-10,kg,False
Fluazinam,9.449339629145207e-11,kg,False
Sulfuric acid,4.668443596861699e-06,kg,False
Isoproturon,5.638702352568307e-17,kg,False
Monoethanolamine,1.9123509360400927e-07,kg,False
"Occupation, grassland, natural, for livestock grazing",2.355777013155675e-10,m2*a,True
Fludioxonil,6.382922486493857e-10,kg,False
Methacrylamide sulfate,8.494534783754849e-07,kg,False
Aluminium III,0.002290302548362737,kg,False
Carbendazim,2.598491986287753e-10,kg,False
Emamectin benzoate,3.0349317794909166e-13,kg,False
Diflubenzuron,2.6001851343013207e-13,kg,False
Uranium,1.1075790969938923e-11,kg,False
Carfentrazone-ethyl,3.095847503169137e-11,kg,False
Butyrolactone,8.877013992759043e-10,kg,False
Silver,0.00016014811231542068,kg,True
Sulcotrione,1.7686302468749356e-22,kg,False
Methyl isobutyl ketone,9.97311914101463e-10,kg,False
"1,1,1-Trichloroethane",4.06605586796174e-18,kg,False
Sodium formate,5.010094930730833e-08,kg,False
Fipronil,1.0065578340037586e-09,kg,False
Sodium,1.8376805308527357e-05,kg,True
Gypsum,2.3431904745330794,kg,True
"Hydrocarbons, aromatic",0.00013370057877011202,kg,False
Manganese II,8.429100312013275e-06,kg,False
Fluorene,6.744003391481021e-09,kg,False
Tetrachloroethylene,1.4428106862509192e-10,kg,False
Florasulam,2.33991485107217e-14,kg,False
Rubidium,2.5539858258663705e-06,kg,False
Prochloraz,5.9795920909263e-19,kg,False
Manganese II,6.354798025230326e-06,kg,False
Mandipropamid,6.227983264341134e-16,kg,False
"1,1,2-Trichloro-1,2,2-trifluoroethane",5.081236276402603e-07,kg,False
Butadiene,2.3245578993859924e-10,kg,False
Bixafen,1.939562438274168e-13,kg,False
Spiromesifen,5.109380356894391e-13,kg,False
Imidacloprid,3.3989936318988923e-09,kg,False
Holmium,8.222970193328716e-09,kg,True
Difenoconazole,7.990729830258054e-12,kg,False
Dissolved solids,2.0611262176320578e-09,kg,False
Propamocarb,2.2423984081480077e-11,kg,False
Sodium I,2.7641915206732094e-05,kg,False
"Occupation, traffic area, rail/road embankment",1.8093091496857108,m2*a,True
Ethylene oxide,1.9559744170617455e-08,kg,False
Nitric acid,3.478186008073175e-11,kg,False
Silicon,2.453812146649518e-05,kg,False
Thiabendazole,2.719321542806186e-13,kg,False
Bromoxynil,1.326867823223347e-18,kg,False
Magnesium,0.03150692067267347,kg,True
Mesotrione,5.644449886278423e-15,kg,False
Dimethomorph,5.751846136060967e-15,kg,False
Diquat,8.683563702189072e-12,kg,False
Molybdenum,0.0068992548604378855,kg,True
Chlormequat chloride,5.773147270197404e-13,kg,False
Fluxapyroxad,1.0452730491570206e-13,kg,False
Pentachlorobenzene,1.3462530887735544e-13,kg,False
Octaethylene glycol monododecyl ether,2.0222082638926023e-09,kg,False
Famoxadone,2.948094268395608e-13,kg,False
Flumiclorac-pentyl,3.2349134795979234e-09,kg,False
Tritosulfuron,2.304547330410788e-14,kg,False
Carbaryl,1.3380142574733403e-18,kg,False
Pendimethalin,1.3018728306589393e-14,kg,False
Captan,5.67020838707173e-13,kg,False
Scandium,6.966812136485684e-12,kg,False
Thiophanate-methyl,6.251620688029391e-10,kg,False
tau-Fluvalinate,2.0476816593335897e-35,kg,False
Thallium I,3.78980318777887e-10,kg,False
"Dioxins, measured as 2,3,7,8-tetrachlorodibenzo-p-dioxin",2.27977827409727e-11,kg,False
Linuron,3.779988619390105e-21,kg,False
Prohexadione calcium,2.921872403536224e-14,kg,False
Paraffins,5.206618602976204e-10,kg,False
Simazine,8.67686224715918e-10,kg,False
Phorate,4.09464413676175e-08,kg,False
Abamectin,1.9776713591702478e-11,kg,False
Cadmium II,6.769625790794602e-08,kg,False
Sulfur hexafluoride,1.9039082406398187e-14,kg,False
Trinexapac-ethyl,1.4410084982585377e-15,kg,False
Fenoxaprop-P,1.721578153041188e-13,kg,False
Bromate,7.963132900983595e-09,kg,False
Teflubenzuron,8.601458859345208e-20,kg,False
Phenol,7.935672356491708e-08,kg,False
Thiencarbazone-methyl,8.841512425032485e-18,kg,False
"1,1-Difluoroethane",9.271006159176757e-07,kg,False
Trichloroethylene,6.204255583298966e-11,kg,False
Metosulam,1.8494998505746556e-14,kg,False
TCMTB,3.817808872157136e-07,kg,False
"Discarded fish, demersal, to ocean",4.18229105003384e-28,kg,False
Sulfentrazone,9.11309171703356e-12,kg,False
Dicamba,9.792667389350978e-14,kg,False
Emamectin benzoate,8.833102191482192e-10,kg,False
Epoxiconazole,1.9324368321569932e-12,kg,False
Methylchloride,9.385602859921633e-08,kg,False
Chrysene,2.2480011304936744e-12,kg,False
Flurochloridone,1.6477148885499833e-15,kg,False
Benalaxyl-M,2.2093943344592552e-17,kg,False
Glufosinate,2.3683116182690045e-18,kg,False
Beryllium II,1.3815676075006206e-10,kg,False
Helium,0.0002401959066632057,kg,False
Butadiene,1.2873283383886498e-12,kg,False
Cerium,0.0012560680926125185,kg,True
Clothianidin,7.135273148742561e-23,kg,False
Chromium VI,6.239647502299706e-08,kg,False
Acephate,4.7290260465418777e-07,kg,False
Cyclohexane,1.624357873090037e-07,kg,False
Silicon dioxide,1.3363606264823178,kg,True
Furan,1.2313956336028715e-16,kg,False
Chlormequat chloride,4.754574796555222e-17,kg,False
"Indeno(1,2,3-cd)pyrene",6.386762901751409e-13,kg,False
Silver I,6.792503793929719e-10,kg,False
Methyl formate,5.613524243073802e-10,kg,False
Chloroacetyl chloride,1.3204324545259842e-09,kg,False
"Transformation, to permanent crop, non-irrigated, intensive",0.0017919833038556926,m2,True
Methyl acrylate,7.565039000082576e-08,kg,False
Cypermethrin,7.987601850310199e-14,kg,False
"Transformation, from permanent crop",0.0010256039953045974,m2,True
Vinylidene chloride,8.57927593183536e-09,kg,False
Thiabendazole,3.708220989018745e-12,kg,False
Pyrene,1.3784254993957333e-08,kg,False
Methanol,3.1363924930601033e-06,kg,False
Metalaxyl-M,1.8943216381666447e-12,kg,False
Pentachlorophenol,1.21679384675772e-09,kg,False
Oxyfluorfen,5.546605394610544e-18,kg,False
Benz(a)anthracene,3.4852730705328296e-12,kg,False
Dimethoate,6.6482578169662905e-09,kg,False
Xenon,1.2394423382257412e-15,kg,True
Caesium-137,0.017022843914567896,kBq,False
Strontium,1.9766967410803158e-05,kg,True
Plutonium-alpha,2.860049241546965e-11,kBq,False
Iodine,1.8587746292040868e-13,kg,False
Rimsulfuron,6.32418731438926e-10,kg,False
Carbendazim,2.1218823926156595e-09,kg,False
Thiamethoxam,2.4522385894797126e-07,kg,False
Tin ion,4.5713712808501997e-08,kg,False
Beta-cyfluthrin,5.979734807161154e-11,kg,False
Aluminium III,0.00015627078197638517,kg,False
Thiophanate-methyl,1.2813153516826503e-08,kg,False
Pyraflufen-ethyl,4.4693854857381883e-20,kg,False
Nicosulfuron,1.4471687961107762e-10,kg,False
Chromium III,7.219395346950335e-10,kg,False
Alkylbenzene (c10-c15),3.7820938783012457e-10,kg,False
Imidacloprid,2.78742633306675e-07,kg,False
Isopropylamine,1.3738344553435059e-09,kg,False
Pyrethrins,1.3479120509060622e-14,kg,False
Fluazinam,6.338729236736212e-10,kg,False
Thorium-232,0.00010172141156187593,kBq,False
"Volume occupied, underground deposit",7.376094726930036e-06,m3,True
"Fish, demersal, in ocean",3.345853212707825e-27,kg,True
Dichlorprop,1.3533469507995398e-20,kg,False
Chlorothalonil,2.3979565821677104e-11,kg,False
Europium,5.0375268791903065e-06,kg,True
2-Nitrobenzoic acid,9.319025646986318e-10,kg,False
"2,4-D",5.771757867907936e-08,kg,False
Titanium ion,7.158029280420405e-06,kg,False
Desmedipham,2.980333125805158e-19,kg,False
Chlorodifluoromethane,1.5774571662720523e-08,kg,False
Bromoxynil,2.0190005932955865e-15,kg,False
Carfentrazone-ethyl,1.0927975888500055e-09,kg,False
Isobutanol,2.928976319394169e-09,kg,False
Ethoprop,2.2649683631918663e-08,kg,False
Trifluralin,5.313899364614259e-07,kg,False
Metsulfuron-methyl,1.0098793200083641e-11,kg,False
Flurochloridone,3.605699327710143e-13,kg,False
Pirimicarb,3.2405485965165426e-10,kg,False
t-Butyl methyl ether,2.5038588261662393e-06,kg,False
Trifluralin,3.4489824529850906e-19,kg,False
Sulfadiazine,2.7927716252962908e-11,kg,False
Bicyclopyrone,2.0261085062783466e-12,kg,False
Phosphorus,1.6747134669715787e-07,kg,False
"Transformation, to forest, extensive",0.6643635962886006,m2,True
Thiamethoxam,3.665335399677311e-11,kg,False
Borate,1.215984416155843e-07,kg,False
Organic carbon,5.097979929998403e-06,kg,False
Tefluthrin,6.8672956571144046e-15,kg,False
Flufenacet,3.7359079177337446e-12,kg,False
Ethanol,2.6951642963793852e-08,kg,False
Carbonate,0.000924110318353442,kg,False
Mesotrione,2.5963418805834016e-08,kg,False
Acenaphthene,7.809722091557526e-09,kg,False
Magnesium,0.00010796174203005974,kg,False
Alpha-cypermethrin,1.2920277764324517e-14,kg,False
Radium-226,4.997813537528476e-06,kBq,False
Isoproturon,1.6352236822448022e-15,kg,False
Sulfate,9.184748266431976e-05,kg,False
Beryllium II,1.2657979612022354e-08,kg,False
Laminarin,5.3639318580749443e-17,kg,False
Maleic hydrazide,1.0902096120135906e-14,kg,False
Methyl lactate,1.0962265326269957e-09,kg,False
"2,4-DB",1.5374954686432986e-21,kg,False
Aniline,1.2218734177822943e-08,kg,False
Chlorotoluron,3.714715296806952e-12,kg,False
Flupyrsulfuron-methyl sodium,1.2191433776171168e-14,kg,False
Propaquizafop,2.985644698225668e-16,kg,False
Pinoxaden,9.661894737267113e-14,kg,False
Thiamethoxam,1.9978084346193086e-09,kg,False
Chloridazon,1.0442715927988733e-17,kg,False
Fenoxaprop,4.033618965806535e-09,kg,False
Polychlorinated biphenyls,1.8946217584574617e-11,kg,False
Dichloroethylene,1.56519546768949e-08,kg,False
Tetraconazole,6.88099152155963e-09,kg,False
"Transformation, from dump site, inert material landfill",0.011934377736861465,m2,True
Fenoxaprop-P,1.575805169580283e-18,kg,False
Bifenox,1.0376064324693765e-12,kg,False
MCPA,1.1622347917901686e-14,kg,False
Ethanol,1.426973033230347e-07,kg,False
"Occupation, seabed, drilling and mining",0.0013922912857339612,m2*a,True
Carbendazim,9.942718957126804e-07,kg,False
Molinate,3.035901347875818e-10,kg,False
Ethalfluralin,2.6553107389362084e-11,kg,False
Acetic anhydride,1.4360657338040898e-08,kg,False
Cyprodinil,4.01773966870102e-10,kg,False
Bentazone,2.964568291830572e-11,kg,False
"Transformation, to annual crop, non-irrigated, extensive",1.8530116879557645e-05,m2,True
Fipronil,1.0240249626925119e-06,kg,False
Helium,2.359007162400506e-06,kg,False
Zoxamide,1.7587685001035512e-12,kg,False
"2,4-D dimethylamine salt",6.946573836438818e-19,kg,False
"Transformation, to cropland fallow (non-use)",0.0003515822288450205,m2,True
Cupric hydroxide,6.4587162301542e-18,kg,False
Fluxapyroxad,2.4626470065305872e-14,kg,False
Sulcotrione,4.224099051641699e-25,kg,False
Ethylene diamine,8.620557692910982e-09,kg,False
Pyraflufen-ethyl,3.5323856630062314e-16,kg,False
Carfentrazone-ethyl,1.6705868470101812e-12,kg,False
"Radioactive species, Nuclides, unspecified",0.08881483781513683,kBq,False
Basalt,0.017901121727007915,kg,True
Thiamethoxam,3.460542533432263e-08,kg,False
Tetrafluoromethane,2.1854931413660746e-08,kg,False
"Occupation, grassland, natural (non-use)",343.7463530126131,m2*a,True
Chlorimuron-ethyl,6.467203229764548e-08,kg,False
Bromine,0.00011577309326747707,kg,False
Anthranilic acid,7.184401652108875e-10,kg,False
Diflubenzuron,1.0362941292366798e-06,kg,False
Aniline,5.065022722858285e-09,kg,False
Lenacil,2.6372174863068433e-19,kg,False
Silicon,0.00016942548086945603,kg,False
Strontium II,0.001135317666092018,kg,False
Flurochloridone,3.2434248622958046e-12,kg,False
Boron,2.8012323562167333e-05,kg,False
Lactic acid,2.396538503781157e-09,kg,False
Acetone cyanohydrin,1.3851024569931418e-06,kg,False
Acifluorfen,3.977578168299774e-08,kg,False
Lufenuron,3.821396641380683e-11,kg,False
Cloransulam-methyl,5.194853314894542e-09,kg,False
Iron ion,0.0030539637749596527,kg,False
Propanal,1.2856681095292784e-09,kg,False
Prothioconazole,1.241079067216103e-11,kg,False
Sulfosulfuron,5.75841824232834e-20,kg,False
Acetochlor,1.7475433420538913e-07,kg,False
Diclofop,2.1123304107645314e-12,kg,False
Lead-210,0.1571019073903185,kBq,False
Barium II,1.1923342694568533e-05,kg,False
Chrysene,1.4639516513367944e-06,kg,False
"Transformation, from seabed, infrastructure",6.059676905547288e-07,m2,True
Monoethanolamine,6.247618443398942e-05,kg,False
Phenoxy compounds,3.2906138608759126e-15,kg,False
Copper oxide,1.5910601204020862e-17,kg,False
Carfentrazone-ethyl,1.4590131933945336e-08,kg,False
Flupyrsulfuron-methyl sodium,2.911734883143085e-17,kg,False
Pyraflufen-ethyl,1.850866039626103e-07,kg,False
Beryllium II,1.3621882359216426e-07,kg,False
Metsulfuron-methyl,6.619649568990073e-17,kg,False
Chromium III,6.127585128981852e-08,kg,False
Chlorantraniliprole,3.5450760960187834e-11,kg,False
Quizalofop-p-ethyl,1.562792640641303e-12,kg,False
Atrazine,5.6547108284582726e-14,kg,False
Chlorsulfuron,9.667675816200852e-14,kg,False
Benzo(k)fluoranthene,8.10926747373754e-07,kg,False
Bromomethane,1.7450668250198109e-22,kg,False
Pyrimethanil,1.429368153724485e-12,kg,False
Fludioxonil,9.445940245487564e-14,kg,False
Ethyl benzene,6.8549245020994675e-06,kg,False
Cupric hydroxide,1.8730277067447213e-16,kg,False
Lactic acid,9.985556137622858e-10,kg,False
Hexafluoroethane,2.2855182466253595e-07,kg,False
Barium-140,8.204913138203485e-06,kBq,False
Triflusulfuron-methyl,2.608689514302779e-20,kg,False
MCPB,1.9580737743844675e-12,kg,False
Propiconazole,8.462445115564491e-18,kg,False
Lutetium,2.387313927095434e-09,kg,True
Fluoranthene,1.829768362029735e-08,kg,False
Epoxiconazole,8.847186336568434e-13,kg,False
Tritosulfuron,5.50405389145195e-17,kg,False
Dimethyl ether,7.698862962429e-08,kg,False
Mecoprop,5.5194302508363375e-12,kg,False
Hydrochloric acid,7.106058929585918e-05,kg,False
"2,4-D ester",3.2895570365767723e-18,kg,False
Nitrogen,7.281041443064617e-06,kg,False
Chlorimuron-ethyl,3.571340754307159e-10,kg,False
Malathion,3.120473570589973e-08,kg,False
Propiconazole,9.245489604899137e-11,kg,False
"Occupation, pasture, man made, intensive",1.4360948154383028e-05,m2*a,True
Molybdenum VI,1.685896999789477e-07,kg,False
Imidacloprid,9.583578369910169e-11,kg,False
Diphenyltin,1.4736031657261312e-26,kg,False
Isoproturon,1.9512632214400888e-09,kg,False
Dimethenamide,9.45990468350093e-15,kg,False
Tebuthiuron,4.890310958332514e-08,kg,False
Nitrogen oxides,3.048232681616749e-09,kg,False
Nitric acid,5.8694951779555e-09,kg,False
Ammonia,2.0235709688183846e-08,kg,False
Diflufenican,1.305431192168411e-15,kg,False
Dichlorprop-P,6.107299690185126e-07,kg,False
"2,4-D dimethylamine salt",6.724428401535439e-08,kg,False
Tellurium,4.083800329825471e-05,kg,True
Fenpiclonil,1.5438662739645933e-08,kg,False
Tefluthrin,3.363531563963206e-20,kg,False
Diethyl ether,5.084257904401521e-18,kg,False
Acephate,2.3152364765885994e-08,kg,False
Chlorothalonil,2.9569983727818044e-15,kg,False
Thiencarbazone-methyl,5.6108932026045085e-14,kg,False
Niobium,0.00012635311845895085,kg,True
Butene,6.899322714087226e-06,kg,False
Lufenuron,2.713225654750938e-09,kg,False
Flurtamone,1.0139090428606837e-10,kg,False
"Occupation, unspecified",0.0018931768712191635,m2*a,True
Cymoxanil,1.1490331453120425e-09,kg,False
Butene,3.3997984619585215e-07,kg,False
"Occupation, permanent crop, non-irrigated",0.0030416600297264967,m2*a,True
Mancozeb,1.321079233047581e-06,kg,False
Benzo(k)fluoranthene,1.9430397368220525e-13,kg,False
Metolachlor,6.029451533409711e-11,kg,False
Naphthalene,2.4526130789977144e-05,kg,False
"Particulate Matter, > 10 um",0.000836258370187136,kg,False
Bitertanol,2.314201368175319e-14,kg,False
Styrene,4.4162029197010764e-05,kg,False
Lauric acid,2.5679726208076986e-10,kg,False
Metribuzin,1.4616787522668114e-07,kg,False
Cadmium II,5.99653761888267e-08,kg,False
Ethyl cellulose,7.466675193834749e-08,kg,False
Isoxaflutole,8.329319571870129e-10,kg,False
Iodide,0.0003002817468348373,kg,False
o-Dichlorobenzene,4.9571922284644645e-06,kg,False
Dichloromethane,1.7387591304676404e-07,kg,False
Nitric oxide,4.503924524826123e-07,kg,False
Thorium,8.600578909651231e-12,kg,False
Quizalofop-ethyl,6.859363797841304e-13,kg,False
Phenol,8.986309652118098e-06,kg,False
Zirconium,0.0011487345130784862,kg,True
Calcium II,3.41505005020777e-07,kg,False
Fluopicolide,4.189163448585205e-15,kg,False
Benzovindiflupyr,1.2832436533407077e-11,kg,False
Butene,1.1716766140947868e-09,kg,False
Imazethapyr,8.172633393840779e-10,kg,False
Dodecanol,8.432802803279617e-20,kg,False
Lenacil,2.0843288788997693e-15,kg,False
Emamectin benzoate,8.353404648359412e-08,kg,False
"Occupation, cropland fallow (non-use)",3.94317618265511e-08,m2*a,True
Chlormequat chloride,5.194406170738709e-12,kg,False
Gibberellic acid,3.2825378335898366e-13,kg,False
Triflusulfuron-methyl,2.0617817525390217e-16,kg,False
Chloroform,1.1797479240513953e-08,kg,False
Pyraclostrobin,2.195698551533473e-11,kg,False
Toluene,1.9341383741531197e-05,kg,False
Radium-224,0.06443706238660854,kBq,False
Gamma-cyhalothrin,1.1956331741402395e-10,kg,False
Flumioxazin,1.198180577179804e-10,kg,False
Mercury II,4.928300615575591e-09,kg,False
Fluquinconazole,9.115855269820593e-12,kg,False
"Occupation, annual crop, irrigated",0.005422290209222759,m2*a,True
Fluosilicic acid,2.3541001128414287e-05,kg,False
Chlormequat chloride,1.378826691001011e-15,kg,False
Kresoxim-methyl,1.178082674068617e-16,kg,False
Buprofezin,1.0582055885804005e-13,kg,False
Quinoxyfen,3.5302089431730893e-13,kg,False
Iodosulfuron-methyl-sodium,1.9323707138409872e-14,kg,False
"Pesticides, unspecified",2.630812470239004e-07,kg,False
Foramsulfuron,2.1703771348155284e-17,kg,False
Butatriene,4.421740304407579e-11,kg,False
Lithium I,6.77155424814354e-05,kg,False
Ethyl acetate,7.041804167825303e-07,kg,False
Cyazofamid,2.746310888944071e-15,kg,False
"Carbon monoxide, from soil or biomass stock",0.0006335890324492896,kg,False
Sulfuric acid,9.157761463691284e-05,kg,False
Thiodicarb,2.6869239180643457e-11,kg,False
Propiconazole,2.1600740721849315e-08,kg,False
Lithium,5.791464920015558e-08,kg,True
Trimethylamine,1.0613267980290508e-09,kg,False
Tantalum,5.619540578539308e-06,kg,True
Ametoctradin,1.6865605606559196e-19,kg,False
Benzal chloride,1.532455680496123e-07,kg,False
Carbaryl,7.703411298520366e-15,kg,False
Isophorondiamine,1.0747886877447275e-08,kg,False
Metolachlor,8.78353118280056e-12,kg,False
Fenpropimorph,2.368966415536623e-13,kg,False
"Water, unspecified natural origin",7.040530408597728e-08,m3,True
Spirotetramat,1.0271153814394553e-16,kg,False
MCPB,1.4238359883676218e-10,kg,False
"PAH, polycyclic aromatic hydrocarbons",4.719287128912998e-08,kg,False
Benalaxyl-M,1.7461981956747744e-13,kg,False
Cloquintocet-mexyl,4.681279416400525e-21,kg,False
Iodine-129,9.145813655963492e-05,kBq,False
Chlorine,6.277429867003916e-06,kg,False
Ioxynil,4.573291400795363e-20,kg,False
Copper oxychloride,4.543380180266726e-12,kg,False
Dimethyl carbonate,6.908704588193725e-08,kg,False
Clethodim,3.903737591222815e-09,kg,False
Zineb,1.6829648595726738e-08,kg,False
o-Dichlorobenzene,3.3462319037601138e-09,kg,False
"Dioxins, measured as 2,3,7,8-tetrachlorodibenzo-p-dioxin",1.274150740673784e-16,kg,False
Dinitrogen monoxide,1.4515393721959022e-08,kg,False
Mesosulfuron,1.1963107437156425e-18,kg,False
Fluxapyroxad,1.4170433542004592e-13,kg,False
Oxydemeton-methyl,4.0272144218731386e-11,kg,False
"1,4-Diisopropylbenzene",1.2481476596875298e-07,kg,False
"Oils, non-fossil",2.4669042797251525e-06,kg,False
"Transformation, from unspecified, natural (non-use)",4.813384663830277e-06,m2,True
Mancozeb,3.2842866691628563e-07,kg,False
Strontium II,1.3775073681106113e-06,kg,False
Pyriproxyfen,4.069553888189154e-09,kg,False
Methanol,7.113467975679972e-06,kg,False
Ethanol,1.9526092082686583e-07,kg,False
Propionic acid,2.2681190159812995e-10,kg,False
Fluazinam,9.76940204759941e-16,kg,False
Diethylamine,2.362595248168298e-09,kg,False
Diquat dibromide,2.463034710393555e-12,kg,False
Boric acid,2.4325245355899554e-16,kg,False
Laminarin,1.849631675198258e-18,kg,False
Propoxycarbazone-sodium (prop),4.036856569089381e-14,kg,False
Methylamine,1.234495749979191e-07,kg,False
Iodide,1.1444394202871155e-11,kg,False
Iodine,2.6243556283138806e-08,kg,False
Thulium,2.387313927095434e-09,kg,True
Cyclohexane,1.3478300860952073e-05,kg,False
Bromuconazole,7.012821331432567e-14,kg,False
Sulfite,1.0667332695099075e-07,kg,False
Dimethylamine,5.345566647218018e-09,kg,False
Silver I,1.4525233994967954e-08,kg,False
Chloridazon,6.2841716147380345e-12,kg,False
"Occupation, annual crop, non-irrigated, extensive",1.5862549149429944e-05,m2*a,True
Thallium I,2.358536483024778e-08,kg,False
Aclonifen,8.864484841182491e-10,kg,False
Monoethanolamine,5.261967634168253e-08,kg,False
Benthiavalicarb,2.5558237821612746e-16,kg,False
"Fish, pelagic, in ocean",3.6380055397280146e-17,kg,True
"Carbon dioxide, from soil or biomass stock",0.011187569037567437,kg,False
"Hydrocarbons, aliphatic, unsaturated",1.9846815988710355e-06,kg,False
Formamide,5.478978166997447e-08,kg,False
"Transformation, to permanent crop, irrigated, intensive",2.0627763740096125e-07,m2,True
Dimethyl malonate,6.068931903854668e-10,kg,False
1-Pentene,6.890628928358665e-10,kg,False
Fluroxypyr,1.828682714591355e-11,kg,False
Metalaxyl-M,2.7413765827168846e-11,kg,False
Benz(a)anthracene,2.086528155420353e-06,kg,False
Carbon,0.0020763285877591843,kg,False
Chlorpyrifos,3.1738396785583874e-11,kg,False
Dithianon,3.799257834892812e-11,kg,False
Xenon-135m,0.49459557340743604,kBq,False
Sulfur,2.6518081583349488e-05,kg,False
Mesotrione,3.554317944699783e-13,kg,False
Thiophanate-methyl,2.292071335100758e-18,kg,False
Ruthenium-103,6.543587750715754e-10,kBq,False
Cumene,4.381349647170864e-07,kg,False
Carbon disulfide,3.401407934163411e-09,kg,False
Spiroxamine,2.7118464886663253e-17,kg,False
Simazine,7.204577765169468e-14,kg,False
Propamocarb,2.02411530183746e-10,kg,False
Cadmium,9.365099677172382e-06,kg,True
Cloquintocet-mexyl,3.455901115488661e-13,kg,False
Nickel II,1.363119490002087e-08,kg,False
Dichlorvos,6.891351954198473e-13,kg,False
Fludioxonil,4.606537677379433e-12,kg,False
Ametryn,6.92400461205993e-10,kg,False
Molybdenum VI,2.067376665490662e-09,kg,False
Chromium III,2.265156336167904e-08,kg,False
Pyrene,4.628705961317482e-06,kg,False
"VOC, volatile organic compounds",5.788654663373853e-05,kg,False
MCPA,9.341532367239646e-14,kg,False
Prosulfocarb,3.1709373030510025e-10,kg,False
Cymoxanil,6.698221225420265e-16,kg,False
Silicon,0.003612655402662048,kg,False
Ethephon,1.2730261813736394e-12,kg,False
Carbonate,9.032510478234751e-07,kg,False
Chlorantraniliprole,3.756927036140002e-13,kg,False
Carbaryl,3.7402768268598336e-10,kg,False
Selenium IV,5.631235573780069e-07,kg,False
Cobalt II,6.776941025852846e-07,kg,False
Tribenuron,1.4456800322550707e-18,kg,False
Tebuthiuron,5.481830851202008e-09,kg,False
Selenium,0.0006077374639079673,kg,True
Diatomite,3.988784544193669e-09,kg,True
"Transformation, from dump site, residual material landfill",1.1552240796026821e-06,m2,True
Pyroxsulam,3.379455613991398e-13,kg,False
Isopropylamine,3.2972262827783927e-09,kg,False
Carbosulfan,1.3399851022052624e-11,kg,False
"PAH, polycyclic aromatic hydrocarbons",3.607158805948107e-06,kg,False
Fenoxaprop-P,4.5698349917828116e-17,kg,False
Imazethapyr,1.9359496104513984e-11,kg,False
Sulfosulfuron,1.5765243067663242e-13,kg,False
Triflumuron,1.0364232435832285e-11,kg,False
Acetaldehyde,1.0429388984233942e-07,kg,False
Abamectin,4.628592542738876e-11,kg,False
Fenamidone,2.100103249836349e-12,kg,False
Lithium I,2.3183165175853087e-10,kg,False
Pyriproxyfen,3.001414380442615e-10,kg,False
Iodide,0.00019267950522372973,kg,False
Radium-228,0.25555182173618907,kBq,False
Pirimicarb,8.356438620418567e-14,kg,False
Metolachlor,1.1974429997456825e-14,kg,False
Foramsulfuron,1.0717301216968737e-11,kg,False
Gadolinium,1.763321896215443e-05,kg,True
Chlorodifluoromethane,5.018459705859296e-07,kg,False
"Transformation, to seabed, infrastructure",6.072059939138063e-06,m2,True
Benzo(a)pyrene,8.073932261014997e-12,kg,False
Flupyrsulfuron-methyl sodium,1.1907323750887098e-13,kg,False
Phenyltin,4.394956810060388e-29,kg,False
Sulfosulfuron,1.6699412902752195e-18,kg,False
Benzene,1.2308333715665205e-05,kg,False
Paraquat,2.2901671052236587e-14,kg,False
Metalaxyl-M,5.483025248298407e-17,kg,False
"Hydrocarbons, aliphatic, alkanes, cyclic",8.218467250496156e-08,kg,False
Diflufenican,2.7022853288915436e-15,kg,False
Thiodicarb,1.7704128254052421e-12,kg,False
"Transformation, to grassland, natural, for livestock grazing",7.7876926054733e-12,m2,True
Iron ion,0.00010895059064651558,kg,False
Steatite,4.594655945858262e-10,kg,True
Phenmedipham,2.1906492201170517e-17,kg,False
Copper oxide,4.614074349166047e-16,kg,False
Silicon tetrafluoride,1.3944807280297784e-08,kg,False
Benalaxyl-M,1.5709155578069641e-12,kg,False
Bromoxynil,4.158710456691494e-09,kg,False
Pyraclostrobin,7.458131001560126e-08,kg,False
"Oils, non-fossil",1.16464015687241e-19,kg,False
Radon-222,0.00025724466474851866,kBq,False
"Energy, gross calorific value, in biomass, primary forest",0.2101367618071893,MJ,True
Zoxamide,1.506262565734735e-13,kg,False
"Hydrocarbons, aromatic",1.8688276827200244e-11,kg,False
Butadiene,3.419808014538311e-07,kg,False
Clothianidin,8.593756537555074e-09,kg,False
Antimony ion,3.307802664785059e-08,kg,False
Simazine,1.1026295412175606e-12,kg,False
Difluoromethane,1.6491010513683076e-08,kg,False
"Acidity, unspecified",8.966726613661402e-13,kg,False
"Particulate Matter, < 2.5 um",0.0003345049324420404,kg,False
Gibberellic acid,2.282559420708163e-12,kg,False
2-Chlorophenol,1.3474781374902682e-11,kg,False
Imazethapyr,6.232041036207966e-08,kg,False
Nitric acid,2.965304316313517e-06,kg,False
Tribenuron,4.192472093539691e-17,kg,False
Rhodium,1.7590170011110172e-07,kg,True
Ozone,3.0365181473300355e-09,kg,False
Metribuzin,7.7352715085412385e-16,kg,False
Diflufenican,5.68117828384989e-13,kg,False
Gallium,0.0002951344574714345,kg,True
Fluorine,0.0008440510368993129,kg,True
Phosphorus,0.0016956683466700009,kg,False
"Indeno(1,2,3-cd)pyrene",2.1959274770051924e-06,kg,False
Propamocarb,8.227927859173937e-14,kg,False
Triclopyr,7.746184905534016e-08,kg,False
Cyazofamid,7.484658678407545e-13,kg,False
Trichloroethylene,1.4420104105968683e-06,kg,False
"1-Chloro-1,1-difluoroethane",1.2270661230790287e-08,kg,False
Diflubenzuron,3.181955774106694e-12,kg,False
Formate,3.841387781531993e-07,kg,False
Boron,1.6305436613057053e-07,kg,False
Fludioxonil,1.6894236429034278e-17,kg,False
Foramsulfuron,2.6346159745213133e-13,kg,False
Ethyl benzene,1.901561474909999e-05,kg,False
Ethylamine,3.0283558628385516e-09,kg,False
Radium-228,0.1654893673191965,kBq,False
Thorium-228,5.462640446871761e-08,kBq,False
Dimethylamine,1.4750983181171337e-08,kg,False
"Transformation, to annual crop, irrigated",0.008226814794127532,m2,True
Dichlorprop,6.87841298313779e-19,kg,False
Borate,1.938179080188752e-07,kg,False
Bisphenol A,1.131996768775702e-05,kg,False
Methylamine,6.179567749371964e-10,kg,False
Fenpropimorph,5.697814391584291e-16,kg,False
Acenaphthene,1.6399086042554374e-08,kg,False
Flusilazole,6.551578495516457e-18,kg,False
Abamectin,6.101326533610336e-10,kg,False
Chromium III,1.814838747898091e-06,kg,False
Iodine,2.579683327980866e-06,kg,True
Cadmium II,6.787187448415069e-08,kg,False
Barium II,7.572043820701596e-07,kg,False
Aclonifen,2.720814084346847e-11,kg,False
Uranium-238,0.0005293416794988503,kBq,False
Hydroxide,0.00036755668973713427,kg,False
"Carboxylic acids, unspecified",4.900182078546224e-06,kg,False
Saflufenacil,1.2974963916945955e-09,kg,False
Nickel II,1.2932902669367096e-06,kg,False
Methyl formate,7.64210066490711e-10,kg,False
Mefenpyr,2.078992528212988e-12,kg,False
Tetrachloroethylene,2.202816042048474e-09,kg,False
Krypton-87,0.010249359566662565,kBq,False
Zoxamide,1.9058134335411976e-17,kg,False
Lithium I,1.5730900071992647e-08,kg,False
Chlorimuron-ethyl,1.728399656170847e-09,kg,False
Flumioxazin,2.269517404921009e-09,kg,False
Titanium ion,3.5828099848031735e-08,kg,False
Formamide,6.948505281846742e-10,kg,False
Methoxyfenozide,7.855988106809466e-12,kg,False
Pyrimethanil,8.0363358889735e-27,kg,False
Methyl acrylate,1.3509829346957824e-07,kg,False
Pirimicarb,6.059054736543469e-12,kg,False
Uranium-238,2.2860151456633293e-06,kBq,False
Ethofumesate,8.689451591018105e-15,kg,False
Rubidium,1.6539013323925296e-06,kg,False
Nitrate,9.718125590624854e-06,kg,False
Molybdenum VI,1.8905583546184178e-07,kg,False
"Transformation, from permanent crop, irrigated, intensive",2.0627763740096125e-07,m2,True
Quizalofop-p-ethyl,1.2640234286828114e-08,kg,False
Sulfentrazone,3.667774941988065e-10,kg,False
Metamitron,7.356680235595617e-18,kg,False
Isopropanol,7.606554790238692e-09,kg,False
Sulcotrione,1.5913302464234745e-21,kg,False
Sulfide,1.845804821243093e-07,kg,False
Imidacloprid,5.723718827946207e-08,kg,False
Iprodione,9.16802474117625e-09,kg,False
Calcium,0.011283504267779016,kg,True
Methiocarb,2.785084411745583e-22,kg,False
Trinexapac-ethyl,1.8089307444430353e-10,kg,False
Pyraclostrobin,1.6295126328339855e-09,kg,False
Lithium I,4.382838530840204e-05,kg,False
Succinic acid,9.720521122564778e-11,kg,False
Thiabendazole,4.761064559315672e-15,kg,False
"Transformation, to forest, intensive",0.028583961184390373,m2,True
Pencycuron,2.2186704175428666e-16,kg,False
Metsulfuron-methyl,2.94546798174292e-11,kg,False
Formic acid,6.701422458598264e-06,kg,False
Organic carbon,5.097979929998403e-06,kg,False
Flumioxazin,3.750700946585117e-08,kg,False
Tembotrione,8.987887698628824e-18,kg,False
Krypton-88,0.01348798950022826,kBq,False
Krypton-85,0.028362197778570797,kBq,False
Acetylene,8.365314999345457e-06,kg,False
Sodium hydroxide,5.255815131981236e-07,kg,False
Fluopicolide,1.1416937057980503e-12,kg,False
"Transformation, to permanent crop, non-irrigated",0.00015186334171885373,m2,True
Ethylene oxide,1.236580247764682e-12,kg,False
Fipronil,2.9678699256972943e-11,kg,False
Monocrotophos,1.259999376744081e-07,kg,False
"1,1,2-Trichloroethane",7.59823583926089e-09,kg,False
Formaldehyde,2.671872225552056e-07,kg,False
"Dibenz(a,h)anthracene",4.0690563098470756e-14,kg,False
Pyrimethanil,9.757959982758248e-23,kg,False
Hexamethylene diisocyanate,2.9913177305812907e-10,kg,False
Lauric acid,7.639165281658171e-10,kg,False
Flusilazole,3.4677159693672245e-11,kg,False
Amidosulfuron,2.735650531296834e-17,kg,False
Cymoxanil,5.2939494030711485e-12,kg,False
Ethofumesate,1.0994413556437434e-18,kg,False
Ethephon,1.8214806982110063e-09,kg,False
Diquat dibromide,1.5838425195300143e-06,kg,False
Carbofuran,9.185578303386125e-07,kg,False
Fluopicolide,1.4445391202017971e-16,kg,False
Carbon disulfide,1.633913013606977e-08,kg,False
"Transformation, to dump site, slag compartment",5.495783707920238e-05,m2,True
Phosphorus trichloride,1.4084223860137199e-11,kg,False
Perlite,4.196358924018891e-06,kg,True
Nitrate,1.4972908417463517e-05,kg,False
Thorium-232,1.0709011127241632e-06,kBq,False
"2,4-Dichlorophenol",1.6085962489269071e-09,kg,False
Thiencarbazone-methyl,2.5640386032594197e-16,kg,False
Copper oxychloride,4.307734723786641e-19,kg,False
Ethofumesate,3.188379931366851e-17,kg,False
Ammonium bisulfate,8.991795378318056e-07,kg,False
Ulexite,0.0023209746088353176,kg,True
Phenmedipham,7.553962827989806e-19,kg,False
"2,4-di-tert-butylphenol",7.753122115512131e-16,kg,False
1-Pentanol,3.799280225233876e-10,kg,False
Diethanolamine,5.585011427630257e-10,kg,False
Chlorine,1.6963021996902683e-06,kg,False
"Transformation, from annual crop, irrigated, intensive",1.631248813416327e-06,m2,True
Potassium I,0.003477854655175888,kg,False
Sulfentrazone,1.5010838752477034e-08,kg,False
Potassium I,8.851653628906156e-10,kg,False
Chlorodifluoromethane,1.6582902194180634e-09,kg,False
Prochloraz,7.260599997635181e-15,kg,False
Chloro-fluoromethane,1.1071778696378367e-08,kg,False
Benthiavalicarb,6.266319203552463e-13,kg,False
"Occupation, seabed, infrastructure",0.0001992737218391588,m2*a,True
Dichromate,1.7629927580675952e-07,kg,False
Imazethapyr,1.5651755844955213e-10,kg,False
Imidacloprid,3.1180962404878215e-09,kg,False
Boron,4.963176658804228e-07,kg,False
Fluorene,3.3226549815187565e-06,kg,False
"Actinides, radioactive, unspecified",0.00014855338944079434,kBq,False
Ammonium sulfate,2.752484145705241e-10,kg,False
Florasulam,1.9270771480964854e-18,kg,False
"Occupation, permanent crop, irrigated, intensive",4.808336536153427e-06,m2*a,True
Fenamidone,7.7058108736089e-15,kg,False
"PAH, polycyclic aromatic hydrocarbons",4.719287128912998e-08,kg,False
Ethyl benzene,4.439071176141549e-06,kg,False
Triallate,3.2628482185661533e-13,kg,False
"Transformation, to inland waterbody, unspecified",4.127089085291808e-08,m2,True
"Transformation, from forest, intensive",0.027091671976174323,m2,True
Thifensulfuron,3.1098185220860334e-15,kg,False
Ethylene oxide,6.089669898236748e-09,kg,False
Nitrate,9.019315583987134e-09,kg,False
Mineral oil,1.1558756514901385e-06,kg,False
Prohexadione calcium,2.701778117517805e-13,kg,False
Dichlorofluoromethane,4.0268231186253616e-11,kg,False
"Hydrocarbons, aromatic",8.723986654212133e-05,kg,False
"Transformation, to unspecified, natural (non-use)",1.1256283390692414e-06,m2,True
Ferrocyanide,3.639077446437409e-12,kg,False
Fluazinam,1.68065472692383e-08,kg,False
Mesotrione,1.1127516380023949e-11,kg,False
Thiencarbazone-methyl,2.7215001332265807e-12,kg,False
MCPA,1.0980561318593354e-10,kg,False
Ethylene carbonate,7.109572900711235e-07,kg,False
Acephate,6.090740647814666e-10,kg,False
Graphite,0.0019423050743173815,kg,True
Chlorpyrifos,2.187968880200822e-11,kg,False
Desmedipham,8.642966064834996e-18,kg,False
"Fungicides, unspecified",2.872349222209025e-17,kg,False
Cobalt II,7.745996402395892e-08,kg,False
Thifensulfuron,1.0723512145124183e-16,kg,False
Difenoconazole,9.668325892771098e-12,kg,False
Sulfate,3.026532818077149e-05,kg,False
Fenpropidin,3.018192417287335e-13,kg,False
Phenanthrene,2.1885977694556443e-05,kg,False
Copper oxide,1.1632338330233154e-12,kg,False
"Occupation, urban, discontinuously built",0.00019127410576407633,m2*a,True
Flumioxazin,2.6146236876407796e-12,kg,False
Formic acid,4.84104186672478e-10,kg,False
Zeta-cypermethrin,3.004212307331868e-10,kg,False
Prohexadione calcium,6.978439089008835e-17,kg,False
Acetamide,2.337232913439201e-10,kg,False
Diflubenzuron,1.40105256282588e-09,kg,False
Phosphate,1.9938292501759946e-05,kg,False
Isoproturon,6.84668145672473e-13,kg,False
"Wood, soft, standing",0.043897166595153234,m3,True
Isocyanic acid,1.4643198501033195e-06,kg,False
Diquat dibromide,2.1628154299990838e-07,kg,False
Trichlorfon,1.5420212960214544e-07,kg,False
Flumioxazin,4.944467551231112e-11,kg,False
Butanol,2.1783067977965332e-06,kg,False
Metamitron,2.133437268322722e-16,kg,False
t-Butyl amine,1.246314195086159e-09,kg,False
"Suspended solids, unspecified",0.00366761419608544,kg,False
Anthracene,9.235973636911994e-10,kg,False
Flusilazole,2.4039401307524746e-20,kg,False
Monochlorobenzene,7.720430010791842e-06,kg,False
Urea,2.000951893904207e-09,kg,False
Lenacil,7.647930710289843e-18,kg,False
Acetamiprid,4.780707089275035e-12,kg,False
Pentachlorobenzene,5.615739346247323e-09,kg,False
Caesium I,2.553985825866371e-07,kg,False
Fluxapyroxad,4.160402263981248e-09,kg,False
Propamocarb,2.837216503163417e-15,kg,False
Nitrate,1.8128108543344844e-05,kg,False
Nitrogen fluoride,4.760516281662715e-15,kg,False
Bromoxynil,4.812160960779854e-18,kg,False
Iodosulfuron-methyl-sodium,1.7971901398608743e-13,kg,False
Monochloroethane,4.600502447661857e-09,kg,False
"Transformation, to traffic area, rail/road embankment",0.012721894999226876,m2,True
Triadimenol,2.0949925868702127e-11,kg,False
Platinum,2.510712634437438e-13,kg,False
Nitrogen dioxide,1.8231167753551395e-09,kg,False
Clodinafop-propargyl,1.4724755222772652e-12,kg,False
Fluroxypyr,2.558814528971923e-13,kg,False
Mandipropamid,4.922296110416562e-12,kg,False
Fenbuconazole,9.92968170773437e-12,kg,False
Acenaphthylene,5.3606817869858845e-06,kg,False
Ioxynil,1.3262545062306465e-18,kg,False
Radon-222,3702.739872705996,kBq,False
Diflufenzopyr-sodium,4.648303489608985e-11,kg,False
Radon-220,0.0004580160746890771,kBq,False
Carbon,0.00023547433978352483,kg,False
"Xylenes, unspecified",1.615299275294488e-05,kg,False
Thiodicarb,9.693002878646105e-10,kg,False
Chrysotile,7.793368425751297e-06,kg,True
Benzaldehyde,2.0185818625062534e-05,kg,False
Propiconazole,2.0866588069546128e-09,kg,False
Cinidon-ethyl,1.23054368590973e-18,kg,False
Acrylate,1.0459819187253582e-07,kg,False
"Transformation, to urban, discontinuously built",3.8230869095682775e-06,m2,True
Tritium,35.36733720138485,kBq,False
Bixafen,1.5973600280334116e-17,kg,False
EPTC,9.776526842007238e-08,kg,False
Thorium-228,0.033079220835154396,kBq,False
"Occupation, seabed, unspecified",-3.2314793485437867e-25,m2*a,True
Thifensulfuron-methyl,8.887984572817175e-10,kg,False
Triflumuron,2.6165248577255947e-08,kg,False
Fenamidone,2.657176163313413e-16,kg,False
Phenmedipham,5.9825387418802805e-15,kg,False
Trichlorofluoromethane,4.4419972057221534e-11,kg,False
Fenpropidin,7.24109235074314e-16,kg,False
Phosphorus,7.330152468818956e-09,kg,False
Carbon,6.358868743103574e-07,kg,False
Sulfosate,9.984372847558573e-08,kg,False
Carbon tetrachloride,2.113011214612002e-08,kg,False
Chlorotoluron,3.059317717001976e-16,kg,False
Ethylene diamine,3.5828754887872654e-09,kg,False
Silicon,2.4708802898408205e-07,kg,False
Glufosinate,9.916120599652996e-16,kg,False
Phosphorus trichloride,9.935890090241772e-09,kg,False
Pyriproxyfen,6.800398866708711e-13,kg,False
Dibutyltin,2.3267418406202063e-28,kg,False
Pencycuron,1.7535295621451672e-12,kg,False
"Hydrocarbons, aliphatic, unsaturated",3.067139425819844e-06,kg,False
Hafnium,1.728849264201695e-05,kg,True
Aldrin,4.235035261502354e-07,kg,False
"Hydrocarbons, aliphatic, alkanes, unspecified",3.813969193199286e-05,kg,False
Amidosulfuron,3.9023170525123695e-12,kg,False
Maneb,5.767039942189748e-10,kg,False
Cyazofamid,9.47003754808302e-17,kg,False
"Solids, inorganic",0.001926361026377312,kg,False
Propylene oxide,3.21738244082457e-06,kg,False
"2,4-D ester",1.3491869695447211e-20,kg,False
"Carboxylic acids, unspecified",0.0009398667839188244,kg,False
Mancozeb,5.75788173882189e-10,kg,False
Metrafenone,1.250018462370921e-16,kg,False
Flonicamid,1.3793407209899235e-13,kg,False
Methyl acetate,2.1578055769453934e-10,kg,False
Chlorotoluron,1.3945744600195893e-10,kg,False
Dimethenamide,2.6803211756089486e-14,kg,False
Vanadium V,2.9498355910907165e-06,kg,False
Methoxyfenozide,6.942443677382707e-10,kg,False
Radium-228,6.879496165821013e-06,kBq,False
Methyl ethyl ketone,2.9243514799816446e-08,kg,False
Methylchloride,5.117680238434632e-12,kg,False
"VOC, volatile organic compounds",9.119913561074596e-05,kg,False
Tribenuron,1.7553880397126473e-14,kg,False
Isobutanol,1.3935968847943878e-08,kg,False
Polonium-210,0.0015293747145470457,kBq,False
Cinidon-ethyl,4.2432540893439056e-20,kg,False
Halosulfuron-methyl,1.0131012418930846e-12,kg,False
Bentazone,5.947414607458255e-11,kg,False
Fipronil,1.8506929209188645e-08,kg,False
Cypermethrin,4.548426051775117e-13,kg,False
Beta-cyfluthrin,1.725825718957632e-09,kg,False
Barium II,0.00028585070007857983,kg,False
Foramsulfuron,6.294093690965009e-16,kg,False
2-Methyl-2-butene,6.114928761948023e-14,kg,False
Fluxapyroxad,1.9526829215214197e-16,kg,False
Isophorondiisocyanate,1.2055698719048642e-09,kg,False
Methyl acrylate,1.4778525317700249e-06,kg,False
"2,4-D ester",1.0984227815367983e-18,kg,False
Dichlorprop,3.294540347454942e-18,kg,False
Clodinafop-propargyl,3.0825819899618107e-19,kg,False
Uranium-238,1.8408921764862335e-05,kBq,False
Fluorine,5.895938105986587e-06,kg,False
Fluoxastrobin,1.068265173437913e-16,kg,False
"Pesticides, unspecified",1.7487890235791996e-14,kg,False
Acetonitrile,4.052460748138101e-10,kg,False
Dimethomorph,2.500266261262156e-10,kg,False
Pirimicarb,2.881530558765024e-15,kg,False
Copper ion,1.021373209511028e-06,kg,False
"1,1-Difluoroethane",5.243348017389504e-10,kg,False
Tebuthiuron,1.8461433070242658e-10,kg,False
Metribuzin,2.243228737476954e-14,kg,False
Iodosulfuron-methyl-sodium,1.5914371595990199e-18,kg,False
Topramezone,9.908270034531e-13,kg,False
Benzo(b)fluoranthene,1.6613276280876261e-06,kg,False
Amisulbrom,3.7174337627492965e-13,kg,False
Lithium I,1.2038067368555638e-10,kg,False
Quinclorac,1.3132601651645018e-11,kg,False
Thallium I,1.4829145628180414e-09,kg,False
Azinphos-methyl,2.3854453838417096e-09,kg,False
Antimony ion,1.1435601558645235e-08,kg,False
Acenaphthylene,3.868144436199648e-09,kg,False
Tebuthiuron,2.0288066015331888e-10,kg,False
Scandium,3.4635337242198237e-07,kg,False
Terpenes,9.138303352633979e-07,kg,False
Butyl acrylate,3.876413143769154e-09,kg,False
Phosphoric acid,2.196428632896907e-12,kg,False
Triclopyr,1.1874347593549864e-14,kg,False
Boron,4.413499263617102e-06,kg,False
"Transformation, from dump site, slag compartment",5.495783707920238e-05,m2,True
Pyrimethanil,2.3305374078023127e-25,kg,False
Chloroform,1.0359681780986558e-08,kg,False
Copper oxychloride,2.550669574886584e-09,kg,False
Chlorothalonil,6.648036731180709e-07,kg,False
Tritium,0.7105294636008166,kBq,False
Fenoxaprop ethyl ester,1.7602681851604717e-13,kg,False
Argon-41,0.008449985197319432,kBq,False
Thorium-228,0.05107971651732742,kBq,False
Prosulfocarb,3.5247486996309286e-11,kg,False
Triflusulfuron-methyl,1.854820970430836e-15,kg,False
Carbonyl sulfide,1.0596896439743012e-05,kg,False
Pyriproxyfen,1.0319056920047355e-08,kg,False
Clothianidin,2.0692292131353423e-21,kg,False
"Transformation, from wetland, inland (non-use)",0.00016952676320424265,m2,True
Pyroxasulfone,2.343377103112368e-08,kg,False
Cupric chloride dihydrate,6.034723954549431e-13,kg,False
Magnesium,0.0053052856029536695,kg,False
"Occupation, pasture, man made",4.290864412573605e-10,m2*a,True
Desmedipham,2.3595419727737005e-15,kg,False
Methylamine,1.4830714456872198e-09,kg,False
Fludioxonil,6.703824955491046e-11,kg,False
Zoxamide,5.526858957269471e-16,kg,False
Cu-HDO,1.461657676157844e-11,kg,False
Fluoxastrobin,3.6836730118548784e-18,kg,False
Parathion,6.832871157928549e-11,kg,False
Fluazinam,1.4963756651833248e-08,kg,False
m-Xylene,1.9293922860639555e-09,kg,False
Mesosulfuron,3.469301156775356e-17,kg,False
Haloxyfop-ethoxyethyl,1.1773566610409645e-11,kg,False
"Transformation, from seabed, unspecified",0.0013983633456730994,m2,True
Potassium-40,0.0019094734015360864,kBq,False
"Occupation, permanent crop",0.017928747767584352,m2*a,True
Chloridazon,3.600936526892652e-19,kg,False
Orbencarb,8.925478475320748e-08,kg,False
Borax,4.710985475313455e-09,kg,True
1-Pentanol,9.11839658748155e-10,kg,False
"1,4-Diethylbenzene",2.2133754646350263e-06,kg,False
Trifloxystrobin,1.4356747696452521e-18,kg,False
Propargite,1.313463894387061e-08,kg,False
Piperonyl butoxide,1.343458168351022e-10,kg,False
Imidacloprid,3.611910728026432e-16,kg,False
Hexachlorobenzene,3.1437547693786368e-09,kg,False
Pyraflufen-ethyl,1.2961217908640745e-18,kg,False
Xenon-133m,0.002021774942592073,kBq,False
Simazine,8.155435744328887e-13,kg,False
Monopotassium phosphite,1.2611697778373932e-11,kg,False
Amidosulfuron,1.1454168605848938e-14,kg,False
Pendimethalin,1.6992161582659275e-11,kg,False
Phenoxy compounds,7.036176418299663e-12,kg,False
Florasulam,5.588523729479788e-17,kg,False
Prosulfocarb,1.2919757296161206e-13,kg,False
Flupyrsulfuron-methyl sodium,1.0040465114286507e-18,kg,False
Nickel II,1.9192156418909936e-07,kg,False
Phosphate,2.8434978208163137e-09,kg,False
Tefluthrin,5.605737451970586e-22,kg,False
Tetrachloroethylene,8.370691307535704e-08,kg,False
Benthiavalicarb,6.965514621321285e-14,kg,False
Thiamethoxam,3.3834037597874062e-09,kg,False
Formic acid,4.6411795683319474e-08,kg,False
Cinidon-ethyl,4.609839103034926e-12,kg,False
"Pesticides, unspecified",8.27760661151486e-10,kg,False
Flufenacet,3.928714889563715e-16,kg,False
Bicarbonate,4.884677278449407e-05,kg,False
Chlorate,5.756785027805875e-05,kg,False
Clodinafop-propargyl,2.9344675837508964e-20,kg,False
Arsine,7.77200440267875e-13,kg,False
Cadmium II,1.9837015916258586e-09,kg,False
"Transformation, to seabed, unspecified",6.059676905547288e-07,m2,True
Carbendazim,1.3994040418917772e-07,kg,False
Cyazofamid,6.977914953547183e-12,kg,False
Radium-226,2.2090687842498505e-05,kBq,False
Titanium ion,9.511098291432235e-06,kg,False
Tritosulfuron,2.0735232124843827e-13,kg,False
Carbon tetrachloride,5.427988013905885e-08,kg,False
Novaluron,6.602884594967937e-17,kg,False
Methiocarb,6.651742184769074e-25,kg,False
"1,1,1-Trifluoroethane",5.299006516647092e-34,kg,False
"1,1,1-Trichloroethane",4.92910132104406e-08,kg,False
Platinum,1.3769037262356599e-06,kg,True
Clothianidin,8.663862587800933e-19,kg,False
"Fungicides, unspecified",5.0226124853532276e-12,kg,False
Bifenthrin,1.887927784957692e-14,kg,False
Boron trifluoride,1.6474401815853753e-12,kg,False
Arsenic,2.2015719639050182e-05,kg,True
Chloroform,8.892941311407309e-09,kg,False
Chloride,0.24463897110311272,kg,False
"Solids, inorganic",3.3851232916862585e-21,kg,False
"Radioactive species, Nuclides, unspecified",0.00046534260791497134,kBq,False
Beta-cyfluthrin,3.355769464066251e-14,kg,False
Nitrate,1.2279125082661947e-06,kg,False
Mandipropamid,9.832307243373742e-11,kg,False
Vanadium V,1.0750358660551443e-09,kg,False
Abamectin,1.1361090786722697e-12,kg,False
Alkylbenzene (c10-c15),1.7785591912795695e-08,kg,False
Fenoxaprop-P,1.9133898828800764e-14,kg,False
Carbaryl,1.0744565501802179e-16,kg,False
Propaquizafop,8.658369624854396e-15,kg,False
"Chlorinated solvents, unspecified",2.70650327299053e-11,kg,False
Ethephon,1.0484237901127631e-16,kg,False
Flucarbazone sodium salt,6.042221079019453e-15,kg,False
Maleic hydrazide,2.971202884090896e-12,kg,False
Hypochlorite,4.1303349857804755e-07,kg,False
Rimsulfuron,1.6560672450278382e-18,kg,False
"Water, in air",2.7299490257862475e-05,m3,True
Bromoxynil,1.6723868383183622e-19,kg,False
"2,4-DB",3.729094906350894e-19,kg,False
Formic acid,1.6478684215128356e-09,kg,False
Isoxaflutole,2.2815266644781323e-19,kg,False
Benzo(ghi)perylene,5.811692845113489e-14,kg,False
Magnesium,9.985459719995089e-06,kg,False
Thorium-232,5.541200029543291e-06,kBq,False
Potassium I,0.00017398612813193938,kg,False
Laterite,0.02353010790296996,kg,True
Fluoxastrobin,4.4728262153111445e-14,kg,False
Iodosulfuron,5.756434342462544e-13,kg,False
"Transformation, from permanent crop, non-irrigated",0.0019438466455745465,m2,True
Zinc-65,1.2527749605644852e-07,kBq,False
Decanoic acid,3.5165522808697976e-10,kg,False
Oxamyl,2.5835559695285564e-08,kg,False
Methyl acetate,5.178746829071245e-10,kg,False
Endothall,7.618176103016718e-11,kg,False
Vanadium V,9.790628216873414e-07,kg,False
Acetonitrile,1.0965964023160778e-06,kg,False
Calcium II,0.00042840988584657734,kg,False
Praseodymium,0.00015567661708775879,kg,True
Spirotetramat,3.541777177377423e-18,kg,False
Ethylene,2.9519274093998962e-05,kg,False
Thiabendazole,9.245918232371868e-14,kg,False
Anthracene,5.132863549577541e-06,kg,False
Nicosulfuron,1.0082045875411999e-15,kg,False
Arsenic ion,3.611848399574078e-07,kg,False
Fluazinam,6.610649123270309e-10,kg,False
Paraquat,1.839059245234387e-13,kg,False
Chlorantraniliprole,8.396199911213812e-14,kg,False
Imazapyr,1.1129141012736662e-12,kg,False
Acephate,6.6807546519594585e-09,kg,False
Fenamidone,1.8892957720037203e-11,kg,False
Potassium-40,5.38547738267736e-07,kBq,False
Spirotetramat,2.7992490159671965e-14,kg,False
Neodymium,0.0004646281089435085,kg,True
Terbium,1.9036148809946037e-08,kg,True
Maleic anhydride,2.1036290386824413e-08,kg,False
Prosulfocarb,4.455088722814216e-15,kg,False
Acetamiprid,6.263766657377177e-12,kg,False
Arsenic ion,5.132931349710415e-07,kg,False
Trinexapac-ethyl,4.968994821581167e-17,kg,False
2-Methyl-2-butanol,2.8234823949079867e-14,kg,False
Ammonium,0.0002830762076005584,kg,False
Sulfosulfuron,6.992044079407231e-16,kg,False
Selenium IV,4.894991425075391e-08,kg,False
Spodumene,9.315838712936983e-06,kg,True
Nicosulfuron,1.0749377011450578e-11,kg,False
Hydrogen peroxide,9.03755530787864e-10,kg,False
Acetone cyanohydrin,3.9545486050001097e-07,kg,False
"2,4-D dimethylamine salt",3.668203759824543e-18,kg,False
Triethylammonium,1.712930177526422e-22,kg,False
Spiroxamine,3.292805313438616e-13,kg,False
Fluoranthene,7.565635446059788e-06,kg,False
Triflusulfuron-methyl,7.565199591478038e-19,kg,False
Tembotrione,1.0913362719579867e-13,kg,False
Bifenthrin,1.2763871943468755e-11,kg,False
Cyanide,3.0273007470290965e-06,kg,False
"Transformation, to pasture, man made, intensive",8.463671827018138e-07,m2,True
Scandium,2.3091773876229263e-06,kg,True
Chloride,0.0001357579080916078,kg,False
Phenoxy compounds,6.322686934887058e-11,kg,False
Peracetic acid,7.0835566248707e-08,kg,False
Fludioxonil,1.456827361879901e-15,kg,False
"Transformation, from traffic area, rail/road embankment",0.012053538249541876,m2,True
"1,1,1,2-Tetrafluoroethane",1.2560867948803297e-06,kg,False
Methoxyfenozide,1.2512879613984449e-12,kg,False
"Occupation, unspecified, natural (non-use)",4.6150761901838925e-05,m2*a,True
Mecoprop-P,2.0495186330279105e-11,kg,False
Chlorine,6.277429867003916e-06,kg,False
Bromomethane,1.8334013620337506e-07,kg,False
Phosphorous acid,8.821079156050564e-12,kg,False
"Transformation, from annual crop, non-irrigated, extensive",1.3291863530847242e-05,m2,True
Hydrochloric acid,2.0466553606338655e-05,kg,False
Propionic acid,1.1570543826233226e-09,kg,False
Mesosulfuron,1.4525963729487766e-14,kg,False
Flufenacet,3.4238549706631774e-11,kg,False
Tebupirimfos,2.342235401541629e-10,kg,False
Ioxynil,2.1286062519355325e-10,kg,False
Pencycuron,6.434144210874321e-15,kg,False
"Oils, non-fossil",0.0024037432304894143,kg,False
Bromotrifluoromethane,1.8966279450332651e-13,kg,False
Triethylene glycol,2.079732195887876e-08,kg,False
Bromine,2.41208731119973e-07,kg,False
Mecoprop-P,2.8407748486778007e-10,kg,False
Fipronil,2.7962637534734754e-10,kg,False
Antimony,7.073317910523669e-07,kg,True
Bentazone,1.0591221300342433e-12,kg,False
Flurochloridone,5.681775477758554e-17,kg,False
Phenoxy compounds,9.542780196540117e-14,kg,False
Benzovindiflupyr,3.639404558500464e-10,kg,False
Ametoctradin,1.1991721815320347e-14,kg,False
Pentafluoroethane,6.879910671591611e-33,kg,False
Benzovindiflupyr,2.9030791862663986e-14,kg,False
Fluquinconazole,2.68810012810788e-17,kg,False
Propaquizafop,5.680994895790851e-12,kg,False
Cyclohexane,1.903223473553993e-05,kg,False
Diuron,3.11761546916176e-12,kg,False
Fenpropimorph,1.9647635833049294e-17,kg,False
Epoxiconazole,2.0172740099528706e-17,kg,False
"1,1,2-Trichloro-1,2,2-trifluoroethane",4.112261909836323e-09,kg,False
Chlorimuron-ethyl,9.804627099016996e-12,kg,False
Benomyl,1.667339291305609e-09,kg,False
Cyprodinil,1.5941637750652782e-16,kg,False
Gibberellic acid,3.7897732604138706e-15,kg,False
Benzo(a)pyrene,5.1353290275006994e-14,kg,False
Antimony ion,1.0805098427373058e-09,kg,False
Radium-226,2.005217643077469e-05,kBq,False
Diethyl ether,2.0305716171616257e-14,kg,False
"2,4-DB",9.006983235171208e-19,kg,False
Flusilazole,8.289448726732653e-22,kg,False
MCPB,6.752389444316896e-14,kg,False
Lead-210,8.559357407232363e-05,kBq,False
Thiophanate-methyl,5.193673414930339e-11,kg,False
"Transformation, from forest, extensive",0.6659077682414658,m2,True
Pinoxaden,8.693318097629578e-13,kg,False
Anthraquinone,1.5556856241525009e-12,kg,False
Chloride,0.0005536876234024493,kg,False
Caesium I,1.6539013323925296e-07,kg,False
Fluopicolide,1.0270909734821842e-11,kg,False
Chlorantraniliprole,1.03318699945782e-17,kg,False
Fluoride,3.638735833172895e-06,kg,False
Metrafenone,5.233827224866012e-14,kg,False
MCPB,1.2795391730899015e-09,kg,False
Spiroxamine,3.1672879127636464e-10,kg,False
Novaluron,3.222236541757868e-10,kg,False
Carbendazim,7.262904717995148e-09,kg,False
Diquat dibromide,4.111325345468571e-10,kg,False
Trifluralin,7.769376146302063e-14,kg,False
Cobalt II,9.12741358523254e-08,kg,False
Pyriproxyfen,3.434842152344508e-12,kg,False
Sulfur dichloride,1.5237270785673794e-13,kg,False
Mercury II,7.173450532683716e-09,kg,False
Barium II,9.259555899399648e-05,kg,False
Propiconazole,7.963859187636484e-12,kg,False
Lambda-cyhalothrin,1.787698141211327e-11,kg,False
Zinc II,9.0348850851234e-05,kg,False
Tungsten,3.9130018575283264e-08,kg,False
Lead II,1.6550599586861037e-09,kg,False
"1,1,2-Trichloro-1,2,2-trifluoroethane",3.1644312531653625e-09,kg,False
Mecoprop-P,2.8005350199939975e-13,kg,False
Bentazone,2.1582217062057523e-09,kg,False
Fluquinconazole,4.454714989218764e-16,kg,False
Glufosinate ammonium,8.0904733690108e-08,kg,False
Phosphorus,1.8201926832598978e-05,kg,False
Cymoxanil,1.9424841553718818e-14,kg,False
Lead II,1.095301901686784e-06,kg,False
Triclopyr,9.550413614115175e-14,kg,False
Tribenuron-methyl,1.1170835596651181e-13,kg,False
Diquat dibromide,9.065278510383486e-09,kg,False
"Radioactive species, other beta emitters",1.0264733134769064e-12,kBq,False
Pencycuron,1.5775110048053872e-11,kg,False
Ethylamine,7.268131982272822e-09,kg,False
Metalaxyl-M,1.2310075024846535e-12,kg,False
Barite,0.0008675045703419297,kg,False
Thiophanate-methyl,2.2336721134021487e-11,kg,False
Dichlorprop,1.0660679237276226e-16,kg,False
Pentachlorobenzene,1.7437632954667907e-12,kg,False
Choline chloride,1.3328018777285928e-11,kg,False
Cupric hydroxide,6.877469885698238e-13,kg,False
Emamectin benzoate,1.1949786955842126e-11,kg,False
Tebuthiuron,3.214010813511603e-12,kg,False
Dysprosium,6.170096732344165e-08,kg,True
"Dibenz(a,h)anthracene",4.6467583254548967e-07,kg,False
Phosgene,1.3968305898243814e-06,kg,False
Linuron,1.09619669962313e-19,kg,False
Mesosulfuron,1.3069778424307812e-13,kg,False
Caesium-134,3.6616967724210684e-08,kBq,False
Alkylbenzene (c10-c15),1.3559685727966646e-07,kg,False
Myclobutanil,2.3929865610218363e-10,kg,False
Nitrite,2.3049565052023597e-07,kg,False
Carnallite,0.0005249386689347021,kg,True
"Occupation, traffic area, rail network",0.044254079737214444,m2*a,True
Xenon-131m,0.053935270381436334,kBq,False
Bixafen,1.7451269864383556e-12,kg,False
Chlorimuron-ethyl,6.906118143307355e-09,kg,False
Laminarin,1.6016544231967594e-13,kg,False
Abamectin,7.167929416132883e-09,kg,False
