Flow,Amount,Unit,Is input
Water,0.01989468460086843,m3,False
"Transformation, to industrial area",0.0002055126658438634,m2,True
"Transformation, to lake, artificial",6.802810362093697e-05,m2,True
"Water, turbine use, unspecified natural origin",25.944104161037092,m3,True
"Transformation, from forest, unspecified",9.730908377993461e-05,m2,True
"Energy, potential (in hydropower reservoir), converted",3.6153840019306327,MJ,True
"Carbon dioxide, from soil or biomass stock",0.008656992860279503,kg,False
Water,26.022123910778898,m3,False
"Methane, non-fossil",0.00018925848537529043,kg,False
"Volume occupied, reservoir",0.10478931688411357,m3*a,True
"Occupation, lake, artificial",0.008970950899381328,m2*a,True
Water,0.18774577115603747,m3,False
"Particulate Matter, > 2.5 um and < 10um",8.375179751374575e-05,kg,False
"Hydrocarbons, unspecified",1.1018719407054777e-06,kg,False
Cadmium II,1.1346291385658951e-08,kg,False
"Dioxins, measured as 2,3,7,8-tetrachlorodibenzo-p-dioxin",5.601090022968113e-13,kg,False
Selenium IV,1.0492533926499195e-08,kg,False
Chromium VI,2.593279331496685e-09,kg,False
Vanadium V,6.851928744824374e-10,kg,False
Copper ion,2.1637533707996757e-06,kg,False
"TOC, Total Organic Carbon",3.673353021549035e-05,kg,False
Ammonia,0.0010183851364912841,kg,False
Arsenic ion,7.28462273511981e-08,kg,False
Chromium III,1.35317868504765e-07,kg,False
Zinc II,1.0427155904176192e-06,kg,False
Nitrogen,2.2480662531688405e-07,kg,False
"Water, unspecified natural origin",0.0022601289686027624,m3,True
"AOX, Adsorbable Organic Halides",3.4266010300223166e-08,kg,False
Benzene,7.665438590736991e-06,kg,False
Rhodium III,3.0889458864025525e-11,kg,False
Mercury II,1.2524952341979803e-09,kg,False
Chloride,0.00023664273918188754,kg,False
Tin ion,1.4899804717450534e-07,kg,False
Formaldehyde,1.7632114628154505e-06,kg,False
Nickel II,1.5236935837625887e-07,kg,False
Sulfate,0.0001459485429764141,kg,False
Sulfide,1.1569930694853974e-06,kg,False
Selenium IV,1.3967351692084449e-09,kg,False
"Suspended solids, unspecified",1.1711739857253445e-05,kg,False
Nitrogen oxides,0.007101623370719996,kg,False
Tellurium,4.6859657348300355e-11,kg,False
Platinum,3.0889458864025525e-11,kg,False
"PAH, polycyclic aromatic hydrocarbons",8.696134705620139e-11,kg,False
Beryllium II,4.632854178981471e-10,kg,False
Palladium II,3.091596963038606e-11,kg,False
Vanadium V,3.1850144556770763e-07,kg,False
Copper ion,2.868517323328401e-07,kg,False
Antimony ion,1.9013607602632347e-07,kg,False
Ammonium,2.7587053916050823e-06,kg,False
Cobalt II,4.7258810693847904e-08,kg,False
Arsenic ion,1.4686927559145292e-09,kg,False
Fluoride,6.239907891528369e-05,kg,False
Barium II,9.007647069494527e-08,kg,False
Hydrogen fluoride,2.2041711896498017e-06,kg,False
Lead II,8.526809462820313e-07,kg,False
Hydrochloric acid,6.75423263390068e-06,kg,False
Boron,1.3645692036712563e-08,kg,False
Chromium III,1.2491456334916502e-05,kg,False
Sodium I,6.146969407646483e-05,kg,False
"NMVOC, non-methane volatile organic compounds",0.001293791566846242,kg,False
t-Butyl methyl ether,6.822846018356267e-10,kg,False
Cyanide,2.2299462573803678e-07,kg,False
"Heat, waste",0.061452785002926856,MJ,False
Nickel II,6.877539389379836e-07,kg,False
Hydrogen sulfide,1.247678546718767e-05,kg,False
Cobalt II,5.288654890697784e-10,kg,False
Mercury II,1.4086836107444792e-08,kg,False
Benzene,2.0607435983641402e-05,kg,False
"Particulate Matter, < 2.5 um",0.00019559976842239022,kg,False
"Carbon monoxide, fossil",0.00218248840371976,kg,False
Cadmium II,6.454468145767343e-09,kg,False
"Xylenes, unspecified",7.303343366295282e-07,kg,False
Dinitrogen monoxide,3.635516700099798e-05,kg,False
Toluene,3.995641037936679e-07,kg,False
"Particulate Matter, > 10 um",0.00035717314105836645,kg,False
Thallium I,2.168809766798607e-09,kg,False
Aluminium III,1.7361539576074792e-08,kg,False
Nitrate,4.608415290449214e-07,kg,False
"Xylenes, unspecified",8.419596546873636e-09,kg,False
Nitrite,2.5255008909515402e-09,kg,False
"BOD5, Biological Oxygen Demand",0.00010041355455514437,kg,False
Molybdenum VI,3.4114230091781374e-10,kg,False
"Heat, waste",0.009339570284452947,MJ,False
Water,0.008530032896939621,m3,False
Benzo(a)pyrene,9.53943308469844e-09,kg,False
"Water, cooling, unspecified natural origin",0.09011464441494696,m3,True
Manganese II,1.3186727451011944e-07,kg,False
Zinc II,1.6133343890754184e-07,kg,False
Iron ion,7.51953158120436e-06,kg,False
Manganese II,2.5730291618907757e-08,kg,False
Toluene,5.6893943937274386e-08,kg,False
"PAH, polycyclic aromatic hydrocarbons",3.759274815745302e-07,kg,False
Lead II,1.2996787035553665e-07,kg,False
Tin ion,3.4254336171022183e-10,kg,False
Phenol,3.9179962808346516e-08,kg,False
"Carbon dioxide, fossil",0.2657692706078127,kg,False
"Methane, fossil",8.787042260220924e-06,kg,False
Phosphorus,2.922316178014836e-08,kg,False
"Carbon dioxide, non-fossil",0.003946758351654204,kg,False
Sulfur dioxide,0.0004212587887732307,kg,False
"DOC, Dissolved Organic Carbon",3.671267658552919e-05,kg,False
"COD, Chemical Oxygen Demand",0.00010309723077001759,kg,False
"Water, well, in ground",0.0036698324647012693,m3,True
"DOC, Dissolved Organic Carbon",0.0022772392335845865,kg,False
Chloride,0.003576778687076033,kg,False
"COD, Chemical Oxygen Demand",0.0011892692989820272,kg,False
Phenol,2.9295161485662365e-07,kg,False
Chlorine,5.822790714068811e-06,kg,False
"Water, river",0.020636019716618784,m3,True
Sodium I,0.006703315503573862,kg,False
"Carbon dioxide, fossil",0.4533203814484215,kg,False
Phenol,5.2074301158286794e-08,kg,False
"TOC, Total Organic Carbon",0.000611365910995674,kg,False
"BOD5, Biological Oxygen Demand",0.0007862168993201609,kg,False
Hydrogen,0.0007698520379643524,kg,False
Ammonia,1.3647734176413267e-05,kg,False
Benzene,3.4894745050848807e-06,kg,False
"NMVOC, non-methane volatile organic compounds",0.0011763152232099764,kg,False
Nickel II,0.0001339461555920443,kg,False
"PAH, polycyclic aromatic hydrocarbons",7.497951744376608e-07,kg,False
"Carbon dioxide, fossil",0.9448145985351876,kg,False
Selenium IV,4.6402808613205874e-07,kg,False
Lead II,1.3814362971476285e-08,kg,False
"Methane, fossil",0.004019315447284535,kg,False
Sulfur dioxide,0.04635033427792058,kg,False
Cadmium II,3.198907150374356e-09,kg,False
Benzo(a)pyrene,1.3031997873873429e-08,kg,False
Dinitrogen monoxide,1.992459508126959e-05,kg,False
Copper ion,1.849633480987926e-05,kg,False
"Carbon monoxide, fossil",0.0006125319188006101,kg,False
Zinc II,2.2325082230218605e-07,kg,False
"Particulate Matter, < 2.5 um",0.003340089261530893,kg,False
Cadmium II,2.3937555390777352e-05,kg,False
Chromium III,1.4924963362233456e-05,kg,False
Nitrogen oxides,0.003504799786813677,kg,False
Zinc II,6.305552665387165e-05,kg,False
"Dioxins, measured as 2,3,7,8-tetrachlorodibenzo-p-dioxin",1.9818281891115525e-13,kg,False
Dinitrogen monoxide,7.861663986446826e-05,kg,False
"Carbon monoxide, fossil",0.0055950470126600385,kg,False
Sulfur dioxide,0.002147123242385586,kg,False
"NMVOC, non-methane volatile organic compounds",8.318626768092471e-05,kg,False
"Methane, fossil",0.0001782737379672167,kg,False
Nitrogen oxides,0.0009142972295882891,kg,False
Oxygen,0.1520606087811255,kg,True
"Heat, waste",0.231568651038859,MJ,False
Mercury II,1.0668249163242276e-08,kg,False
Non-hazardous waste disposed,25.62780272168542,kg,False
"Occupation, dump site",0.16691569425205058,m2*a,True
"Transformation, from unspecified",0.0016550279351378516,m2,True
"Transformation, to dump site",0.0013234773177361423,m2,True
Sulfur hexafluoride,1.906763496019045e-07,kg,False
"Particulate Matter, > 10 um",0.0051519580157086825,kg,False
Nickel II,1.5485844405971012e-06,kg,False
"COD, Chemical Oxygen Demand",7.344333547330995e-06,kg,False
Sulfate,0.008527144751377188,kg,False
Manganese II,2.8485105681764723e-05,kg,False
"DOC, Dissolved Organic Carbon",2.804357454262143e-05,kg,False
"TOC, Total Organic Carbon",2.804357454262143e-05,kg,False
Iron ion,0.0003306166288429922,kg,False
Chromium III,6.4701308524565185e-09,kg,False
Dissolved solids,5.980728216755625e-05,kg,False
Arsenic ion,5.305405360499161e-07,kg,False
Cadmium II,2.939486905025823e-07,kg,False
Lead II,3.6001505482522923e-07,kg,False
"Occupation, industrial area",0.010016729648059252,m2*a,True
Selenium IV,1.0065282603566971e-07,kg,False
"BOD5, Biological Oxygen Demand",1.316933768994798e-06,kg,False
"Solids, inorganic",0.0004846094887898176,kg,False
Tin ion,6.638871707605947e-07,kg,False
Chloride,0.0054754310538426346,kg,False
Copper ion,9.498281606809111e-06,kg,False
Uranium alpha,0.0007317997093644531,kBq,False
"Transformation, to mineral extraction site",0.00013969325853912078,m2,True
Uranium,4.439737135689797e-06,kg,True
Radon-222,2.376302882898554,kBq,False
Radium-226,0.036243944668951866,kBq,False
Gangue,37.09135853152637,kg,True
"Suspended solids, unspecified",3.4191221505934e-05,kg,False
"Transformation, from industrial area",1.0056411510656855e-06,m2,True
Molybdenum VI,1.2750737391696122e-05,kg,False
Sulfate,0.0085535232995663,kg,False
Cadmium II,2.6218099029533725e-08,kg,False
Aluminium III,3.0188657902923464e-05,kg,False
Nitrate,9.227232867201884e-05,kg,False
Magnesium,0.00018110583319981682,kg,False
Lead II,1.346048334307542e-07,kg,False
Arsenic ion,1.2624684934820362e-06,kg,False
Selenium IV,1.3466978602456453e-06,kg,False
Uranium alpha,4.4144788854087205e-05,kBq,False
Ammonium,1.436162764623321e-05,kg,False
"Occupation, mineral extraction site",0.003869418256162805,m2*a,True
Zinc II,4.204859971083396e-06,kg,False
Barium II,8.82243982733727e-06,kg,False
Iron ion,1.910214078148859e-05,kg,False
Thorium-230,0.0015880641728786321,kBq,False
Vanadium V,1.9751801805129795e-06,kg,False
Manganese II,1.7283569410116177e-06,kg,False
"Transformation, to unspecified",4.4061169999180007e-05,m2,True
"Energy, solar, converted",0.007271418394012728,MJ,True
"Transformation, from pasture, man made",0.0001535347936686526,m2,True
"Occupation, river, artificial",0.004242272290929481,m2*a,True
"Transformation, from shrub land, sclerophyllous",8.339766955832125e-05,m2,True
"Transformation, to river, artificial",4.5858022890968696e-05,m2,True
Nitrobenzene,9.704411013841419e-09,kg,False
Aniline,2.3564259584208916e-09,kg,False
Chlorine,4.4278351456993463e-07,kg,False
Vinyl chloride,3.03473088272676e-08,kg,False
"1,1,2-Trichloroethane",2.2253533465636934e-10,kg,False
Zirconium-95,0.0002829589248915577,kBq,False
Niobium-95,0.0006935555899498422,kBq,False
"Hydrocarbons, unspecified",1.301797932690586e-06,kg,False
Technetium-99m,1.4934865179781391e-06,kBq,False
Antimony-124,0.0006264425934805605,kBq,False
"Noble gases, radioactive, unspecified",30.26144868602906,kBq,False
Cobalt-58,0.00013913139608285385,kBq,False
Antimony-125,5.221296970474363e-06,kBq,False
Molybdenum-99,5.5644676093085456e-08,kBq,False
Chromium-51,1.1686611437822253e-05,kBq,False
Zinc-65,5.0114810222194405e-05,kBq,False
Iodine-131,0.00012216778835018937,kBq,False
Antimony-125,2.770042497695476e-09,kBq,False
Tritium,3.4675044126412473,kBq,False
Antimony-122,1.0701360760329759e-07,kBq,False
Cobalt-60,1.712377620296715e-08,kBq,False
Ruthenium-103,3.456636867748906e-08,kBq,False
Silver-110,3.7052277853792813e-10,kBq,False
Strontium-89,1.2238415916930055e-06,kBq,False
Water,0.0019300579378042657,m3,False
Barium-140,5.7765209598402677e-08,kBq,False
Xenon-133,0.0845723729232446,kBq,False
Caesium-136,3.326418554925479e-08,kBq,False
Iodine-133,2.1544774982076018e-07,kBq,False
Tellurium-132,9.96741787632434e-09,kBq,False
Zirconium-95,6.8915895838178455e-09,kBq,False
Krypton-85m,0.0016286018620151877,kBq,False
Tellurium-123m,2.2223294339536963e-07,kBq,False
Cobalt-60,8.154810638497711e-05,kBq,False
Niobium-95,4.4414893977631023e-07,kBq,False
Iodine-133,1.2776726449495488e-07,kBq,False
"Radioactive species, alpha emitters",3.210298412664632e-06,kBq,False
Carbon-14,6.935555291245191e-05,kBq,False
Lanthanum-140,1.998126234439004e-07,kBq,False
Cerium-144,5.705814033716019e-08,kBq,False
Cobalt-57,1.055930729890903e-06,kBq,False
Carbon-14,0.005996613024058231,kBq,False
Antimony-124,1.2326809569791394e-10,kBq,False
"Aerosols, radioactive, unspecified",4.169293668485183e-07,kBq,False
Manganese-54,3.9126137648788695e-06,kBq,False
Caesium-137,1.2469400539374134e-08,kBq,False
Iron-59,0.0005656676440372755,kBq,False
Xenon-135,0.027704874181438566,kBq,False
Cerium-141,7.421709700373177e-08,kBq,False
Caesium-137,2.8968646463415545e-05,kBq,False
Caesium-134,4.3464308489944596e-06,kBq,False
Sodium-24,1.2202067739093181e-06,kBq,False
"Radioactive species, other beta emitters",1.3698535459510781e-08,kBq,False
Iodine-131,2.9040645386425136e-05,kBq,False
Cobalt-58,2.568332366798767e-09,kBq,False
Strontium-90,0.000728142812394606,kBq,False
Silver-110,4.162083357231605e-05,kBq,False
"Transformation, from dump site",5.08315047165856e-05,m2,True
"Transformation, to forest, unspecified",7.86475911101331e-05,m2,True
Vanadium V,0.00025584603423030365,kg,False
"Transformation, from traffic area, road network",3.0499080739790847e-05,m2,True
"Transformation, to traffic area, road network",5.438148336180945e-05,m2,True
Silicon,0.12038566388043381,kg,False
"Transformation, to shrub land, sclerophyllous",6.749439998492031e-05,m2,True
"Occupation, shrub land, sclerophyllous",0.00033746763578607395,m2*a,True
Hazardous waste disposed,26.196977467985263,kg,False
"Waste mass, total, placed in landfill",1.019265835540839,kg,True
"Occupation, traffic area, road network",0.008493335092141186,m2*a,True
Molybdenum VI,0.000180787900179715,kg,False
"Occupation, construction site",0.0005704045636690516,m2*a,True
"Transformation, to pasture, man made",3.2039972633147196e-05,m2,True
Silicon,0.0005179090665099983,kg,False
Iron ion,0.26600931034961467,kg,False
Zinc II,2.674824498704929e-05,kg,False
Propylene,5.301237201268402e-06,kg,False
"Hydrocarbons, aliphatic, alkanes, cyclic",8.686985968742494e-06,kg,False
"Particulate Matter, < 2.5 um",0.0002520752432959697,kg,False
Propylene oxide,6.612134234577106e-06,kg,False
"PAH, polycyclic aromatic hydrocarbons",1.0600473917818681e-07,kg,False
Methyl ethyl ketone,4.446158387835206e-07,kg,False
Heptane,1.7032275993635899e-06,kg,False
Copper ion,1.828454859317023e-07,kg,False
Ethane,7.121526243793525e-06,kg,False
Nickel II,2.6044584500492586e-07,kg,False
Toluene,9.215271098394708e-07,kg,False
Benzene,1.0421960711869782e-05,kg,False
Isohexane,2.282891110873476e-09,kg,False
Ethylene oxide,6.204995372647727e-08,kg,False
1-Pentene,4.1598264366328764e-11,kg,False
o-Xylene,2.55556947784355e-10,kg,False
Pentane,1.6446799547049373e-06,kg,False
Ethylene,1.4824502670351076e-05,kg,False
Cadmium II,8.209725920189251e-09,kg,False
Propane,4.9193856722499946e-06,kg,False
Acetone,2.640633600569229e-07,kg,False
m-Xylene,6.394479973741085e-08,kg,False
Acrolein,1.3150573393062235e-09,kg,False
Chromium VI,8.32321861308073e-09,kg,False
Formaldehyde,1.2294443674020526e-06,kg,False
Benzaldehyde,5.921332982097017e-10,kg,False
Butane,1.7141510878223806e-05,kg,False
Selenium IV,3.8395015729908476e-08,kg,False
Styrene,1.4386460222952243e-07,kg,False
Hexane,3.951510042778636e-06,kg,False
Acetaldehyde,1.396229335008088e-06,kg,False
Chromium III,8.202665104074197e-08,kg,False
Ammonia,4.2178550115647326e-05,kg,False
Lead II,3.5834070164879057e-07,kg,False
Hydrogen,2.754123492549065e-05,kg,False
Ethylene,4.238816788086182e-10,kg,False
Lead II,0.00017384244131337916,kg,False
Propane,1.2195961738640092e-05,kg,False
Arsenic ion,6.842690064766281e-05,kg,False
"Dioxins, measured as 2,3,7,8-tetrachlorodibenzo-p-dioxin",2.0279543790519658e-12,kg,False
Propionic acid,5.84517893288356e-08,kg,False
Butane,1.822845231801569e-05,kg,False
Acenaphthene,2.990276168281371e-09,kg,False
Beryllium II,1.4787945640356626e-08,kg,False
Hexane,9.772348447251293e-06,kg,False
Manganese II,2.5746934743779545e-05,kg,False
Acetaldehyde,1.0726974006122646e-06,kg,False
Formaldehyde,2.2179385465632645e-06,kg,False
Cobalt II,2.8805985635765496e-07,kg,False
Pentane,1.53551471709838e-05,kg,False
Acetic acid,1.2243716090655255e-06,kg,False
Toluene,1.7545044601823052e-06,kg,False
Ethane,2.0758366786356784e-05,kg,False
Mercury II,1.6239865188892048e-07,kg,False
Scandium,9.350623166136961e-07,kg,False
Lead II,0.0034503683900975217,kg,False
Cadmium II,9.347203608250453e-05,kg,False
Molybdenum VI,3.284640737588122e-06,kg,False
Vanadium V,8.659273499752827e-08,kg,False
Thallium I,3.526114171649701e-08,kg,False
Antimony ion,3.2280983741660093e-07,kg,False
Iodide,1.130639977609228e-08,kg,False
Boron,5.424006042812786e-07,kg,False
Thallium I,0.00021150658352954812,kg,False
Magnesium,0.0007076452386591957,kg,False
Potassium I,4.194655241098313e-05,kg,False
Barium II,0.0037687595992422314,kg,False
Bromine,7.558776946101866e-06,kg,False
Aluminium III,0.00016732329751557005,kg,False
Phosphate,0.01752766749703445,kg,False
Mercury II,5.586587264617474e-09,kg,False
Cobalt II,2.9930257751191394e-06,kg,False
Bromine,1.0238326450451038e-07,kg,False
Silicon,0.00010987010015707437,kg,False
Tungsten,3.077773409906971e-05,kg,False
Beryllium II,4.23404697304675e-05,kg,False
Copper ion,0.02205658358291467,kg,False
Iodide,8.394661604514656e-07,kg,False
Mercury II,6.781647596665259e-06,kg,False
Zinc II,1.9376201883644722e-05,kg,False
Calcium II,0.1475630423311961,kg,False
Sodium I,0.03291228235621854,kg,False
Phosphate,0.0010541971306383075,kg,False
Tin ion,0.0007134406221278501,kg,False
Chromium VI,9.863748078803735e-05,kg,False
Nickel II,0.0009061892565318741,kg,False
Beryllium II,9.884979757905967e-08,kg,False
Zinc II,0.004780963129180891,kg,False
Antimony ion,2.044347621461393e-05,kg,False
Cobalt II,0.00044730957149121076,kg,False
Fluoride,2.094023406256806e-05,kg,False
Chromium VI,3.1717641493001576e-07,kg,False
Manganese II,0.004735748788515308,kg,False
Chloride,0.004719821329652102,kg,False
Fluoride,0.01062483822910915,kg,False
Strontium II,6.470762453939529e-06,kg,False
Potassium I,0.016626134869272165,kg,False
Aluminium III,0.29474630420753195,kg,False
Titanium ion,0.0054030283095740355,kg,False
Arsenic ion,0.0001836801143039856,kg,False
Magnesium,0.050014009579628774,kg,False
Strontium II,0.002494579110309782,kg,False
Barium II,1.220743881557888e-07,kg,False
Selenium IV,2.0222662606382855e-05,kg,False
Scandium,0.00033658572163261,kg,False
Boron,5.398241149584987e-05,kg,False
Tungsten,4.862708710300399e-07,kg,False
Sodium I,0.00029911183080955496,kg,False
Sulfate,0.06425717756527558,kg,False
Calcium II,0.0014052805144469335,kg,False
Titanium ion,2.4886951430537276e-07,kg,False
"BOD5, Biological Oxygen Demand",0.0046660764002249755,kg,False
Nitrate,0.00033993153642015685,kg,False
Titanium ion,2.786782101539569e-08,kg,False
Antimony ion,8.617042423916079e-06,kg,False
Magnesium,1.3998045113510266e-06,kg,False
"Heat, waste",0.10931271265082854,MJ,False
Silver I,0.00021135765752814967,kg,False
"TOC, Total Organic Carbon",0.024305599669061886,kg,False
Molybdenum VI,8.209743625241034e-09,kg,False
Silver I,1.1678995734769707e-11,kg,False
"COD, Chemical Oxygen Demand",0.044267737118712604,kg,False
Aluminium III,1.2160514586146092e-07,kg,False
Nitrate,0.0009063365821458572,kg,False
Hydrochloric acid,0.00015028222272615822,kg,False
Nitrite,9.729423303720053e-08,kg,False
"Nitrogen, organic bound",7.874916252107188e-06,kg,False
"Heat, waste",0.007058725421545587,MJ,False
"DOC, Dissolved Organic Carbon",0.024305599669061886,kg,False
Silicon,4.342110963753123e-07,kg,False
Barium II,3.5951126552922185e-07,kg,False
Iron ion,2.871954155151178e-06,kg,False
Ammonium,2.4538136886923974e-05,kg,False
Sodium I,8.503495193244774e-08,kg,False
Nitrite,2.6223869187450256e-07,kg,False
Thallium I,3.392337155984801e-12,kg,False
Strontium II,3.283600296457961e-07,kg,False
Hydrogen fluoride,1.7619902331085907e-05,kg,False
"Organic carbon, placed in landfill",0.01075624184293866,kg,True
"Carbon dioxide, non-fossil",0.010841137688580142,kg,False
Ammonium,1.1779154858733486e-05,kg,False
Silver I,2.3803477755341215e-08,kg,False
Calcium II,2.93833664242866e-07,kg,False
Hydrogen sulfide,0.00071417695969471,kg,False
"Nitrogen, organic bound",2.9217131762047726e-06,kg,False
Hydrogen sulfide,0.0012396767208532253,kg,False
Potassium I,6.224722835869265e-08,kg,False
Pentachlorobenzene,8.431859931170196e-13,kg,False
Calcium II,0.0031447480779782148,kg,False
Phosphorus,3.9900182736592466e-07,kg,False
Titanium ion,1.386366783732403e-06,kg,False
Water,4.1184668112428395e-05,m3,False
Phosphate,4.939458777152327e-06,kg,False
Silicon,6.006969978515577e-05,kg,False
Hexachlorobenzene,3.374709347124391e-13,kg,False
"Heat, waste",0.014633868472806186,MJ,False
Calcium II,9.015429633031978e-06,kg,False
"Particulate Matter, > 2.5 um and < 10um",0.00010440503663554464,kg,False
Cyanide,5.4080357778954993e-08,kg,False
Titanium ion,4.1007829993716064e-07,kg,False
Iron ion,1.6489584281223804e-05,kg,False
Pentachlorophenol,4.310225481325751e-12,kg,False
Benzo(a)pyrene,2.7267409034943367e-09,kg,False
"Carbon dioxide, non-fossil, resource correction",0.009095111046573184,kg,True
"Carbon dioxide, non-fossil",0.05791825107239017,kg,False
"Carbon dioxide, to soil or biomass stock",0.00022112686036966246,kg,False
"Carbon, organic, increase in soil or biomass stock",6.196185772211238e-05,kg,True
"Transformation, to permanent crop",2.8737267011536683e-05,m2,True
"Transformation, from arable land, unspecified use",0.0018076174674370715,m2,True
Ozone,8.432745837493674e-06,kg,False
"Aldehydes, unspecified",6.683761310436757e-10,kg,False
Sulfide,1.214041048963594e-07,kg,False
"Particulate Matter, > 10 um",0.00012888933348081057,kg,False
"Acidity, unspecified",1.2847026327377203e-08,kg,False
Fluoride,9.51503106734122e-06,kg,False
Chromium III,4.639028839021483e-08,kg,False
"Oils, unspecified",1.5063706224032762e-06,kg,False
Nickel II,8.092735376433555e-07,kg,False
Dissolved solids,0.05600865013065958,kg,False
Mercury II,4.694355949386141e-09,kg,False
Copper ion,7.040919461670915e-07,kg,False
Thallium I,2.2107389335766423e-09,kg,False
Scandium,2.7154003757508414e-09,kg,False
Chromium VI,1.1851963212082498e-06,kg,False
Potassium I,0.0019596700677546376,kg,False
Silver I,5.4686300335303e-09,kg,False
Antimony ion,3.5594694301428355e-07,kg,False
Strontium II,3.433559728785241e-05,kg,False
Tin ion,1.8160814375456238e-08,kg,False
Beryllium II,4.1369653940162413e-10,kg,False
Tungsten,1.8628526828814831e-06,kg,False
Cobalt II,3.4653870105691794e-07,kg,False
"Particulate Matter, > 2.5 um and < 10um",0.0036560260428764113,kg,False
"Energy, kinetic (in wind), converted",0.6021056460079961,MJ,True
"Water, salt, ocean",0.1877161501140633,m3,True
Hypochlorite,0.0006786902366147359,kg,False
Sodium I,0.0023107071846906486,kg,False
Argon,4.344748588765986e-08,kg,False
Hexachlorobenzene,6.22797034178893e-11,kg,False
"Water, unspecified natural origin",0.00010639237474425605,m3,True
Polychlorinated biphenyls,3.0744611952590184e-11,kg,False
"Hydrocarbons, aromatic",1.3155684449204242e-06,kg,False
Hydrochloric acid,0.00014537101405006378,kg,False
Chromium VI,1.9319312292189456e-10,kg,False
Polychlorinated biphenyls,4.9019946154121446e-11,kg,False
Titanium ion,7.83607732579726e-08,kg,False
Platinum,7.172900875735167e-13,kg,False
"Carbon monoxide, non-fossil",6.768602394672152e-05,kg,False
Arsenic ion,1.0020802100948634e-07,kg,False
Boron,1.188126866962498e-07,kg,False
Fluoride,6.091298206273443e-07,kg,False
Phosphorus,8.866941512000756e-07,kg,False
Iron ion,2.9195655189214305e-05,kg,False
Strontium II,1.246263404187269e-07,kg,False
Manganese II,6.013383047748133e-07,kg,False
Chromium III,1.4762261389108408e-07,kg,False
Sodium I,2.5351328848366745e-05,kg,False
Carbon,0.00015694874876250912,kg,False
Barium II,5.764157233184332e-06,kg,False
Magnesium,1.0764854801588752e-05,kg,False
Potassium I,4.878966148536451e-06,kg,False
Sulfur,1.5480908075823264e-05,kg,False
Chloride,4.5795103153844744e-05,kg,False
Aluminium III,1.6824116850580776e-05,kg,False
Silicon,1.785369607626125e-05,kg,False
Arsenic ion,5.209804013385506e-09,kg,False
Calcium II,5.161997611931996e-05,kg,False
Zinc II,7.518538419635551e-07,kg,False
Isopropanol,9.512737268993604e-08,kg,False
Protactinium-234,1.8756955673270606e-05,kBq,False
Uranium-238,6.703190353118165e-05,kBq,False
Protactinium-234,6.461094798431232e-06,kBq,False
Uranium-235,2.422284197734133e-05,kBq,False
Thorium-234,6.462130591920918e-06,kBq,False
Uranium-238,9.654202631449896e-05,kBq,False
Uranium-234,2.386300570424051e-05,kBq,False
Radium-226,0.00013014764110489104,kBq,False
Thorium-230,1.3094678370252774e-05,kBq,False
Uranium-235,3.875473553749851e-07,kBq,False
Thorium-234,1.8768027948505188e-05,kBq,False
Uranium-234,2.170942328695146e-05,kBq,False
Boron,3.1226340925583933e-06,kg,False
"Carbon monoxide, non-fossil",6.235063195710059e-06,kg,False
Aluminium hydroxide,4.120314490113245e-11,kg,False
"Transformation, to dump site, residual material landfill",1.0554353377193075e-08,m2,True
Ethyl acetate,2.3793875026169997e-08,kg,False
Ethyl acetate,5.784280630826866e-10,kg,False
Oxygen,0.0008688693449386625,kg,False
Formic acid,1.0587395438434792e-09,kg,False
Methyl ethyl ketone,7.30325090396006e-08,kg,False
Acetone,1.940554861091933e-07,kg,False
Butane,9.467778047725106e-08,kg,False
Acetic acid,2.2732305711248236e-06,kg,False
Acetone,4.1273494699335594e-08,kg,False
Methyl acetate,1.0001816614965809e-08,kg,False
Methyl acetate,4.1337569726410245e-10,kg,False
Copper,0.10395265349665526,kg,True
Bromate,2.0463131226594806e-07,kg,False
Fluorine,4.236798634402142e-08,kg,False
Hydrogen fluoride,1.4046269026498064e-05,kg,False
"Hydrocarbons, chlorinated",3.451506759086181e-08,kg,False
Dichloromethane,1.4617658020767234e-06,kg,False
Ethylene dichloride,1.2620234693598176e-10,kg,False
Sulfate,3.191951834319581e-05,kg,False
Iron,0.36362090300993904,kg,True
Hydrogen sulfide,1.5393131578185216e-06,kg,False
Granite,0.007005549459783097,kg,True
Shale,0.13688825853522243,kg,True
Aluminium,0.0035924874516150072,kg,True
"Coal, brown",0.13441403560781345,kg,True
"Clay, unspecified",0.058132624456926435,kg,True
Manganese,0.2875860513548223,kg,True
"Chlorinated solvents, unspecified",3.166038380658409e-08,kg,False
Gravel,0.4567901002181594,kg,True
Calcite,0.22243164870143176,kg,True
"Xylenes, unspecified",7.258777519257346e-07,kg,False
Antimony ion,6.993410024604393e-09,kg,False
Titanium,0.00039528187183174464,kg,True
Sodium nitrate,1.411386338060084e-06,kg,True
"Methane, non-fossil",4.463233191892689e-06,kg,False
Sylvite,0.000553515557155915,kg,True
Mercury,8.668230647272004e-10,kg,True
"Hydrocarbons, aromatic",5.591079675659221e-08,kg,False
Barium,0.0016513304328195947,kg,True
Lead,0.0008998279871343289,kg,True
"Sand, unspecified",0.03396977617967862,kg,True
Phosphorus,3.966253586727127e-06,kg,False
Carbon disulfide,2.2072769470391325e-10,kg,False
Talc,2.4500540344201325e-05,kg,True
Carbonate,2.779529059928559e-05,kg,False
Olivine,3.2173485892863544e-10,kg,True
"Carbon monoxide, non-fossil",0.0002364153723376906,kg,False
"Clay, bentonite",0.0003549168917610244,kg,True
Vinyl chloride,2.6387774776324534e-10,kg,False
Sodium chloride,0.013454203600745918,kg,True
Feldspar,5.583989707411928e-12,kg,True
"Gas, natural",0.15420348664732497,m3,True
Anhydrite,3.8609166666375224e-10,kg,True
"AOX, Adsorbable Organic Halides",9.642286752840742e-08,kg,False
Dolomite,0.0026878703886906515,kg,True
Ethyl benzene,1.0753124330487214e-07,kg,False
Fluorspar,0.004501654423854307,kg,True
Benzene,4.409057687533875e-07,kg,False
Peat,0.0003367410841685018,kg,True
Chlorine,3.2617179265489046e-05,kg,False
Nitrogen,3.455907136815397e-05,kg,False
Cyanide,9.711248405873229e-06,kg,False
Chromium,0.0031599178532092714,kg,True
Ethylene dichloride,7.931586735995115e-09,kg,False
Sulfur,0.020067251084039055,kg,True
Nickel,0.0038706760477285615,kg,True
Chlorate,2.2743442354586654e-06,kg,False
Vinyl chloride,6.455383803564324e-09,kg,False
Zinc,0.00393603842429211,kg,True
"Oil, crude",0.10491804946752437,kg,True
Phosphorus,0.0005068885004133469,kg,True
"Energy, gross calorific value, in biomass",0.7559727711066495,MJ,True
Silver I,3.4519865067003526e-10,kg,False
"Wood, unspecified, standing",3.08465895885438e-11,m3,True
Magnesite,0.0028336635048940343,kg,True
"Coal, hard",0.4720788533732528,kg,True
Ammonium carbonate,4.3659232433649306e-08,kg,False
"Transformation, to heterogeneous, agricultural",9.716084751306072e-06,m2,True
"Transformation, from mineral extraction site",4.086946282068011e-05,m2,True
Thorium-228,1.790622448600229e-05,kBq,False
Cyanide,1.5925739657494032e-06,kg,False
Radon-220,0.0028210100392879744,kBq,False
Sulfate,5.4662388915114274e-08,kg,False
Potassium-40,0.00012219918144722836,kBq,False
Cumene,2.374595784935994e-10,kg,False
Chromium VI,3.645204500005485e-07,kg,False
Vanadium V,6.154653014085822e-07,kg,False
"Hydrocarbons, aliphatic, unsaturated",9.71892863403161e-07,kg,False
Ethyl benzene,6.328577760600155e-07,kg,False
"Hydrocarbons, chlorinated",8.833234342577988e-09,kg,False
Bromine,1.714890296455257e-06,kg,False
Dichloromethane,1.264049936930708e-08,kg,False
Lead-210,0.00037010681978542144,kBq,False
Propylene,2.7512918671740405e-07,kg,False
Methylchloride,2.311047819281209e-08,kg,False
Carbon disulfide,0.0011463273447780249,kg,False
"Xylenes, unspecified",4.190376921592252e-06,kg,False
Chloroform,4.273283441530848e-09,kg,False
"Hydrocarbons, aliphatic, alkanes, cyclic",2.5228743714638254e-08,kg,False
Phenol,9.292673176842415e-07,kg,False
"Aldehydes, unspecified",4.354189623558407e-08,kg,False
Styrene,9.997206183245174e-07,kg,False
"Actinides, radioactive, unspecified",9.042258946302269e-05,kBq,False
"Hydrocarbons, aliphatic, alkanes, unspecified",1.1627855087571952e-06,kg,False
Boron,4.383477210529769e-06,kg,False
Radium-228,3.208859451974735e-05,kBq,False
Thorium-232,3.4151780089610345e-05,kBq,False
Tetrachloroethylene,1.8722794989790043e-09,kg,False
Iodine,8.872805475927399e-07,kg,False
Polonium-210,0.0006532871036318233,kBq,False
"1,1,1-Trichloroethane",8.725917838347175e-10,kg,False
Acrolein,1.3194986584486941e-08,kg,False
Ethylene dichloride,1.7400983880857945e-09,kg,False
Furan,1.7661712856989261e-06,kg,False
Vanadium V,6.863860479008245e-07,kg,False
Cobalt II,3.316859582446459e-08,kg,False
Ethanol,2.3572150366798778e-07,kg,False
Molybdenum VI,2.1240468288909697e-08,kg,False
"Hydrocarbons, aliphatic, alkanes, unspecified",9.110277685634855e-05,kg,False
Manganese II,2.0694399989559305e-07,kg,False
Hypochlorite,1.3958798148680053e-07,kg,False
Sulfite,7.892795602221388e-07,kg,False
Acetic acid,5.494411817066756e-07,kg,False
Sodium I,3.2919797552269993e-06,kg,False
Beryllium II,4.658656972372076e-09,kg,False
"Hydrocarbons, aliphatic, unsaturated",4.0631613105783e-06,kg,False
Methanol,1.533077706129212e-05,kg,False
Copper ion,3.217460621138014e-07,kg,False
Scandium,2.889981423635514e-11,kg,False
Phosphorus,3.330540472105098e-09,kg,False
Silver I,1.4540134635403472e-09,kg,False
Bromine,8.833792825220082e-09,kg,False
Scandium,8.584862554059111e-12,kg,False
Vanadium V,3.2582692241287264e-08,kg,False
Antimony ion,9.35040619257562e-09,kg,False
Polychlorinated biphenyls,2.1183570669069615e-10,kg,False
"Heat, waste",0.14601809846906788,MJ,False
Thallium I,1.543812589557452e-10,kg,False
Cadmium II,7.920157859019229e-09,kg,False
Mercury II,5.656029484269522e-10,kg,False
Titanium ion,8.858150618701697e-08,kg,False
Selenium IV,7.64584727463619e-10,kg,False
Beryllium II,1.2066976681979484e-10,kg,False
Tungsten,4.170624675450103e-11,kg,False
Nitrogen,6.986414269608407e-07,kg,False
Nickel II,5.0499231268901507e-08,kg,False
"Dioxins, measured as 2,3,7,8-tetrachlorodibenzo-p-dioxin",1.2462495311294594e-13,kg,False
Tin ion,5.017153143616622e-08,kg,False
Molybdenum VI,1.3062784500438036e-09,kg,False
Cobalt II,2.503106192788783e-09,kg,False
Lead II,2.2693546294743022e-07,kg,False
Tin ion,8.620206191962202e-06,kg,False
Zinc II,2.4518170639088005e-14,kg,False
"Particulate Matter, < 2.5 um",3.8819811047571115e-13,kg,False
Cadmium II,2.451817063908801e-17,kg,False
"Carbon monoxide, fossil",5.0992066304007896e-12,kg,False
Sulfur dioxide,2.0587271856042798e-12,kg,False
Nickel II,1.7119502282934872e-16,kg,False
Chromium III,1.2257600567617816e-16,kg,False
Water,1.875413689036507e-14,m3,False
Selenium IV,2.451817063908801e-17,kg,False
Mercury II,1.7119502282934866e-19,kg,False
"NMVOC, non-methane volatile organic compounds",4.2826227887830576e-13,kg,False
Copper ion,4.125012621736402e-15,kg,False
"Carbon dioxide, fossil",7.63472485040518e-09,kg,False
Nitrogen oxides,3.836702291502623e-11,kg,False
Lead II,4.9002104380299776e-14,kg,False
"1,1,1,2-Tetrafluoroethane",9.74079584237669e-10,kg,False
Ethanol,0.0008872327087707807,kg,False
"Nitrogen, organic bound",1.5422971173892148e-08,kg,False
Propylene,4.573697219018778e-06,kg,False
Ethylene,1.1872788439733825e-05,kg,False
Formaldehyde,1.1876910231905756e-08,kg,False
"Occupation, urban/industrial fallow (non-use)",1.666173490888077e-06,m2*a,True
"Transformation, to urban/industrial fallow (non-use)",3.952450529067784e-08,m2,True
Acetaldehyde,4.446191869583961e-09,kg,False
Bromine,4.676504941969586e-06,kg,False
Tin ion,2.784259661643009e-09,kg,False
Bromine,1.5749571169398178e-07,kg,False
Potassium I,1.6883283785185612e-05,kg,False
Magnesium,1.4142472158953143e-05,kg,False
"Energy, geothermal, converted",0.13004350864375777,MJ,True
Napropamide,4.8753080405182856e-11,kg,False
Tebutam,5.3854692137490835e-11,kg,False
"Carbon dioxide, in air",0.06981163435022329,kg,True
Metaldehyde,2.72030594164162e-10,kg,False
Cypermethrin,9.175395112020863e-09,kg,False
Copper ion,7.866025306780665e-09,kg,False
Carbetamide,1.9941571428216068e-11,kg,False
Mercury II,-9.978793832874069e-11,kg,False
Nickel II,-1.7869799996951632e-09,kg,False
"Transformation, from annual crop, non-irrigated",0.0009792042489736262,m2,True
"Transformation, to annual crop, non-irrigated",0.0009792114798558398,m2,True
"Transformation, from pasture, man made, intensive",3.5994600187827444e-06,m2,True
"Occupation, annual crop, non-irrigated",0.0009401256482343354,m2*a,True
Chromium III,2.4987855089062426e-08,kg,False
"Oils, unspecified",9.594600266264618e-05,kg,False
"COD, Chemical Oxygen Demand",0.00030471142732146233,kg,False
Nitrogen,5.460615973181478e-06,kg,False
"DOC, Dissolved Organic Carbon",0.0011476169683495244,kg,False
"TOC, Total Organic Carbon",0.000245122852580587,kg,False
"AOX, Adsorbable Organic Halides",3.599472769155056e-10,kg,False
Trifluoromethane,6.295552009208032e-09,kg,False
Bromotrifluoromethane,8.05497161770564e-10,kg,False
Sulfur,2.2160499008181387e-09,kg,False
"BOD5, Biological Oxygen Demand",0.00032099729340057126,kg,False
Nitrogen,0.05102625512531905,kg,True
Nitrogen,0.003189598333089875,kg,False
Sodium hydroxide,1.8801481103103247e-09,kg,False
Hydrogen peroxide,6.263540699212057e-10,kg,False
Sulfuric acid,4.257270144497134e-10,kg,False
"Transformation, to annual crop",0.002280194644013414,m2,True
"Occupation, annual crop",0.0016110721671702619,m2*a,True
"Transformation, from annual crop",0.008320416387070843,m2,True
Ethofumesate,2.246556962482803e-09,kg,False
Difenoconazole,1.567369694253993e-09,kg,False
"Transformation, to arable land, unspecified use",0.001885951023917752,m2,True
Lenacil,8.299775550146286e-12,kg,False
Desmedipham,1.5011764327347847e-11,kg,False
Fenpropimorph,1.9396856727847352e-10,kg,False
Fenpropidin,3.8940318158775537e-10,kg,False
Glyphosate,1.2923847100104824e-06,kg,False
Kresoxim-methyl,1.196538573033587e-11,kg,False
Fenoxaprop-P ethyl ester,4.891021617907759e-12,kg,False
Water,0.0007485570049122681,m3,False
Epoxiconazole,2.099784768008079e-10,kg,False
Metamitron,4.189250908448752e-10,kg,False
Phenmedipham,4.987963896952122e-11,kg,False
Butadiene,4.118472948188512e-08,kg,False
Fluorene,8.178439925061991e-12,kg,False
Benzo(ghi)perylene,1.601380732303359e-14,kg,False
Acenaphthylene,1.997485656455541e-11,kg,False
Chrysene,2.7501662099531603e-14,kg,False
Benz(a)anthracene,2.1721110132915633e-13,kg,False
"Indeno(1,2,3-cd)pyrene",4.9903083711475393e-14,kg,False
Benzo(b)fluoranthene,2.5641996326734917e-13,kg,False
Ethane,8.256229764877836e-08,kg,False
"2,2,4-Trimethylpentane",1.4762256456185386e-12,kg,False
Ethyl benzene,5.676353752228714e-10,kg,False
Benzo(k)fluoranthene,1.8543071709138714e-13,kg,False
Naphthalene,8.440429980213231e-10,kg,False
Acenaphthene,1.248361643686864e-09,kg,False
Acetaldehyde,1.9316259732856872e-06,kg,False
Acrolein,1.632074573197276e-07,kg,False
Anthracene,5.957267087076151e-16,kg,False
Fluoranthene,3.388397772451001e-12,kg,False
Propanal,9.89360307742752e-11,kg,False
Hexane,5.589117182051364e-10,kg,False
Phenanthrene,5.88651219046611e-11,kg,False
Styrene,4.745814124936829e-08,kg,False
Pyrene,2.460941531214481e-12,kg,False
"Dibenz(a,h)anthracene",1.2666983121765696e-13,kg,False
"Occupation, bare area (non-use)",6.849385202270042e-07,m2*a,True
Nitrite,4.735080868400557e-09,kg,False
Propionic acid,1.035928770275994e-08,kg,False
Heptane,2.512068957982005e-08,kg,False
o-Xylene,3.313660540573713e-08,kg,False
Pentane,3.3158580584445765e-07,kg,False
Benzaldehyde,1.1347007617298802e-07,kg,False
m-Xylene,8.324864154868816e-08,kg,False
Propane,2.0866666728957026e-07,kg,False
Zirconium,4.17396183505719e-10,kg,False
Uranium,3.8187400653025045e-12,kg,False
Thorium,3.369007487203184e-11,kg,False
"Water, lake",0.00015411887401789825,m3,True
Dichlorodifluoromethane,2.6350394366296416e-06,kg,False
"Heat, waste",0.0012086656286843126,MJ,False
Boron,6.362079381833482e-09,kg,False
Tetrafluoromethane,2.294180159216027e-07,kg,False
Hexafluoroethane,7.850681193673037e-09,kg,False
Sulfur,3.6579658651608237e-06,kg,False
Antimony ion,2.953643412108121e-10,kg,False
Barium II,5.0456806368289215e-08,kg,False
Beryllium II,2.7089535664947556e-11,kg,False
Strontium II,2.5484239997143132e-08,kg,False
Manganese II,2.8903554876996025e-06,kg,False
Arsenic ion,1.122014851509948e-08,kg,False
Selenium IV,4.6432023351258343e-10,kg,False
Cobalt II,3.88435541113787e-09,kg,False
Tin ion,1.8874818368522474e-09,kg,False
Phthalic anhydride,1.0565423852305737e-06,kg,False
o-Xylene,8.011481980013734e-06,kg,False
Tungsten,1.9806617513390264e-12,kg,False
Sodium I,5.108717955600509e-07,kg,False
Silver I,8.578069801596851e-10,kg,False
Vanadium V,1.1721742206226861e-08,kg,False
Silicon,1.2128035587975299e-05,kg,False
Thallium I,3.772590690090428e-11,kg,False
Aluminium III,3.152408623693748e-06,kg,False
Molybdenum VI,1.115622751894217e-09,kg,False
Calcium II,5.155025409170552e-05,kg,False
Iron ion,5.71315695914753e-06,kg,False
Tungsten,1.5294325445089056e-10,kg,False
Potassium I,6.784688785205638e-06,kg,False
Magnesium,4.134764078796566e-06,kg,False
Titanium ion,1.7744807502632525e-07,kg,False
Scandium,3.9689607498769304e-10,kg,False
Ethylene dichloride,4.4248456172010786e-08,kg,False
Ethylene dichloride,1.8690286509635373e-10,kg,False
Aluminium III,3.918082965022821e-05,kg,False
Hydrogen cyanide,1.0381677341686848e-06,kg,False
Tributyltin compounds,1.8787284865221003e-10,kg,False
Copper ion,3.006517595170168e-08,kg,False
"Fungicides, unspecified",1.2316724679288795e-10,kg,False
"Hydrocarbons, unspecified",4.193366324987508e-07,kg,False
Thiocyanate,2.0527812336772866e-11,kg,False
"Oils, unspecified",2.922871068679464e-06,kg,False
Propanol,1.0541918008346808e-10,kg,False
Chloroacetic acid,2.145681836755697e-08,kg,False
Propanol,3.3602403102785567e-10,kg,False
Acetic acid,1.6178332395908587e-08,kg,False
Chloroacetic acid,2.4169923314624373e-09,kg,False
Chloramine,1.7193667643583632e-09,kg,False
Bromide,5.119254250742606e-07,kg,False
Bromine,6.032698200083343e-07,kg,True
Sulfur,6.498675192356129e-05,kg,False
Propyl amine,1.1590499663872148e-11,kg,False
"Water, salt, sole",3.50524016349419e-06,m3,True
Ethylene oxide,3.2073938696167327e-08,kg,False
Chloramine,1.9118950710890204e-10,kg,False
Propyl amine,2.7817556863929076e-11,kg,False
Sodium I,1.8547507398820172e-07,kg,False
Pentachlorophenol,1.4992491527451448e-11,kg,False
Phosphorus,5.15609392244025e-09,kg,False
Bromine,1.1326008355007108e-08,kg,False
Magnesium,6.7878783969918405e-09,kg,False
Potassium I,4.29151411986472e-07,kg,False
Fluorine,1.5758659502386434e-08,kg,False
"Methane, non-fossil",2.2943408889008535e-07,kg,False
Calcium II,2.771551051148377e-07,kg,False
"Hydrocarbons, aliphatic, unsaturated",5.6865146098852424e-08,kg,False
"Hydrocarbons, aliphatic, alkanes, unspecified",6.858996391145522e-07,kg,False
Methanol,3.383472103083696e-08,kg,False
Toluene,6.080189490320085e-07,kg,False
Acetone,4.8900518581344143e-08,kg,False
Bromochlorodifluoromethane,1.332703331166557e-10,kg,False
Methanol,7.573314743020612e-07,kg,False
Thorium,6.602984806758784e-09,kg,False
Sulfur oxides,1.0272435497103705e-05,kg,False
Lead-210,0.0001894886549076331,kBq,False
Isopropanol,4.340172813430533e-11,kg,False
Thorium-228,2.0950721565558386e-05,kBq,False
4-Methyl-2-pentanol,1.3231596423860221e-16,kg,False
Strontium II,6.696778547756754e-07,kg,False
Propanal,1.493579910117522e-09,kg,False
Propanol,2.738951030328648e-15,kg,False
Hydrogen sulfide,4.7904639531282875e-06,kg,False
Methyl ethyl ketone,1.136672188268462e-11,kg,False
Barium II,4.5543634967495974e-07,kg,False
m-Xylene,1.3133388987956501e-11,kg,False
Sulfuric acid,1.5768476078437704e-09,kg,False
Thallium I,5.753092637181109e-09,kg,False
Fluorine,5.05309337906775e-06,kg,False
Radon-220,0.00010586389112180647,kBq,False
Scandium,4.598130154802965e-09,kg,False
Potassium-40,5.4164365762072185e-05,kBq,False
Uranium-238,4.076395551990696e-05,kBq,False
Pentachlorophenol,1.0578123462194192e-09,kg,False
"Hydrocarbons, aromatic",2.4072654666243106e-09,kg,False
Polonium-210,0.0003465192554747572,kBq,False
Radon-222,6.123531185141965e-05,kBq,False
Radium-226,4.892767101738171e-05,kBq,False
Uranium,8.718078669167558e-09,kg,False
Hydrogen sulfide,5.413974070844579e-09,kg,False
Radium-228,0.00023814856883090345,kBq,False
Thorium-232,1.4065174382500346e-05,kBq,False
Methyl isobutyl ketone,9.485156936904218e-13,kg,False
Acetone,2.4541838683389897e-07,kg,False
Hexachlorobenzene,3.686511611046939e-15,kg,False
Chlorine,8.971853258884652e-10,kg,False
Boron,1.8654082332297768e-06,kg,False
Acetylene,2.3700696425896876e-06,kg,False
Iodine,8.830083500120603e-08,kg,False
"PAH, polycyclic aromatic hydrocarbons",9.808415096071266e-06,kg,False
Glyphosate,2.2001533930923634e-10,kg,False
Teflubenzuron,1.5056961109627767e-09,kg,False
"Occupation, annual crop, non-irrigated, intensive",0.004324199396257878,m2*a,True
Tebuconazole,2.3743057656555448e-12,kg,False
Atrazine,1.5783803715192956e-07,kg,False
"Transformation, from annual crop, non-irrigated, intensive",0.00011106214063098506,m2,True
Atrazine,4.37469737914652e-12,kg,False
Trifloxystrobin,3.4964479662452338e-09,kg,False
Methomyl,4.933028209773912e-09,kg,False
Teflubenzuron,2.3207697255460488e-11,kg,False
Atrazine,2.398223060511491e-12,kg,False
Methomyl,5.542738120262226e-11,kg,False
Tebuconazole,4.340133390337273e-10,kg,False
Glyphosate,5.3356828980339096e-09,kg,False
Trifloxystrobin,1.6927361932551293e-09,kg,False
"Transformation, to annual crop, non-irrigated, intensive",0.006170716236740555,m2,True
Tebuconazole,1.2330571251294085e-09,kg,False
Methomyl,8.019057638046679e-13,kg,False
Methomyl,5.846784885397124e-11,kg,False
Trifloxystrobin,9.47706989417706e-11,kg,False
Teflubenzuron,1.00873784919901e-12,kg,False
Trifloxystrobin,3.0301818206716403e-12,kg,False
Tebuconazole,2.6932891930154098e-12,kg,False
Trifloxystrobin,8.432311443270452e-13,kg,False
Glyphosate,2.696236566741855e-10,kg,False
Atrazine,1.9468983806865755e-13,kg,False
Tebuconazole,2.766335364173558e-11,kg,False
Teflubenzuron,4.285754954538668e-10,kg,False
Atrazine,9.745579320455493e-11,kg,False
Methomyl,9.428138468060956e-10,kg,False
"Hydrocarbons, unspecified",1.7360448673256858e-07,kg,False
Glyphosate,9.158909196309233e-08,kg,False
"Transformation, from dump site, sanitary landfill",6.1137883042452785e-06,m2,True
"Transformation, to dump site, sanitary landfill",6.1137883042452785e-06,m2,True
Sodium sulfate,9.031159123903916e-05,kg,True
"Carbon, organic, decrease in soil or biomass stock",0.0008316041311004653,kg,True
Propylene,9.360107875899647e-06,kg,False
o-Chlorotoluene,5.39260997585794e-10,kg,False
o-Chlorotoluene,2.7493889071995205e-10,kg,False
Butanol,9.820546574223337e-11,kg,False
Propionic acid,5.614989230018263e-10,kg,False
Butanol,2.348571007190899e-10,kg,False
"Hydrocarbons, chlorinated",2.919366052301375e-08,kg,False
Iron ion,4.984555063338352e-06,kg,False
"Occupation, permanent crop, irrigated",0.0003393729049528963,m2*a,True
"Transformation, from permanent crop, irrigated",0.00011071228177346473,m2,True
"Transformation, to permanent crop, irrigated",0.00011071228177346473,m2,True
"VOC, volatile organic compounds",1.1628234012747449e-05,kg,False
"Transformation, from grassland, natural (non-use)",1.2228733436500473e-05,m2,True
"Hydrocarbons, unspecified",7.658461835385096e-07,kg,False
"Solids, inorganic",1.1765863272223552e-06,kg,False
"Transformation, to annual crop, irrigated, intensive",3.3731438107085415e-07,m2,True
Dicamba,1.5651509343465606e-08,kg,False
Prosulfuron,4.1529136463969306e-13,kg,False
"2,4-D",3.1802947661949946e-07,kg,False
Metsulfuron-methyl,6.401126614431123e-10,kg,False
Metolachlor,4.303481938138651e-08,kg,False
"Occupation, annual crop, irrigated, intensive",2.638651982841047e-07,m2*a,True
Phosphorus,4.616480478495444e-08,kg,False
Dimethenamide,9.299057809319626e-11,kg,False
Alachlor,1.6988692051494553e-08,kg,False
Terbufos,4.938057111055277e-11,kg,False
Chlorpyrifos,7.649622266042943e-08,kg,False
"Oils, unspecified",1.8520106605253105e-06,kg,False
Argon,0.0008947589823591422,kg,True
Dimethachlor,8.852753715176592e-16,kg,False
Chlorpyrifos,1.3935002752535966e-10,kg,False
Sulfur,9.767588593622755e-14,kg,False
Asulam,3.0854871405669827e-13,kg,False
Dimethachlor,3.052673694888477e-17,kg,False
Lambda-cyhalothrin,3.8900065825349643e-17,kg,False
"2,4-D",3.7571748044553154e-10,kg,False
Sulfur,4.755318020668418e-16,kg,False
Metazachlor,8.705098791536588e-18,kg,False
Paclobutrazol,5.9227543768783735e-15,kg,False
Indoxacarb,1.722271586792713e-12,kg,False
Pymetrozine,7.427074740212989e-19,kg,False
Picloram,3.610445806606081e-20,kg,False
Pyridate,2.3310921838304565e-19,kg,False
Thiram,6.066116031493702e-11,kg,False
Bifenthrin,4.621653566762259e-12,kg,False
"Herbicides, unspecified",4.956589447126439e-17,kg,False
Chlorpyrifos methyl,2.7125571760702152e-17,kg,False
Quizalofop-P,2.8420836544548087e-15,kg,False
Cycloxydim,2.831967654808999e-15,kg,False
"2,4-D",5.0926645244923406e-15,kg,False
Picloram,3.60856558061464e-16,kg,False
Mepiquat chloride,1.184346896572424e-10,kg,False
Pronamide,1.2197027790143112e-18,kg,False
Lambda-cyhalothrin,4.5023715227382656e-10,kg,False
Kaolin,1.682835640789448e-12,kg,False
Imazamox,8.428433050808789e-14,kg,False
Cycloxydim,5.354432852037458e-11,kg,False
Acetamiprid,3.576199699563677e-10,kg,False
Clopyralid,2.3729651207372047e-14,kg,False
Cyproconazole,5.727649081810902e-10,kg,False
Imazamox,2.906356224416813e-15,kg,False
Fluazifop-P-butyl,5.4054313821003674e-14,kg,False
Metaldehyde,4.012436673820431e-15,kg,False
Clomazone,7.171518891213281e-14,kg,False
"2,4-D",9.611817619173393e-09,kg,False
Asulam,1.2961379574837571e-20,kg,False
Pethoxamid,9.684721892420541e-13,kg,False
Pethoxamid,3.339559273248475e-14,kg,False
Alpha-cypermethrin,2.12434445223681e-12,kg,False
Fluopyram,1.5997420821824472e-13,kg,False
Azoxystrobin,1.5736892441440736e-15,kg,False
Bifenthrin,4.390541124243914e-19,kg,False
Metconazole,1.6917853086589703e-10,kg,False
Prothioconazole,7.712272803440568e-11,kg,False
Dimethenamid-P,4.6350375105044305e-09,kg,False
Pymetrozine,2.1538516746617636e-17,kg,False
Thiacloprid,1.07532589152656e-13,kg,False
Mepiquat chloride,1.0870890469796358e-15,kg,False
Tepraloxydim,6.193038511390808e-12,kg,False
Acetamiprid,3.932438353437798e-11,kg,False
Terbuthylazin,1.1730574002541878e-15,kg,False
Haloxyfop-P,1.9626360660397636e-14,kg,False
Dicamba,5.78588317791696e-16,kg,False
Quinmerac,3.5874690368411186e-14,kg,False
Fluopyram,2.479344729709312e-18,kg,False
Metazachlor,2.5244786495456085e-16,kg,False
Spinosad,3.925894490088675e-15,kg,False
Indoxacarb,8.110947540890834e-20,kg,False
Alpha-cypermethrin,7.48009151758067e-11,kg,False
Deltamethrin,4.091424173842501e-14,kg,False
Pronamide,1.4015618172350743e-13,kg,False
Alpha-cypermethrin,1.5936056954497092e-17,kg,False
Haloxyfop-P,1.8043661846166787e-15,kg,False
Cycloxydim,5.9580187197449965e-12,kg,False
Metconazole,1.2975790907316234e-18,kg,False
Haloxyfop-P,1.9237059028437401e-19,kg,False
Chlorpyrifos,1.256471422963168e-16,kg,False
Terbuthylazin,3.4018664607371524e-14,kg,False
Terbuthylazin,2.363090886695694e-09,kg,False
Acetamiprid,2.176117822956153e-19,kg,False
Deltamethrin,1.9329127810514312e-17,kg,False
Azoxystrobin,1.7753680561321292e-09,kg,False
Clopyralid,9.927335237412842e-12,kg,False
Kaolin,7.941951085508854e-16,kg,False
Metconazole,3.7629793631216894e-17,kg,False
Dimethachlor,1.9372506943410682e-13,kg,False
Deltamethrin,5.605447065049171e-16,kg,False
Clethodim,1.016631431576305e-07,kg,False
Pyridate,2.329878211831626e-15,kg,False
Indoxacarb,3.7370482127850224e-14,kg,False
Metconazole,7.701776294841446e-15,kg,False
Dimethenamid-P,2.916163679468758e-11,kg,False
Asulam,1.5063881805392894e-16,kg,False
Dimethachlor,2.0751766795100142e-12,kg,False
Pyridate,2.678660615951202e-14,kg,False
Clethodim,2.780695142214125e-09,kg,False
S-Metolachlor,3.1574836933399944e-08,kg,False
Napropamide,3.803402314016822e-15,kg,False
Azoxystrobin,8.287606248017982e-11,kg,False
Cycloxydim,8.212706198946118e-14,kg,False
Alpha-cypermethrin,1.505902648850908e-10,kg,False
Etofenprox,4.269039899413201e-14,kg,False
Pronamide,1.2190675896250261e-14,kg,False
Tebuconazole,2.385761694777165e-15,kg,False
Spinosad,1.626200899569957e-12,kg,False
Difenoconazole,4.76669471048436e-17,kg,False
Spinosad,1.353756720720236e-16,kg,False
Thiacloprid,1.9635852679413782e-18,kg,False
Fluazifop-P-butyl,4.3591641566482247e-10,kg,False
Cyproconazole,1.0235533104568751e-09,kg,False
Pymetrozine,5.30967257632204e-15,kg,False
Clomazone,5.257020739540522e-12,kg,False
Indoxacarb,7.380367157971903e-12,kg,False
Boscalid,2.6049943695688686e-16,kg,False
S-Metolachlor,6.256680404114047e-14,kg,False
Picoxystrobin,5.715976472177802e-12,kg,False
Pyridate,6.760167333108284e-18,kg,False
Kaolin,2.7386038225892643e-17,kg,False
Pronamide,3.537138059141513e-17,kg,False
"Herbicides, unspecified",4.762446178792266e-10,kg,False
Quizalofop-P,3.2200736905011856e-19,kg,False
Paclobutrazol,2.899415451556002e-17,kg,False
Pethoxamid,2.803952691570409e-10,kg,False
Paclobutrazol,9.997984315710366e-19,kg,False
Quinmerac,3.824206246930501e-15,kg,False
Paclobutrazol,5.3274795438958386e-14,kg,False
S-Metolachlor,4.670078697726841e-12,kg,False
Tepraloxydim,9.498267055036216e-15,kg,False
Lambda-cyhalothrin,9.759917857802061e-10,kg,False
Clopyralid,1.7699220997914902e-09,kg,False
Cyproconazole,3.6557088498829743e-16,kg,False
Bifenthrin,6.453998318640997e-10,kg,False
Acetamiprid,4.299604962545443e-10,kg,False
Etofenprox,2.323372646611101e-17,kg,False
Dimethenamid-P,9.040296612616516e-13,kg,False
Thiacloprid,5.694397277029998e-17,kg,False
Picloram,4.47279263074533e-15,kg,False
S-Metolachlor,2.1574760014186417e-15,kg,False
Metaldehyde,2.6714133684725828e-11,kg,False
Difenoconazole,3.412684114673307e-12,kg,False
Clethodim,4.759025853469527e-16,kg,False
Cypermethrin,9.305216965026662e-20,kg,False
Pethoxamid,3.1266348548779495e-11,kg,False
Thiacloprid,1.1954610745632674e-14,kg,False
Prothioconazole,2.081253755067172e-09,kg,False
Kaolin,1.8707302465958015e-13,kg,False
Cypermethrin,3.886535441870172e-11,kg,False
Chlorpyrifos methyl,5.58266519086283e-15,kg,False
Metazachlor,8.700565403173284e-14,kg,False
Prothioconazole,1.4335206275769993e-09,kg,False
Deltamethrin,3.9505516460714484e-13,kg,False
Clomazone,4.8968784025367454e-11,kg,False
Thiram,4.874463689222225e-10,kg,False
Asulam,3.758800076702892e-19,kg,False
Thiram,1.370142811434172e-11,kg,False
Metazachlor,1.6870869241223427e-12,kg,False
Clomazone,2.4729375486942198e-15,kg,False
Fluazifop-P-butyl,3.954505291035025e-12,kg,False
Boscalid,6.854427789939821e-13,kg,False
Clethodim,9.102131293416577e-07,kg,False
Etofenprox,8.011629815900327e-19,kg,False
Chlorpyrifos,1.8696127835035583e-09,kg,False
"Herbicides, unspecified",2.9518014445614715e-17,kg,False
Quinmerac,4.682854484341537e-19,kg,False
Haloxyfop-P,5.5787471182468666e-18,kg,False
Glyphosate,1.114843036899917e-12,kg,False
Terbuthylazin,2.5437609489244744e-12,kg,False
Tepraloxydim,6.891526678510613e-13,kg,False
Cyproconazole,3.2901922054224535e-11,kg,False
Picoxystrobin,1.4262689578601563e-09,kg,False
Imazamox,1.338900759600497e-09,kg,False
Metaldehyde,1.163606635407923e-13,kg,False
Chlorpyrifos methyl,7.653432141536037e-08,kg,False
Boscalid,6.720646567125592e-14,kg,False
Fluazifop-P-butyl,1.863941855896675e-15,kg,False
Napropamide,1.1029866710648783e-13,kg,False
Picoxystrobin,2.226452936263924e-19,kg,False
Picloram,1.0470292839157618e-18,kg,False
Dicamba,6.4854743654420766e-12,kg,False
Cypermethrin,3.2251203809896666e-12,kg,False
Fluopyram,1.47033245000922e-14,kg,False
Pymetrozine,7.905315025111445e-11,kg,False
Prothioconazole,3.1594222806441364e-15,kg,False
Difenoconazole,7.735464189017327e-11,kg,False
Quizalofop-P,9.338213702453422e-18,kg,False
Bifenthrin,1.5492414461002818e-10,kg,False
Imazamox,6.1114894073002816e-12,kg,False
Quinmerac,1.3580278004590519e-17,kg,False
Spinosad,1.6287570349928553e-11,kg,False
Napropamide,3.906006598307312e-12,kg,False
Mepiquat chloride,1.3153143199400287e-11,kg,False
Clopyralid,9.088213111597782e-16,kg,False
Dimethenamid-P,3.1173436595229494e-14,kg,False
Picoxystrobin,1.925368255057569e-15,kg,False
"Herbicides, unspecified",1.1069584844889042e-14,kg,False
Quizalofop-P,4.726214734606253e-14,kg,False
Lambda-cyhalothrin,2.8068917422602844e-11,kg,False
Mepiquat chloride,3.1525582362409465e-14,kg,False
Azoxystrobin,1.181223410227711e-08,kg,False
Etofenprox,4.746048209286645e-15,kg,False
Chlorpyrifos methyl,9.35364543472489e-19,kg,False
Boscalid,8.982739205409872e-18,kg,False
Dicamba,1.5870553715206923e-14,kg,False
Tepraloxydim,3.2752645017366267e-16,kg,False
Thiram,1.0593890665653371e-19,kg,False
Fluopyram,7.190099716157012e-17,kg,False
"Oils, unspecified",5.8183352165943436e-05,kg,False
"Nitrogen, organic bound",6.245004222277001e-05,kg,False
Lead II,9.15153686655557e-09,kg,False
Arsenic ion,5.743955551915061e-09,kg,False
Nickel II,1.8585692620398922e-08,kg,False
Zinc II,6.426629827542553e-07,kg,False
tert-Butanol,2.3108504143854106e-08,kg,False
Propylene oxide,2.8726052030814516e-07,kg,False
Isobutane,3.0920752138504365e-06,kg,False
tert-Butanol,1.3351580172004618e-06,kg,False
Fluorine,5.381445291414656e-08,kg,False
Oxygen,0.00010400558824144773,kg,False
Hydrogen,1.413206692398634e-05,kg,False
Sulfur dichloride,4.071816661769891e-15,kg,False
Krypton-89,0.00010418419367438484,kBq,False
Thiobencarb,4.474652680688641e-12,kg,False
Thiabendazole,2.5586245542161804e-12,kg,False
Lanthanum-140,4.934785873996126e-09,kBq,False
Cyprodinil,1.322574651634731e-19,kg,False
Acetyl chloride,3.94553234658453e-11,kg,False
Thorium-228,7.802982057211422e-08,kBq,False
"Transformation, from grassland, natural, for livestock grazing",2.880236028989234e-06,m2,True
Potassium-40,4.632760678194282e-07,kBq,False
Maleic hydrazide,2.355320032028908e-17,kg,False
Fentin hydroxide,2.460717132312057e-10,kg,False
Erbium,1.8563184633520104e-10,kg,True
Iodine,4.519540522101511e-09,kg,False
Triflumuron,1.640150576788519e-10,kg,False
Aluminium III,0.0025736487523152565,kg,False
Methyl formate,4.140389470734191e-12,kg,False
Dimethenamide,9.457179353101258e-18,kg,False
Permethrin,5.135970288943125e-11,kg,False
Phenanthrene,3.4850795171757457e-09,kg,False
Linuron,5.998166838981288e-16,kg,False
"1,4-Butanediol",1.0102461834140301e-10,kg,False
Mefenpyr-diethyl,1.876699049481174e-16,kg,False
Metamitron,1.0799838189539174e-12,kg,False
Propanal,7.679214199526344e-10,kg,False
Chlorotoluron,9.492743727594003e-13,kg,False
Isophoronenitrile,2.2611413630307137e-10,kg,False
"1,1,1,2-Tetrafluoroethane",3.3800619429440155e-07,kg,False
"2,4-D dimethylamine salt",2.1505709403906746e-19,kg,False
Methiocarb,4.833396115157576e-24,kg,False
Fluoride,2.442497629845207e-06,kg,False
"Occupation, inland waterbody, unspecified",2.8183569747262258e-08,m2*a,True
Cyproconazole,3.130848025519902e-12,kg,False
Metolachlor,2.207102879890581e-14,kg,False
Metolachlor,1.2696814754709152e-14,kg,False
Calcium II,8.71896016842196e-07,kg,False
Dichloromethane,3.0572407042431926e-07,kg,False
Trimethyl borate,3.464776492333499e-11,kg,False
"Occupation, pasture, man made, extensive",1.199417448893321e-07,m2*a,True
Primisulfuron,2.1899097556210103e-12,kg,False
Palladium,1.2838452454263984e-07,kg,True
"2,4-DB",2.9527382486603085e-15,kg,False
Thiram,8.524255098601351e-14,kg,False
Dodecanol,3.756552532046044e-16,kg,False
Triflumuron,2.501933772917663e-13,kg,False
Propiconazole,2.608170017681527e-13,kg,False
"1,1,1-Trichloroethane",3.6915966957311796e-10,kg,False
Lead-210,4.898280480090391e-07,kBq,False
Dipropyl amine,1.8219520074701587e-10,kg,False
Nicosulfuron,2.6288430904110744e-14,kg,False
"VOC, volatile organic compounds",2.585220498470679e-08,kg,False
Flufenacet,1.6252633358014705e-13,kg,False
Prohexadione calcium,1.6048062871733863e-16,kg,False
Beta-cyfluthrin,1.4110694459576041e-13,kg,False
Tributyltin compounds,8.837039406900728e-13,kg,False
N-methyl-2-pyrrolidone,4.587417372262547e-22,kg,False
Bifenazate,1.1119556724094083e-14,kg,False
Sulcotrione,3.069382934443139e-24,kg,False
Pendimethalin,2.0494157378486576e-08,kg,False
Glutaraldehyde,1.3342816692528446e-09,kg,False
Gibberellic acid,4.9999654558510154e-17,kg,False
Lithium I,1.2189322956776486e-10,kg,False
Tin ion,5.046399523541479e-09,kg,False
Chromium-51,8.96951646279558e-10,kBq,False
Quizalofop-p-ethyl,1.2765646968280946e-19,kg,False
Glufosinate,1.964372296427325e-21,kg,False
Laminarin,1.7712632009086948e-12,kg,False
Bromine,2.6267560217012603e-10,kg,False
Diclofop-methyl,6.612249683181839e-14,kg,False
Vinylidene fluoride,1.505487123988969e-11,kg,False
Antimony ion,1.951044518469328e-09,kg,False
"Discarded fish, pelagic, to ocean",2.8882252777555357e-16,kg,False
Diethylamine,3.477663721639873e-10,kg,False
Mancozeb,4.714746419125425e-10,kg,False
"Hydrocarbons, aliphatic, alkanes, unspecified",3.967414079606669e-07,kg,False
Naphthalene,3.104961774200206e-10,kg,False
Yttrium,4.6666669259835085e-09,kg,True
"Methane, from soil or biomass stock",2.502075679380813e-06,kg,False
Potassium-40,1.1563528858917726e-05,kBq,False
Isopropanol,6.108266472057723e-10,kg,False
Glyphosate,5.993332955296998e-08,kg,False
Potassium I,3.9693229770351477e-07,kg,False
Flutolanil,2.798240516223417e-10,kg,False
Chlorothalonil,3.279099709541169e-13,kg,False
Tralkoxydim,4.3387882891640685e-15,kg,False
Silthiofam,1.454687725039714e-14,kg,False
Methyl acrylate,3.2390966357853693e-11,kg,False
Thorium-232,9.991947609143497e-06,kBq,False
Metsulfuron-methyl,1.3197420388328242e-14,kg,False
Dimethylamine,4.41818487070071e-12,kg,False
2-Methyl-2-butene,5.623010426308793e-15,kg,False
Kaolinite,0.00020884311902601512,kg,True
Maleic hydrazide,1.5571634406241283e-09,kg,False
"Occupation, permanent crop, non-irrigated, intensive",0.0004667659935790411,m2*a,True
Propamocarb HCl,1.234336267017395e-11,kg,False
Aluminium III,2.3529718027461024e-06,kg,False
Sulfate,7.008066376609985e-07,kg,False
Lead-210,0.004735239888720566,kBq,False
Trimethylchlorosilane,2.827898855996551e-10,kg,False
Samarium,6.49082461471954e-08,kg,True
Chlormequat,7.953938855521348e-11,kg,False
Quizalofop-p-ethyl,3.797158633454463e-11,kg,False
Tribenuron,5.987188058064571e-11,kg,False
Acrylate,3.291645943031505e-10,kg,False
Acrinathrin,2.6134622538286014e-19,kg,False
Bentazone,2.6728493707018162e-09,kg,False
Strontium II,2.633573655199574e-07,kg,False
Dichlorofluoromethane,1.7570410524609204e-12,kg,False
Tembotrione,1.1391424062620797e-13,kg,False
Isobutanol,6.723495251184587e-11,kg,False
Benzo(b)fluoranthene,9.482937377389805e-14,kg,False
Vanadium,4.37605287968292e-08,kg,True
"Transformation, from river, natural (non-use)",6.770599841199505e-07,m2,True
Tin ion,2.1244817458814056e-23,kg,False
Cyprodinil,1.6059097956034584e-15,kg,False
Tritosulfuron,1.8963602016636873e-16,kg,False
"Occupation, forest, intensive",0.08079378681172933,m2*a,True
Copper oxide,1.6884412855192622e-14,kg,False
Copper oxychloride,4.06684328079506e-11,kg,False
"Pesticides, unspecified",1.3961588775717046e-10,kg,False
Molybdenum VI,1.9036549598941635e-07,kg,False
Mercury II,5.348778141337214e-10,kg,False
Chlorantraniliprole,4.003434537307138e-16,kg,False
Diuron,5.4961977858529775e-12,kg,False
2-Aminopropanol,7.033500864891294e-11,kg,False
Kresoxim-methyl,6.675635392724633e-19,kg,False
Nitrogen,4.5113976264257246e-11,kg,False
Mancozeb,7.046654724847468e-11,kg,False
"Transformation, from heterogeneous, agricultural",5.4900595113422704e-08,m2,True
Prochloraz,6.834535227806703e-16,kg,False
"Fungicides, unspecified",1.4871040465638233e-17,kg,False
Fluthiacet-methyl,6.643786691620619e-11,kg,False
Procymidone,5.312513098721045e-14,kg,False
Methiocarb,5.280519011792402e-19,kg,False
Acephate,6.179042887457096e-08,kg,False
Paraquat,1.097123343556422e-09,kg,False
Ametoctradin,8.351416752882361e-17,kg,False
Diquat,7.078079794989486e-09,kg,False
"Transformation, from forest, primary (non-use)",2.9784053901396114e-05,m2,True
"Transformation, to wetland, inland (non-use)",6.622547512092691e-17,m2,True
Benzovindiflupyr,5.751734813704268e-20,kg,False
Cerium-141,1.3997411504225737e-08,kBq,False
Thifensulfuron,1.1805402061790929e-11,kg,False
Calcium II,0.0004982139558908187,kg,False
Trifluoromethane,1.0657119179089125e-05,kg,False
t-Butyl amine,1.5223004346660869e-10,kg,False
2-Aminopropanol,2.8722987829193538e-11,kg,False
Methoxyfenozide,1.1361693192462998e-10,kg,False
"Chlorinated solvents, unspecified",1.4276042064664048e-09,kg,False
Xenon-137,0.0002850725397746919,kBq,False
Strontium-90,6.514938473971464e-05,kBq,False
Chlorantraniliprole,4.186513547254519e-13,kg,False
Krypton,3.312477339927788e-15,kg,True
Chlorosulfonic acid,4.309408371856865e-11,kg,False
Fluroxypyr,2.6795233692503013e-15,kg,False
Hexamethylenediamine,4.4570681715918215e-11,kg,False
Diuron,2.1729154037093171e-10,kg,False
Potassium,0.00010942104558023741,kg,True
Fluroxypyr,7.614226437707295e-14,kg,False
Metrafenone,1.0369624698315745e-19,kg,False
Phosphine,4.1759102156149266e-12,kg,False
Sulfuric acid,1.4105405189295427e-07,kg,False
"Aldehydes, unspecified",3.7018575712905754e-10,kg,False
Pyroxsulam,1.2679296814720632e-14,kg,False
Phosphorus trichloride,3.881359351794304e-19,kg,False
Diflubenzuron,2.210874030899856e-12,kg,False
Isophorone,2.0008082960529353e-10,kg,False
Radium-224,0.0006702951586944449,kBq,False
Chlorine,2.7465319439913325e-08,kg,False
Chloridazon,5.714043146608457e-14,kg,False
Diazinon,5.677795561580626e-10,kg,False
Hexachloroethane,1.0312824474891523e-13,kg,False
Linuron,2.7128316480452895e-08,kg,False
Urea,8.687117932286058e-14,kg,False
"Transformation, from pasture, man made, extensive",2.3988708806699363e-09,m2,True
Pydiflumetofen,8.105140437574624e-11,kg,False
Pyraclostrobin,1.5284706584142084e-12,kg,False
Tetramethyl ammonium hydroxide,3.579699307979505e-11,kg,False
Metribuzin,3.8263985682306813e-13,kg,False
Silver I,1.5940431835777525e-09,kg,False
Azoxystrobin,2.5467280122386595e-12,kg,False
"Volume occupied, final repository for low-active radioactive waste",1.0622349912843028e-08,m3,True
Cinidon-ethyl,1.2395353339138563e-17,kg,False
Hydroxide,4.0556855955812367e-08,kg,False
"1,1-Difluoroethane",4.543714520862814e-11,kg,False
Pinoxaden,6.27298513967316e-16,kg,False
Sulfate,0.00012744621200931172,kg,False
Lithium carbonate,6.325438922958586e-11,kg,False
Tefluthrin,1.4805456915352507e-10,kg,False
"Radioactive species, other beta emitters",6.56794054676946e-05,kBq,False
"Occupation, forest, extensive",0.0030365860831321283,m2*a,True
Propylene oxide,1.7670756745652674e-07,kg,False
Oxyfluorfen,2.6767872838148762e-18,kg,False
MCPB,1.7759622292055422e-19,kg,False
"Transformation, from forest, secondary (non-use)",4.414226976880628e-05,m2,True
"Hydrocarbons, unspecified",1.247247307357011e-11,kg,False
Florasulam,2.5754830472400733e-11,kg,False
Cyanide,1.3009800812278711e-11,kg,False
"1,3-Dichloropropene",1.377389086992061e-12,kg,False
Clodinafop-propargyl,3.1192628024871894e-18,kg,False
Radium-226,0.01624472707764421,kBq,False
Triasulfuron,2.5922355107019857e-15,kg,False
Imidacloprid,3.100102615252178e-17,kg,False
Ethephon,8.12925228291847e-22,kg,False
Endosulfan,3.9232869828187085e-08,kg,False
Vinyl chloride,2.1025862264605784e-10,kg,False
Rhenium,2.465304054336147e-07,kg,True
Methyl methacrylate,4.135599082530831e-09,kg,False
t-Butyl methyl ether,3.4254675485236764e-09,kg,False
Ioxynil,1.3357118534832792e-17,kg,False
Methanesulfonic acid,3.5663587846196305e-11,kg,False
Dimethomorph,1.242645292806637e-17,kg,False
Fluosilicic acid,3.2175818146171476e-09,kg,False
Fomesafen,3.5179325392417515e-09,kg,False
Diafenthiuron,1.311952269094364e-13,kg,False
Trioctyltin,2.178955636801442e-24,kg,False
Kresoxim-methyl,5.68742671120612e-15,kg,False
Cobalt,0.0001290432721793468,kg,True
Hydrogen peroxide,1.7610213270196555e-06,kg,False
Haloxyfop-ethoxyethyl,9.617455422312365e-11,kg,False
Alpha-cypermethrin,1.14552158462583e-13,kg,False
Quizalofop-p-ethyl,1.5839648913820173e-20,kg,False
Zinc II,-5.166903983025935e-09,kg,False
Manganese-54,4.5933855934054006e-10,kBq,False
Benzo(ghi)perylene,5.104489985101122e-09,kg,False
Bensulfuron methyl ester,9.478468078155047e-14,kg,False
Monochloroethane,9.19141689381744e-13,kg,False
Strontium II,8.418582150117765e-09,kg,False
Pyraclostrobin,1.2460361200839436e-09,kg,False
Novaluron,1.4265060759259824e-19,kg,False
Phenyl isocyanate,3.2280493782281452e-12,kg,False
Trifluralin,1.334158331497302e-14,kg,False
"Transformation, to forest, secondary (non-use)",2.091330793292422e-17,m2,True
"2,4-Dichlorophenol",4.1882550783017773e-13,kg,False
Spirotetramat,2.8022057931201e-14,kg,False
Ketene,3.5066899888992817e-06,kg,False
Silicon,0.006988616650070386,kg,True
Diethylene glycol,5.394479897886295e-15,kg,False
Metrafenone,1.1328887403391282e-14,kg,False
Dipropyl amine,7.591360751490957e-11,kg,False
o-Nitrotoluene,4.578814588099632e-11,kg,False
Silver I,1.0437427138587269e-09,kg,False
Dodecanol,1.53217319266125e-19,kg,False
"Transformation, to seabed, drilling and mining",1.734566170028698e-05,m2,True
Cumene,4.1862465872629214e-07,kg,False
Sodium chlorate,1.8927543795600785e-08,kg,False
Hydrogen fluoride,9.581582260641248e-10,kg,False
"Chlorides, unspecified",4.7721911799416554e-05,kg,False
Propaquizafop,6.121118687426896e-14,kg,False
Polonium-210,0.00014604719274054144,kBq,False
Triflumuron,8.267505588199752e-12,kg,False
Nitrate,3.824440924043874e-07,kg,False
Isoxaflutole,3.4864974351474065e-17,kg,False
Thiophanate-methyl,3.819293650059763e-09,kg,False
Esfenvalerate,9.0088313541991e-11,kg,False
Polonium-210,7.453132060849879e-07,kBq,False
Sulfur,1.0057838286171467e-07,kg,False
Dimethomorph,9.821266101389622e-14,kg,False
Lambda-cyhalothrin,8.183326837207999e-15,kg,False
Copper oxychloride,4.680102496052031e-13,kg,False
Nicosulfuron,1.7102670417814957e-13,kg,False
Profenofos,3.006372046475919e-10,kg,False
Lithium hexafluorophosphate,3.8760266481479225e-12,kg,False
Prochloraz,5.948593530037261e-12,kg,False
Butyric acid,2.260496224505289e-11,kg,False
Acetic acid,6.955868559111748e-09,kg,False
Benzyl alcohol,3.5288741749548157e-12,kg,False
Ytterbium,1.8334009514587759e-10,kg,True
Manganese II,5.3325999028827284e-08,kg,False
Isoprene,5.887236892660748e-09,kg,False
Simazine,2.944378705638145e-12,kg,False
Pentachlorophenol,4.951053491004652e-13,kg,False
Dichloromethane,9.340135580808887e-12,kg,False
Isoxaflutole,1.593242589207238e-19,kg,False
Phosphoric acid,2.7000133084916637e-15,kg,False
Epoxiconazole,1.3147549600417942e-12,kg,False
Pyraclostrobin,3.984092285317159e-18,kg,False
Carfentrazone-ethyl,1.6166588236832266e-17,kg,False
Carbon tetrachloride,3.900951992244804e-12,kg,False
Plutonium-238,4.2947639102158266e-13,kBq,False
Thifensulfuron,1.0621921203541976e-10,kg,False
Titanium ion,2.4389491404087315e-06,kg,False
Fenpropidin,3.244682411983437e-15,kg,False
Mandipropamid,1.1315750201410212e-15,kg,False
Organic carbon,6.073014162958233e-09,kg,False
Flumetsulam,4.1549524415147815e-10,kg,False
Metam-sodium,2.533086257846197e-07,kg,False
Sulfur,1.4282188422594936e-05,kg,False
Rimsulfuron,4.542749349130879e-16,kg,False
MCPA,1.321181681643076e-18,kg,False
Diflufenican,5.001612645684423e-10,kg,False
"Carbon dioxide, to soil or biomass stock",6.220820071286947e-06,kg,False
"Xylenes, unspecified",4.828142179443955e-07,kg,False
Gold,6.341792459828429e-07,kg,True
t-Butyl methyl ether,6.955025245240387e-13,kg,False
Ethyl acetate,4.446137401353944e-07,kg,False
Copper ion,1.270880744370284e-07,kg,False
"Insecticides, unspecified",1.161084505944332e-16,kg,False
Haloxyfop-ethoxyethyl,1.2705629181770465e-13,kg,False
Iodosulfuron-methyl-sodium,2.654115470581114e-16,kg,False
Trimethylamine,2.4156230656896167e-11,kg,False
Isopropanol,3.6301391379886486e-08,kg,False
Sodium tetrahydridoborate,9.909517131337721e-13,kg,False
Amisulbrom,2.5889391933935273e-15,kg,False
"Particulate Matter, > 2.5 um and < 10um",1.0761617756978107e-05,kg,False
Quizalofop-p-ethyl,1.079528774646831e-12,kg,False
Rimsulfuron,1.084965229528083e-18,kg,False
Metsulfuron-methyl,9.809607328018857e-12,kg,False
Uranium-238,1.6299506530350068e-08,kBq,False
Pendimethalin,2.3933108817739725e-10,kg,False
Aclonifen,7.662513526736133e-10,kg,False
Diquat,1.996243937947259e-15,kg,False
Cloquintocet-mexyl,3.653150772434602e-21,kg,False
Xenon-138,0.0021270973399435613,kBq,False
Amisulbrom,9.499473794499708e-18,kg,False
Zinc II,2.7100674137148935e-08,kg,False
Chromium VI,2.9123844064733255e-13,kg,False
Lead II,3.501122012907414e-08,kg,False
Bixafen,4.061268187647182e-14,kg,False
Sulfur trioxide,8.34842757409605e-06,kg,False
Epoxiconazole,2.485911136514874e-11,kg,False
Phosmet,2.830807846109377e-10,kg,False
Dodecanol,2.1738639283789823e-11,kg,False
Phosphorus pentachloride,5.6775118513089945e-11,kg,False
Pyroxsulam,5.3087989232962e-12,kg,False
"Transformation, to pasture, man made, extensive",2.3988708806699363e-09,m2,True
Sulfentrazone,1.3630700659688077e-10,kg,False
Fluosilicic acid,1.0808144081095311e-07,kg,False
Pinoxaden,1.8191656905052103e-14,kg,False
Formamide,9.185683071837989e-11,kg,False
Ametoctradin,3.0643463853224873e-19,kg,False
Fluoxastrobin,2.390917713773651e-11,kg,False
Sodium methoxide,5.497944277077342e-10,kg,False
Scandium,7.174289738094961e-09,kg,False
Tembotrione,5.570862568978665e-10,kg,False
Magnesium,1.1312509981529617e-19,kg,False
Thiram,6.024432173126982e-13,kg,False
Cyhalothrin,4.0551908660565746e-11,kg,False
Sodium I,1.1160543072029202e-05,kg,False
Polonium-210,3.4395767872747756e-06,kBq,False
Thionyl chloride,1.3650095189409002e-14,kg,False
Chlorosulfonic acid,8.569566486624475e-14,kg,False
Mesotrione,3.795448036960533e-16,kg,False
Cyanoacetic acid,3.5291946759416704e-11,kg,False
"Carboxylic acids, unspecified",9.890212134496708e-06,kg,False
Thiodicarb,9.38657974556707e-13,kg,False
Spiroxamine,4.7810314111530967e-14,kg,False
Oxyfluorfen,2.1833337056093866e-12,kg,False
Acenaphthylene,1.1836297588826726e-10,kg,False
Indium,6.901739515073109e-08,kg,True
"2,4-D",2.23599077022155e-11,kg,False
Trinexapac-ethyl,6.889937832035502e-11,kg,False
Acetylene,1.5172634081148654e-08,kg,False
"Transformation, to grassland, natural (non-use)",5.274958028754373e-06,m2,True
"1,4-Butanediol",2.3235581413695597e-10,kg,False
Metalaxyl-M,1.441354958594881e-15,kg,False
Sulfur trioxide,2.229145317031965e-06,kg,False
Diquat,6.883599786024992e-17,kg,False
"Transformation, to traffic area, rail network",2.2774665717701535e-06,m2,True
Amidosulfuron,2.2612804786047025e-20,kg,False
Aldicarb,1.5836829410981852e-09,kg,False
Cyproconazole,8.239217560038438e-13,kg,False
Chloropicrin,2.787693070744307e-15,kg,False
Dodecanol,4.1757083764411806e-17,kg,False
Lanthanum,1.842878327583566e-06,kg,True
Copper ion,-1.6412760320386377e-09,kg,False
Carbon,8.233592055047214e-09,kg,False
Sulfentrazone,3.9724280350189475e-08,kg,False
Cupric hydroxide,1.8771145484963603e-13,kg,False
"Volume occupied, final repository for radioactive waste",2.630997848811243e-09,m3,True
Phosphorus oxychloride,1.088197426693901e-12,kg,False
Benzovindiflupyr,1.543284420282553e-10,kg,False
Chlorosulfonic acid,1.0746206272012935e-10,kg,False
Benalaxyl-M,4.014293764772471e-17,kg,False
Sethoxydim,3.2997438670954555e-11,kg,False
Kieserite,2.790066126901245e-07,kg,True
"2-Chloro-1,1,1,2-tetrafluoroethane",2.046061053966538e-10,kg,False
Thiodicarb,3.2421323104429947e-10,kg,False
Nicosulfuron,1.0203560897453732e-15,kg,False
"Hydrocarbons, aliphatic, unsaturated",1.7015679361315046e-20,kg,False
Azadirachtin,1.8276685063217525e-10,kg,False
Mesosulfuron-methyl (prop),8.657804099365394e-16,kg,False
Cyclopropene,7.89211374634756e-09,kg,False
"Dioxins, measured as 2,3,7,8-tetrachlorodibenzo-p-dioxin",2.3118499042414786e-15,kg,False
Benzal chloride,4.626994752406397e-08,kg,False
Allyl chloride,5.032717103005916e-10,kg,False
Glufosinate,5.7480507100524936e-09,kg,False
Vinclozolin,1.7708186848877632e-14,kg,False
Lactofen,2.697900328491684e-10,kg,False
Silver I,2.0752235830444944e-13,kg,False
"Wood, hard, standing",2.399690721514458e-05,m3,True
Chloroform,4.902620027196777e-05,kg,False
"Occupation, arable land, unspecified use",2.343599014679317e-06,m2*a,True
Mefentrifluconazole,1.8278371414338961e-10,kg,False
Novaluron,1.1274412616391187e-15,kg,False
"Gas, mine, off-gas, process, coal mining",0.004123535271722616,m3,True
Ethephon,2.6313726950715533e-13,kg,False
Triphenyltin,9.260561456406133e-25,kg,False
Sodium dichromate,3.170883520982807e-10,kg,False
Amisulbrom,3.2756806187929973e-19,kg,False
Butanol,4.645463201605673e-11,kg,False
Boron,1.8217733025499652e-06,kg,True
"Oils, non-fossil",6.4471138790552e-07,kg,False
Metsulfuron-methyl,4.043621997116155e-17,kg,False
Benthiavalicarb,5.5216748101697e-19,kg,False
Methylamine,7.270942700987086e-11,kg,False
"Transformation, from annual crop, irrigated",0.00011973490436560983,m2,True
"Oils, non-fossil",1.5233066968192826e-11,kg,False
Methomyl,7.286533983432683e-24,kg,False
Fluquinconazole,1.948468496802704e-12,kg,False
"2,4-D ester",6.479960809166095e-09,kg,False
Metalaxil,8.615238711842525e-10,kg,False
Propanil,2.0907370742645668e-11,kg,False
Phosphorus pentafluoride,6.492914995004495e-12,kg,False
Metalaxyl-M,9.167257782219153e-12,kg,False
Monobutyltin (III),8.443453092605584e-24,kg,False
Quintozene,1.5442096881664217e-09,kg,False
Ammonia,3.4164157041423083e-09,kg,False
Aclonifen,9.086305524838446e-14,kg,False
"N,N-Dimethylformamide",2.2495112027389272e-13,kg,False
Pyroxsulam,4.372171315420922e-16,kg,False
Prothioconazole,2.5075511840119486e-12,kg,False
Mecoprop-P,3.0784846418625545e-15,kg,False
Methoxyfenozide,1.2839587379510434e-12,kg,False
Fluxapyroxad,7.731530374083313e-16,kg,False
Beta-cyfluthrin,3.3643660251676777e-10,kg,False
Tin,2.1279328088908097e-06,kg,True
Sodium formate,2.600683784488376e-10,kg,False
Pendimethalin,6.665427083925737e-14,kg,False
Diuron,2.0520088599349e-09,kg,False
"Transformation, to dump site, inert material landfill",1.0480500780250578e-05,m2,True
"Pesticides, unspecified",6.635000436135867e-12,kg,False
Mancozeb,7.270320299852743e-16,kg,False
Iron ion,6.94495558951108e-07,kg,False
Azoxystrobin,9.588892406674199e-12,kg,False
Fluazinam,3.4867059086996336e-12,kg,False
Sulfuric acid,2.938494642014823e-07,kg,False
Isoproturon,1.9264294523913992e-15,kg,False
Monoethanolamine,2.160199346780327e-09,kg,False
"Occupation, grassland, natural, for livestock grazing",4.9641987207419444e-08,m2*a,True
Fludioxonil,2.2462402610978916e-11,kg,False
Methacrylamide sulfate,8.920938295786987e-08,kg,False
Aluminium III,4.281606716372744e-05,kg,False
Carbendazim,9.588159578229726e-12,kg,False
Emamectin benzoate,1.1198768632898582e-14,kg,False
Diflubenzuron,9.594406834016489e-15,kg,False
Uranium,2.988032428138924e-13,kg,False
Carfentrazone-ethyl,1.1534248811082453e-12,kg,False
Butyrolactone,1.9484503507076102e-11,kg,False
Silver,2.3776251975545668e-05,kg,True
Sulcotrione,3.7269367856005423e-20,kg,False
Methyl isobutyl ketone,1.5273914972325936e-12,kg,False
"1,1,1-Trichloroethane",1.2748708591772483e-18,kg,False
Sodium formate,6.247984213953782e-10,kg,False
Fipronil,4.515229129010081e-11,kg,False
Sodium,5.791909824411541e-07,kg,True
Gypsum,0.004711915846179904,kg,True
"Hydrocarbons, aromatic",2.584778627395696e-06,kg,False
Manganese II,1.3577738075740025e-07,kg,False
Fluorene,1.5484796477003607e-09,kg,False
Tetrachloroethylene,4.9046714919547485e-12,kg,False
Florasulam,2.8624102860978827e-12,kg,False
Rubidium,4.9433095784438235e-08,kg,False
Prochloraz,2.3567362854505827e-17,kg,False
Manganese II,1.1216720854966135e-07,kg,False
Mandipropamid,3.9019828280724733e-17,kg,False
"1,1,2-Trichloro-1,2,2-trifluoroethane",2.046061053966538e-10,kg,False
Butadiene,1.2830461799920758e-11,kg,False
Bixafen,1.700452965124517e-11,kg,False
Spiromesifen,3.2082515385811026e-14,kg,False
Imidacloprid,1.2573424428607396e-10,kg,False
Holmium,7.104428686902758e-11,kg,True
Difenoconazole,2.948494392988975e-13,kg,False
Dissolved solids,3.845641895016288e-11,kg,False
Propamocarb,1.4049170832536317e-12,kg,False
Sodium I,1.8699266185810393e-07,kg,False
"Occupation, traffic area, rail/road embankment",0.002829259292028594,m2*a,True
Ethylene oxide,7.217337745168375e-10,kg,False
Nitric acid,6.6303237390366574e-15,kg,False
Silicon,5.068655296227518e-07,kg,False
Thiabendazole,2.1152980757959248e-14,kg,False
Bromoxynil,5.867510599882825e-17,kg,False
Magnesium,0.002072143999245871,kg,True
Mesotrione,5.440591083864154e-16,kg,False
Dimethomorph,3.6036713491392546e-16,kg,False
Diquat,5.440463632331187e-13,kg,False
Molybdenum,0.00234955976476636,kg,True
Chlormequat chloride,3.047197945210329e-11,kg,False
Fluxapyroxad,9.387855987863835e-12,kg,False
Pentachlorobenzene,5.151107627689498e-15,kg,False
Octaethylene glycol monododecyl ether,1.291863341944753e-10,kg,False
Famoxadone,1.8511497112756124e-14,kg,False
Flumiclorac-pentyl,6.089546076171637e-11,kg,False
Tritosulfuron,2.3026174137543676e-12,kg,False
Carbaryl,1.0700549352491039e-19,kg,False
Pendimethalin,1.0411976551270244e-15,kg,False
Captan,1.511106273811054e-14,kg,False
Scandium,1.7088721097325594e-13,kg,False
Thiophanate-methyl,2.3229715611186904e-11,kg,False
tau-Fluvalinate,4.314966406830635e-33,kg,False
Thallium I,5.478567564646971e-12,kg,False
"Dioxins, measured as 2,3,7,8-tetrachlorodibenzo-p-dioxin",8.55660661844788e-13,kg,False
Linuron,7.589239219243159e-20,kg,False
Prohexadione calcium,1.948603909376541e-12,kg,False
Paraffins,1.6629284587294256e-11,kg,False
Simazine,6.218917048624493e-09,kg,False
Phorate,2.5707397394477794e-09,kg,False
Abamectin,7.297397155899145e-13,kg,False
Cadmium II,6.419123255070106e-10,kg,False
Sulfur hexafluoride,5.969512503909279e-15,kg,False
Trinexapac-ethyl,1.6455547966340652e-13,kg,False
Fenoxaprop-P,4.784040820410221e-12,kg,False
Bromate,2.9577449856078224e-10,kg,False
Teflubenzuron,5.389022953498172e-21,kg,False
Phenol,4.1371596337139574e-09,kg,False
Thiencarbazone-methyl,4.432808323380502e-19,kg,False
"1,1-Difluoroethane",2.776554075883306e-07,kg,False
Trichloroethylene,2.2656160312711005e-12,kg,False
Metosulam,4.959143522027751e-16,kg,False
TCMTB,2.396934301849373e-08,kg,False
"Discarded fish, demersal, to ocean",8.813110818386482e-26,kg,False
Sulfentrazone,2.2565531120829676e-12,kg,False
Dicamba,7.831879221109221e-15,kg,False
Emamectin benzoate,3.2593364843058736e-11,kg,False
Epoxiconazole,7.285199212334723e-14,kg,False
Methylchloride,9.402656297739467e-10,kg,False
Chrysene,5.161598825667868e-13,kg,False
Flurochloridone,1.0323334099969768e-16,kg,False
Benalaxyl-M,1.3842392292318806e-18,kg,False
Glufosinate,5.696679659639224e-20,kg,False
Beryllium II,1.0791162631831363e-12,kg,False
Helium,3.1370110503939367e-06,kg,False
Butadiene,3.778643127512735e-14,kg,False
Cerium,3.894705826151539e-06,kg,True
Clothianidin,1.7169156136932695e-24,kg,False
Chromium VI,1.4277126404888871e-09,kg,False
Acephate,1.7453942429334154e-08,kg,False
Cyclohexane,6.552791858652347e-08,kg,False
Silicon dioxide,0.0045860732223334515,kg,True
Furan,4.722136590340169e-18,kg,False
Chlormequat chloride,2.5095723133902503e-15,kg,False
"Indeno(1,2,3-cd)pyrene",1.466454240005639e-13,kg,False
Silver I,1.4136074438783658e-11,kg,False
Methyl formate,1.0370614993110313e-11,kg,False
Chloroacetyl chloride,9.380342864824651e-11,kg,False
"Transformation, to permanent crop, non-irrigated, intensive",0.0005186174203427386,m2,True
Methyl acrylate,9.068910628570035e-10,kg,False
Cypermethrin,2.947340201628043e-15,kg,False
"Transformation, from permanent crop",3.279522909847186e-06,m2,True
Vinylidene chloride,1.6824012592871188e-10,kg,False
Thiabendazole,2.8845403528862766e-13,kg,False
Pyrene,3.1649803651963444e-09,kg,False
Methanol,1.3770315208038403e-06,kg,False
Metalaxyl-M,7.144771229455638e-14,kg,False
Pentachlorophenol,4.666141888016874e-11,kg,False
Oxyfluorfen,3.331113064302967e-19,kg,False
Benz(a)anthracene,8.002478799485067e-13,kg,False
Dimethoate,4.068259291252961e-10,kg,False
Xenon,3.886146599915281e-16,kg,True
Caesium-137,0.0005859804996141934,kBq,False
Strontium,4.669852143125276e-07,kg,True
Plutonium-alpha,9.845200319604922e-13,kBq,False
Iodine,3.2340097941140077e-14,kg,False
Rimsulfuron,2.092227263717231e-10,kg,False
Carbendazim,7.829521754158258e-11,kg,False
Thiamethoxam,9.052009082454265e-09,kg,False
Tin ion,1.3516908873904012e-09,kg,False
Beta-cyfluthrin,2.2090376633975062e-12,kg,False
Aluminium III,2.1339373471236783e-06,kg,False
Thiophanate-methyl,4.81310254496117e-10,kg,False
Pyraflufen-ethyl,2.800178593484341e-21,kg,False
Nicosulfuron,9.649522627961949e-11,kg,False
Chromium III,1.4952046233549056e-11,kg,False
Alkylbenzene (c10-c15),1.3955524502533487e-11,kg,False
Imidacloprid,7.020154186158701e-09,kg,False
Isopropylamine,1.2481265295496977e-10,kg,False
Pyrethrins,8.463728689441092e-16,kg,False
Fluazinam,2.3389966920505432e-11,kg,False
Thorium-232,3.0583888024840724e-07,kBq,False
"Volume occupied, underground deposit",1.1019637788386157e-06,m3,True
"Fish, demersal, in ocean",7.050531584933549e-25,kg,True
Dichlorprop,5.3406613819103126e-20,kg,False
Chlorothalonil,1.365486900509733e-10,kg,False
Europium,1.5838611537043822e-08,kg,True
2-Nitrobenzoic acid,5.302506649736803e-11,kg,False
"2,4-D",2.1299810546061143e-09,kg,False
Titanium ion,1.4752433050675874e-07,kg,False
Desmedipham,5.964666939972044e-18,kg,False
Chlorodifluoromethane,1.3124851352238258e-05,kg,False
Bromoxynil,5.817530329089481e-17,kg,False
Carfentrazone-ethyl,4.0846498502320285e-11,kg,False
Isobutanol,1.613611463397808e-10,kg,False
Ethoprop,1.4220147157502623e-09,kg,False
Trifluralin,2.0093747822557483e-08,kg,False
Metsulfuron-methyl,3.793747175083583e-13,kg,False
Flurochloridone,2.2590582316546835e-14,kg,False
Pirimicarb,9.423277307086207e-12,kg,False
t-Butyl methyl ether,4.827132365694112e-09,kg,False
Trifluralin,6.924664472375915e-18,kg,False
Sulfadiazine,6.9153671422180615e-12,kg,False
Bicyclopyrone,2.421622482863635e-10,kg,False
Phosphorus,4.40537491423295e-09,kg,False
"Transformation, to forest, extensive",2.335755603071292e-05,m2,True
Thiamethoxam,1.3537755780265163e-12,kg,False
Borate,6.792992721215161e-09,kg,False
Organic carbon,1.9473098669873554e-08,kg,False
Tefluthrin,5.492251175379736e-16,kg,False
Flufenacet,6.798496371793213e-11,kg,False
Ethanol,1.3992436034877656e-09,kg,False
Carbonate,1.4852460052190077e-05,kg,False
Mesotrione,4.863268574475627e-09,kg,False
Acenaphthene,1.2545119854756914e-10,kg,False
Magnesium,2.0203121354129942e-06,kg,False
Alpha-cypermethrin,1.280834143974678e-16,kg,False
Radium-226,5.494042111358918e-07,kBq,False
Isoproturon,5.586645411935043e-14,kg,False
Sulfate,2.0911961539664624e-06,kg,False
Beryllium II,2.83288746023199e-10,kg,False
Laminarin,5.336849615617762e-15,kg,False
Maleic hydrazide,6.8304280928838e-16,kg,False
Methyl lactate,6.526683652692613e-11,kg,False
"2,4-DB",3.2398792398273683e-19,kg,False
Aniline,7.237213336898822e-10,kg,False
Chlorotoluron,3.974611740207643e-10,kg,False
Flupyrsulfuron-methyl sodium,2.2695802928176932e-12,kg,False
Propaquizafop,2.894616282104934e-17,kg,False
Pinoxaden,7.616846633968457e-12,kg,False
Thiamethoxam,7.379171736133392e-11,kg,False
Chloridazon,2.0966271927266955e-16,kg,False
Fenoxaprop,4.966562125624924e-10,kg,False
Polychlorinated biphenyls,2.1833416772244198e-13,kg,False
Dichloroethylene,6.002186939209846e-10,kg,False
Tetraconazole,1.2953086747003787e-10,kg,False
"Transformation, from dump site, inert material landfill",1.0480500780250578e-05,m2,True
Fenoxaprop-P,4.378956739761298e-17,kg,False
Bifenox,2.8145256020779484e-14,kg,False
MCPA,9.354247357685342e-16,kg,False
Ethanol,9.821909135511745e-09,kg,False
"Occupation, seabed, drilling and mining",1.734566170028698e-05,m2*a,True
Carbendazim,3.854550103636047e-08,kg,False
Molinate,8.072376477796734e-12,kg,False
Ethalfluralin,2.632306146639039e-13,kg,False
Acetic anhydride,2.1160466342265056e-07,kg,False
Cyprodinil,7.038158853919154e-12,kg,False
Bentazone,3.037943255750111e-12,kg,False
"Transformation, to annual crop, non-irrigated, extensive",3.206079551768515e-06,m2,True
Fipronil,2.56925359918153e-07,kg,False
Helium,1.142586328037525e-07,kg,False
Zoxamide,1.1024722312794404e-13,kg,False
"2,4-D dimethylamine salt",8.468420462339197e-18,kg,False
"Transformation, to cropland fallow (non-use)",1.2435348802895874e-06,m2,True
Cupric hydroxide,2.374737730867643e-17,kg,False
Fluxapyroxad,2.4317655415855382e-14,kg,False
Sulcotrione,8.901210509885078e-23,kg,False
Ethylene diamine,3.825863695070684e-10,kg,False
Pyraflufen-ethyl,2.2131254395138255e-17,kg,False
Carfentrazone-ethyl,6.221899481471933e-14,kg,False
"Radioactive species, Nuclides, unspecified",0.0030572895632044873,kBq,False
Basalt,0.0003162859067465739,kg,True
Thiamethoxam,1.2782873605691025e-09,kg,False
Tetrafluoromethane,1.1033186605936096e-10,kg,False
"Occupation, grassland, natural (non-use)",0.0003956218521372089,m2*a,True
Chlorimuron-ethyl,2.7350343996909545e-09,kg,False
Bromine,1.8597170475073779e-06,kg,False
Anthranilic acid,4.022303986919345e-11,kg,False
Diflubenzuron,1.2720383421113557e-07,kg,False
Aniline,2.978958488860895e-10,kg,False
Lenacil,5.294850432640474e-18,kg,False
Silicon,1.3164962975741152e-06,kg,False
Strontium II,1.833367029202184e-05,kg,False
Flurochloridone,2.0320844773754267e-13,kg,False
Boron,4.804430196738148e-07,kg,False
Lactic acid,1.4268432916344508e-10,kg,False
Acetone cyanohydrin,1.4546309911885307e-07,kg,False
Acifluorfen,7.487571361706543e-10,kg,False
Lufenuron,1.419447765900084e-12,kg,False
Cloransulam-methyl,3.0856534117225144e-10,kg,False
Iron ion,5.1954915658038444e-05,kg,False
Propanal,7.088959072432194e-11,kg,False
Prothioconazole,4.579449873272107e-13,kg,False
Sulfosulfuron,7.87668368526423e-18,kg,False
Acetochlor,5.0059741064789245e-08,kg,False
Diclofop,5.865016743068858e-14,kg,False
Lead-210,0.002533710417768596,kBq,False
Barium II,2.065329650049763e-07,kg,False
Chrysene,3.402993323400744e-09,kg,False
"Transformation, from seabed, infrastructure",1.944766336498824e-08,m2,True
Monoethanolamine,6.926337623839529e-06,kg,False
Phenoxy compounds,1.9806600257306995e-15,kg,False
Copper oxide,2.136316839367605e-18,kg,False
Carfentrazone-ethyl,4.103352419745089e-10,kg,False
Flupyrsulfuron-methyl sodium,5.42054054512267e-15,kg,False
Pyraflufen-ethyl,2.7067259729088067e-10,kg,False
Beryllium II,2.5490931991288776e-09,kg,False
Metsulfuron-methyl,2.374585561991508e-16,kg,False
Chromium III,2.5379254226621857e-09,kg,False
Chlorantraniliprole,2.7461521952310308e-12,kg,False
Quizalofop-p-ethyl,5.809679169027984e-14,kg,False
Atrazine,8.1097701138440845e-16,kg,False
Chlorsulfuron,2.5922355107019857e-15,kg,False
Benzo(k)fluoranthene,1.8850180800894413e-09,kg,False
Bromomethane,3.677282888828364e-20,kg,False
Pyrimethanil,8.975221471407183e-14,kg,False
Fludioxonil,3.5175058355199357e-15,kg,False
Ethyl benzene,1.3267847269021767e-07,kg,False
Cupric hydroxide,6.886739419516201e-16,kg,False
Lactic acid,5.945166563004142e-11,kg,False
Hexafluoroethane,2.6672178796377957e-09,kg,False
Barium-140,1.5021612345999347e-07,kBq,False
Triflusulfuron-methyl,5.237573645385581e-19,kg,False
MCPB,3.140530322116752e-13,kg,False
Propiconazole,1.06582795894901e-15,kg,False
Lutetium,2.062576070391123e-11,kg,True
Fluoranthene,4.2013013697296605e-09,kg,False
Epoxiconazole,3.2872182329602975e-14,kg,False
Tritosulfuron,5.499444584824656e-15,kg,False
Dimethyl ether,2.2469949055785274e-10,kg,False
Mecoprop,1.4799485798938736e-13,kg,False
Hydrochloric acid,4.459406999855189e-06,kg,False
"2,4-D ester",1.165948029663278e-17,kg,False
Nitrogen,1.3625175093759317e-07,kg,False
Chlorimuron-ethyl,1.3177867870909622e-11,kg,False
Malathion,6.885812388421976e-11,kg,False
Propiconazole,3.4425830529234003e-12,kg,False
"Occupation, pasture, man made, intensive",3.582440745442579e-07,m2*a,True
Molybdenum VI,3.872850381837213e-09,kg,False
Imidacloprid,3.5406335392665796e-12,kg,False
Diphenyltin,3.1050117824420546e-24,kg,False
Isoproturon,5.957366824779783e-10,kg,False
Dimethenamide,7.565743482481005e-16,kg,False
Tebuthiuron,1.2109223471823882e-08,kg,False
Nitrogen oxides,1.8344863353080343e-10,kg,False
Nitric acid,2.7634357737713066e-10,kg,False
Ammonia,1.217824778669704e-09,kg,False
Diflufenican,1.3114053699770514e-13,kg,False
Dichlorprop-P,3.8338831705099507e-08,kg,False
"2,4-D dimethylamine salt",7.004216712709076e-09,kg,False
Tellurium,1.4642318757003421e-05,kg,True
Fenpiclonil,9.692846444481391e-10,kg,False
Tefluthrin,2.690048960670751e-21,kg,False
Diethyl ether,1.5941178511431306e-18,kg,False
Acephate,8.544078589986976e-10,kg,False
Chlorothalonil,1.1307240377728214e-14,kg,False
Thiencarbazone-methyl,2.813094965481877e-15,kg,False
Niobium,6.930568043726436e-07,kg,True
Butene,3.03797673844395e-07,kg,False
Lufenuron,1.0145884683015466e-10,kg,False
Flurtamone,3.649199021422192e-12,kg,False
"Occupation, unspecified",1.421786248564635e-05,m2*a,True
Cymoxanil,7.213351475533853e-11,kg,False
Butene,5.709303749661796e-10,kg,False
"Occupation, permanent crop, non-irrigated",0.0007531656235993543,m2*a,True
Mancozeb,7.240475183342826e-08,kg,False
Benzo(k)fluoranthene,4.461381930712925e-14,kg,False
Metolachlor,6.359528319834029e-12,kg,False
Naphthalene,5.7011982488154394e-08,kg,False
"Particulate Matter, > 10 um",1.7935932705996588e-05,kg,False
Bitertanol,7.569123169514537e-16,kg,False
Styrene,1.7088218605298826e-06,kg,False
Lauric acid,1.6400009702907535e-11,kg,False
Metribuzin,9.057144812016317e-09,kg,False
Cadmium II,5.352500371836282e-10,kg,False
Ethyl cellulose,8.948786807145146e-10,kg,False
Isoxaflutole,8.379805524218022e-10,kg,False
Iodide,5.915555682110481e-06,kg,False
o-Dichlorobenzene,3.821158819832667e-08,kg,False
Dichloromethane,2.4290215307407406e-09,kg,False
Nitric oxide,1.639123508552751e-08,kg,False
Thorium,2.2649592696971638e-13,kg,False
Quizalofop-ethyl,6.799936904682083e-15,kg,False
Phenol,1.4435126404658424e-07,kg,False
Zirconium,5.807891656226198e-05,kg,True
Calcium II,7.502386803271876e-09,kg,False
Fluopicolide,2.624612679028708e-16,kg,False
Benzovindiflupyr,4.735032715518022e-13,kg,False
Butene,6.55568156097363e-11,kg,False
Imazethapyr,3.015614874932619e-11,kg,False
Dodecanol,5.283355836762915e-21,kg,False
Lenacil,4.184793147895651e-14,kg,False
Emamectin benzoate,3.082383996646901e-09,kg,False
"Occupation, cropland fallow (non-use)",1.2524336176859082e-09,m2*a,True
Chlormequat chloride,2.741725278995289e-10,kg,False
Gibberellic acid,1.2112215783425185e-14,kg,False
Triflusulfuron-methyl,4.139524351375883e-15,kg,False
Chloroform,4.2150035578875106e-10,kg,False
Pyraclostrobin,8.110552290310954e-13,kg,False
Toluene,3.1068964343386114e-07,kg,False
Radium-224,0.0012471970066413767,kBq,False
Gamma-cyhalothrin,2.2507134580400895e-12,kg,False
Flumioxazin,4.421159003806359e-12,kg,False
Mercury II,9.222438757831877e-11,kg,False
Fluquinconazole,1.7869202121465576e-11,kg,False
"Occupation, annual crop, irrigated",0.00011439068679969194,m2*a,True
Fluosilicic acid,6.004524489497396e-08,kg,False
Chlormequat chloride,7.277759708831698e-14,kg,False
Kresoxim-methyl,1.935934263890141e-17,kg,False
Buprofezin,3.543525889177611e-15,kg,False
Quinoxyfen,9.465701122658473e-15,kg,False
Iodosulfuron-methyl-sodium,1.1112781311660018e-13,kg,False
"Pesticides, unspecified",9.782776803824869e-09,kg,False
Foramsulfuron,8.314482698395486e-19,kg,False
Butatriene,2.1302161353155416e-12,kg,False
Lithium I,1.3119168300689874e-06,kg,False
Ethyl acetate,4.513741978920835e-06,kg,False
Cyazofamid,1.7206304953585778e-16,kg,False
"Carbon monoxide, from soil or biomass stock",3.826703980229485e-05,kg,False
Sulfuric acid,4.847479234968496e-06,kg,False
Thiodicarb,1.0577831294476566e-12,kg,False
Propiconazole,1.3960887684679848e-09,kg,False
Lithium,1.3703119596641513e-09,kg,True
Trimethylamine,5.7974953576550823e-11,kg,False
Tantalum,6.563202791175462e-08,kg,True
Ametoctradin,1.056671167352581e-20,kg,False
Benzal chloride,1.9279448147532398e-08,kg,False
Carbaryl,6.160754986382107e-16,kg,False
Isophorondiamine,2.202888509705722e-10,kg,False
Metolachlor,9.59224649681107e-13,kg,False
Fenpropimorph,8.745187304930695e-12,kg,False
"Water, unspecified natural origin",4.99368416621723e-09,m3,True
Spirotetramat,6.43512740917722e-18,kg,False
MCPB,6.583336933742192e-11,kg,False
"PAH, polycyclic aromatic hydrocarbons",3.6568034216298175e-10,kg,False
Benalaxyl-M,1.0940355946275863e-14,kg,False
Cloquintocet-mexyl,4.544519560908653e-22,kg,False
Iodine-129,3.148280324014144e-06,kBq,False
Chlorine,4.864140031963262e-08,kg,False
Ioxynil,1.1000484859993082e-21,kg,False
Copper oxychloride,1.6764590057853406e-13,kg,False
Dimethyl carbonate,1.386407010946029e-09,kg,False
Clethodim,1.440438951242157e-10,kg,False
Zineb,1.05661554698852e-09,kg,False
o-Dichlorobenzene,2.1136473620412212e-10,kg,False
"Dioxins, measured as 2,3,7,8-tetrachlorodibenzo-p-dioxin",7.668089568703346e-18,kg,False
Dinitrogen monoxide,8.735649215735816e-10,kg,False
Mesosulfuron,9.872907808009484e-18,kg,False
Fluxapyroxad,1.1022856375294322e-14,kg,False
Oxydemeton-methyl,1.4512752931525302e-12,kg,False
"1,4-Diisopropylbenzene",7.716761973962142e-10,kg,False
"Oils, non-fossil",2.9388709742211336e-07,kg,False
"Transformation, from unspecified, natural (non-use)",1.8612767095259478e-07,m2,True
Mancozeb,1.2149235062635385e-08,kg,False
Strontium II,1.180402912774265e-08,kg,False
Pyriproxyfen,1.5016221391763297e-10,kg,False
Methanol,1.227627505316626e-06,kg,False
Ethanol,1.0040709107363946e-08,kg,False
Propionic acid,1.130286672796886e-10,kg,False
Fluazinam,6.120767736889823e-17,kg,False
Diethylamine,1.4490107440190015e-10,kg,False
Diquat dibromide,9.088469308796868e-14,kg,False
Boric acid,7.626935648112165e-17,kg,False
Laminarin,1.840292970902682e-16,kg,False
Propoxycarbazone-sodium (prop),1.0824197199980606e-15,kg,False
Methylamine,3.843245194727876e-09,kg,False
Iodide,2.0235814186535676e-12,kg,False
Iodine,8.170806645261426e-10,kg,False
Thulium,2.062576070391123e-11,kg,True
Cyclohexane,3.767953374547386e-06,kg,False
Bromuconazole,1.8803779554838005e-15,kg,False
Sulfite,4.065425646954933e-09,kg,False
Dimethylamine,3.286625758729444e-10,kg,False
Silver I,3.3777753060908995e-10,kg,False
Chloridazon,6.81860677010818e-13,kg,False
"Occupation, annual crop, non-irrigated, extensive",2.4794124217332497e-06,m2*a,True
Thallium I,4.413581875274423e-10,kg,False
Aclonifen,8.544191603678502e-11,kg,False
Monoethanolamine,6.468440681966424e-12,kg,False
Benthiavalicarb,1.6012856949492087e-17,kg,False
"Fish, pelagic, in ocean",7.665598397298624e-15,kg,True
"Carbon dioxide, from soil or biomass stock",1.6835351880521612e-05,kg,False
"Hydrocarbons, aliphatic, unsaturated",3.188086367155505e-08,kg,False
Formamide,7.565449800420388e-10,kg,False
"Transformation, to permanent crop, irrigated, intensive",5.490823429545875e-09,m2,True
Dimethyl malonate,4.425654997870216e-11,kg,False
1-Pentene,3.795443274560347e-11,kg,False
Fluroxypyr,2.8741139280294445e-10,kg,False
Metalaxyl-M,1.0429157643457024e-12,kg,False
Benz(a)anthracene,4.850182291313636e-09,kg,False
Carbon,1.4192386339136141e-06,kg,False
Chlorpyrifos,1.1712779413374577e-12,kg,False
Dithianon,1.3691272553428017e-12,kg,False
Xenon-135m,0.00904063381204797,kBq,False
Sulfur,2.0547822262000813e-07,kg,False
Mesotrione,3.069294424809176e-14,kg,False
Thiophanate-methyl,5.513814266090227e-20,kg,False
Ruthenium-103,1.1980046209824535e-11,kBq,False
Cumene,2.746495106916607e-09,kg,False
Carbon disulfide,7.637171259510881e-11,kg,False
Spiroxamine,1.6486315210872752e-15,kg,False
Simazine,5.604276376915118e-15,kg,False
Propamocarb,1.2681668748935414e-11,kg,False
Cadmium,4.409212494122346e-07,kg,True
Cloquintocet-mexyl,9.26671776441024e-15,kg,False
Nickel II,8.203902032693349e-10,kg,False
Dichlorvos,1.8323911432172743e-14,kg,False
Fludioxonil,1.718338181863759e-13,kg,False
Ametryn,1.8430735981272776e-11,kg,False
Molybdenum VI,3.3209232991203184e-11,kg,False
Chromium III,1.3632766888990952e-09,kg,False
Pyrene,1.0759540558260113e-08,kg,False
"VOC, volatile organic compounds",9.298585237536889e-07,kg,False
MCPA,7.229196164105269e-15,kg,False
Prosulfocarb,1.983026034635174e-11,kg,False
Cymoxanil,4.1965983354300883e-17,kg,False
Silicon,6.736623212389537e-05,kg,False
Ethephon,1.1017557313235598e-10,kg,False
Carbonate,1.7708065375577965e-08,kg,False
Chlorantraniliprole,2.9219741839180414e-14,kg,False
Carbaryl,2.3327427602278918e-11,kg,False
Selenium IV,7.893099494117667e-09,kg,False
Cobalt II,1.0989842043717447e-08,kg,False
Tribenuron,1.9153573318601978e-16,kg,False
Tebuthiuron,1.3573925130228943e-09,kg,False
Selenium,0.00021790207523426152,kg,True
Diatomite,4.094926257765801e-11,kg,True
"Transformation, from dump site, residual material landfill",1.0450855984671284e-08,m2,True
Pyroxsulam,4.776607379571933e-11,kg,False
Isopropylamine,2.995481583310776e-10,kg,False
Carbosulfan,3.5629827784780425e-13,kg,False
"PAH, polycyclic aromatic hydrocarbons",5.7943469723051304e-08,kg,False
Fenoxaprop-P,1.2698974545307775e-15,kg,False
Imazethapyr,7.14344833673447e-13,kg,False
Sulfosulfuron,8.646340765950154e-13,kg,False
Triflumuron,3.8247337763366614e-13,kg,False
Acetaldehyde,5.656220493831806e-07,kg,False
Abamectin,1.7079014620189489e-12,kg,False
Fenamidone,1.3157657094166168e-13,kg,False
Lithium I,1.1771150042434939e-11,kg,False
Pyriproxyfen,1.1074900115207296e-11,kg,False
Iodide,3.095100514780136e-06,kg,False
Radium-228,0.00494627556419089,kBq,False
Pirimicarb,8.11953875968133e-15,kg,False
Metolachlor,9.31463540947601e-16,kg,False
Foramsulfuron,7.347625260436774e-13,kg,False
Gadolinium,5.477507572476085e-08,kg,True
Chlorodifluoromethane,1.180824320654864e-09,kg,False
"Transformation, to seabed, infrastructure",8.25155180285194e-08,m2,True
Benzo(a)pyrene,1.150131607670113e-13,kg,False
Flupyrsulfuron-methyl sodium,2.0420866701796415e-11,kg,False
Phenyltin,9.26056145640613e-27,kg,False
Sulfosulfuron,2.284238268726629e-16,kg,False
Benzene,1.9771448953642723e-07,kg,False
Paraquat,4.1596517254917957e-16,kg,False
Metalaxyl-M,3.435248532596954e-18,kg,False
"Hydrocarbons, aliphatic, alkanes, cyclic",1.1348174700630565e-09,kg,False
Diflufenican,4.548429971573898e-15,kg,False
Thiodicarb,7.233650754205252e-14,kg,False
"Transformation, to grassland, natural, for livestock grazing",1.6410574283444425e-09,m2,True
Iron ion,2.676323981382662e-06,kg,False
Steatite,3.2588824015345855e-11,kg,True
Phenmedipham,4.3814466456585484e-16,kg,False
Copper oxide,6.195318834166063e-17,kg,False
Silicon tetrafluoride,1.5329109484556982e-09,kg,False
Benalaxyl-M,9.842167633960617e-14,kg,False
Bromoxynil,3.271023100374601e-10,kg,False
Pyraclostrobin,3.839143397327631e-09,kg,False
"Oils, non-fossil",2.4539994847336628e-17,kg,False
Radon-222,5.654862456730495e-06,kBq,False
"Energy, gross calorific value, in biomass, primary forest",0.00837272410244665,MJ,True
Zoxamide,9.437100930757083e-15,kg,False
"Hydrocarbons, aromatic",6.138917595448971e-13,kg,False
Butadiene,2.475698797561788e-09,kg,False
Clothianidin,2.4870509404961914e-09,kg,False
Antimony ion,5.313477278592509e-10,kg,False
Simazine,8.57710318598938e-14,kg,False
Difluoromethane,6.189084581812336e-10,kg,False
"Acidity, unspecified",1.0755735994649948e-14,kg,False
"Particulate Matter, < 2.5 um",7.174500952869374e-06,kg,False
Gibberellic acid,8.422401703706256e-14,kg,False
2-Chlorophenol,5.057444106771431e-13,kg,False
Imazethapyr,2.3200195168043572e-09,kg,False
Nitric acid,3.585309270094536e-08,kg,False
Tribenuron,5.554536262394552e-15,kg,False
Rhodium,5.384819700980791e-09,kg,True
Ozone,1.8102448503847996e-10,kg,False
Metribuzin,4.838903488746216e-17,kg,False
Diflufenican,5.4908755504632725e-11,kg,False
Gallium,8.370186617552788e-07,kg,True
Fluorine,4.66567719343313e-05,kg,True
Phosphorus,1.1590448843627849e-06,kg,False
"Indeno(1,2,3-cd)pyrene",5.104489985101122e-09,kg,False
Propamocarb,5.154996706708759e-15,kg,False
Triclopyr,7.762928744544138e-10,kg,False
Cyazofamid,4.689320506743446e-14,kg,False
Trichloroethylene,3.053344054405591e-09,kg,False
"1-Chloro-1,1-difluoroethane",2.406284174910678e-10,kg,False
Diflubenzuron,1.1741078672396428e-13,kg,False
Formate,1.954997665644056e-08,kg,False
Boron,3.761200010108235e-09,kg,False
Fludioxonil,1.0546783733218284e-18,kg,False
Foramsulfuron,8.648082445070256e-15,kg,False
Ethyl benzene,6.042943233751348e-06,kg,False
Ethylamine,1.8283162689940196e-10,kg,False
Radium-228,0.002658332682479832,kBq,False
Thorium-228,6.005012427510844e-09,kBq,False
Dimethylamine,8.944093252602053e-10,kg,False
"Transformation, to annual crop, irrigated",0.00011973490436560983,m2,True
Dichlorprop,1.2120152884829987e-17,kg,False
Borate,4.325372323600963e-09,kg,False
Bisphenol A,6.24410454082263e-09,kg,False
Methylamine,4.5292906588959017e-11,kg,False
Fenpropimorph,2.096664353760799e-14,kg,False
Acenaphthene,1.2297316888300084e-09,kg,False
Flusilazole,1.3153874646888767e-16,kg,False
Abamectin,2.251324654479523e-11,kg,False
Chromium III,3.0796436433094835e-08,kg,False
Iodine,2.281455397972072e-07,kg,True
Cadmium II,1.6830681125753085e-09,kg,False
Barium II,1.4678310993832416e-08,kg,False
Aclonifen,2.6350286022031503e-12,kg,False
Uranium-238,5.041285794233566e-05,kBq,False
Hydroxide,1.7158286463054846e-05,kg,False
"Carboxylic acids, unspecified",1.7368400028217556e-07,kg,False
Saflufenacil,3.2086129273357413e-10,kg,False
Nickel II,2.0212781795390904e-08,kg,False
Methyl formate,3.5556531733025744e-11,kg,False
Mefenpyr,7.200809392061523e-14,kg,False
Tetrachloroethylene,5.153451359414437e-11,kg,False
Krypton-87,0.00018709021837776715,kBq,False
Zoxamide,1.1940384191084217e-18,kg,False
Lithium I,1.2189322956776486e-10,kg,False
Chlorimuron-ethyl,6.37761106096518e-11,kg,False
Flumioxazin,8.374278051375918e-11,kg,False
Titanium ion,5.155667558886536e-10,kg,False
Formamide,3.8273234517093064e-11,kg,False
Methoxyfenozide,2.8987761288843037e-13,kg,False
Pyrimethanil,1.6934526534858643e-24,kg,False
Methyl acrylate,1.619547864419337e-09,kg,False
Pirimicarb,5.926979433850249e-13,kg,False
Uranium-238,2.5130115295641844e-07,kBq,False
Ethofumesate,1.744617072918854e-13,kg,False
Rubidium,2.6567386392962542e-08,kg,False
Nitrate,7.534666904399012e-08,kg,False
Molybdenum VI,3.166593922697152e-09,kg,False
"Transformation, from permanent crop, irrigated, intensive",5.490823429545875e-09,m2,True
Quizalofop-p-ethyl,4.060293441592347e-10,kg,False
Sulfentrazone,9.082020917547854e-11,kg,False
Metamitron,1.3663888805559768e-16,kg,False
Isopropanol,6.910562926329957e-10,kg,False
Sulcotrione,3.3533222921601463e-19,kg,False
Sulfide,3.3173315627743663e-09,kg,False
Imidacloprid,2.1134707258555136e-09,kg,False
Iprodione,5.03007535579796e-10,kg,False
Calcium,0.0006404347779078627,kg,True
Methiocarb,5.86885447847441e-20,kg,False
Trinexapac-ethyl,6.262439846484271e-10,kg,False
Pyraclostrobin,6.01435482968212e-11,kg,False
Lithium I,7.040357394135074e-07,kg,False
Succinic acid,4.844091249207259e-11,kg,False
Thiabendazole,3.703523302605781e-16,kg,False
"Transformation, to forest, intensive",0.0010156945932829411,m2,True
Pencycuron,1.3900509206523225e-17,kg,False
Metsulfuron-methyl,1.0868463849211492e-12,kg,False
Formic acid,4.0474753637042644e-07,kg,False
Organic carbon,1.9473098669873554e-08,kg,False
Flumioxazin,1.3153207525898837e-09,kg,False
Tembotrione,2.0345306675794878e-19,kg,False
Krypton-88,0.0002464334225950391,kBq,False
Krypton-85,0.0004560737940204893,kBq,False
Acetylene,2.0110610859330568e-07,kg,False
Sodium hydroxide,8.403965526605516e-09,kg,False
Fluopicolide,7.152988448843726e-14,kg,False
"Transformation, to permanent crop, non-irrigated",3.760388976736188e-05,m2,True
Ethylene oxide,4.562849707681e-14,kg,False
Fipronil,1.6325645513604601e-12,kg,False
Monocrotophos,1.5515021209798395e-08,kg,False
"1,1,2-Trichloroethane",2.9137595180217714e-10,kg,False
Formaldehyde,7.899376397298078e-10,kg,False
"Dibenz(a,h)anthracene",9.342893998398815e-15,kg,False
Pyrimethanil,2.0562409851589178e-20,kg,False
Hexamethylene diisocyanate,6.098048013618021e-12,kg,False
Lauric acid,4.988489679192665e-12,kg,False
Flusilazole,1.2509880054868117e-12,kg,False
Amidosulfuron,6.557713387953639e-19,kg,False
Cymoxanil,3.3167879210178736e-13,kg,False
Ethofumesate,2.2073938034383936e-17,kg,False
Ethephon,1.125653252905432e-09,kg,False
Diquat dibromide,5.8443471098213606e-08,kg,False
Carbofuran,1.7707130991891594e-09,kg,False
Fluopicolide,9.050388548374864e-18,kg,False
Carbon disulfide,8.596147151199116e-10,kg,False
"Transformation, to dump site, slag compartment",5.815532785415351e-08,m2,True
Phosphorus trichloride,6.169958360673618e-13,kg,False
Perlite,1.5618327228700226e-07,kg,True
Nitrate,2.5321412823832714e-07,kg,False
Thorium-232,1.720238268944325e-08,kBq,False
"2,4-Dichlorophenol",1.24145363522147e-10,kg,False
Thiencarbazone-methyl,1.2855144137803454e-17,kg,False
Copper oxychloride,3.4153049567139808e-18,kg,False
Ethofumesate,6.401442029971332e-16,kg,False
Ammonium bisulfate,9.443160076491011e-08,kg,False
Ulexite,7.114875192269226e-07,kg,True
Phenmedipham,1.5108436709167354e-17,kg,False
"2,4-di-tert-butylphenol",1.0247602504904498e-17,kg,False
1-Pentanol,2.0926907667623228e-11,kg,False
Diethanolamine,1.595628896825919e-11,kg,False
Chlorine,2.0856722815516913e-08,kg,False
"Transformation, from annual crop, irrigated, intensive",1.0241466680649881e-07,m2,True
Potassium I,5.8721798839269286e-05,kg,False
Sulfentrazone,3.7169333913939457e-09,kg,False
Potassium I,1.088117609544033e-13,kg,False
Chlorodifluoromethane,2.527217914937585e-11,kg,False
Prochloraz,2.861619857738239e-13,kg,False
Chloro-fluoromethane,4.1555332410638593e-10,kg,False
Benthiavalicarb,3.92600122538531e-14,kg,False
"Occupation, seabed, infrastructure",3.1529174175862682e-06,m2*a,True
Dichromate,4.094928280759718e-09,kg,False
Imazethapyr,5.775331581670125e-12,kg,False
Imidacloprid,1.1532350022423217e-10,kg,False
Boron,1.097966629001706e-08,kg,False
Fluorene,7.72358762689796e-09,kg,False
"Actinides, radioactive, unspecified",5.113680757502744e-06,kBq,False
Ammonium sulfate,1.6565486598741448e-11,kg,False
Florasulam,2.357387256330309e-16,kg,False
"Occupation, permanent crop, irrigated, intensive",1.2799122223561943e-07,m2*a,True
Fenamidone,4.827877730075597e-16,kg,False
"PAH, polycyclic aromatic hydrocarbons",3.6568034216298175e-10,kg,False
Ethyl benzene,7.130686507871147e-08,kg,False
Triallate,8.748815308870955e-15,kg,False
"Transformation, to inland waterbody, unspecified",2.818356974726227e-10,m2,True
"Transformation, from forest, intensive",0.0009567391163521444,m2,True
Thifensulfuron,2.842630334172578e-14,kg,False
Ethylene oxide,1.8436067121685587e-10,kg,False
Nitrate,3.441524762882322e-11,kg,False
Mineral oil,3.3239772598586635e-07,kg,False
Prohexadione calcium,1.7532816007149177e-11,kg,False
Dichlorofluoromethane,3.349380313407603e-08,kg,False
"Hydrocarbons, aromatic",1.3969150457139225e-06,kg,False
"Transformation, to unspecified, natural (non-use)",1.5912566017274892e-08,m2,True
Ferrocyanide,5.059715895275679e-13,kg,False
Fluazinam,6.203425840286788e-10,kg,False
Mesotrione,9.512114813086185e-13,kg,False
Thiencarbazone-methyl,2.649773718176052e-10,kg,False
MCPA,4.000071033720871e-12,kg,False
Ethylene carbonate,1.4267163385770108e-08,kg,False
Acephate,2.247947840300319e-11,kg,False
Graphite,4.859210915269246e-06,kg,True
Chlorpyrifos,8.075166690772445e-13,kg,False
Desmedipham,1.7297534125919016e-16,kg,False
"Fungicides, unspecified",1.7250406940140352e-18,kg,False
Cobalt II,6.068068257783254e-09,kg,False
Thifensulfuron,9.802173566112396e-16,kg,False
Difenoconazole,3.567509512895783e-13,kg,False
Sulfate,2.345884176412007e-07,kg,False
Fenpropidin,3.937049516908833e-11,kg,False
Phenanthrene,5.0874477379899034e-08,kg,False
Copper oxide,7.304108275068828e-14,kg,False
"Occupation, urban, discontinuously built",9.18538038104964e-06,m2*a,True
Flumioxazin,9.647683561510217e-14,kg,False
Formic acid,2.666505984002228e-11,kg,False
Zeta-cypermethrin,1.373697255252096e-11,kg,False
Prohexadione calcium,4.653938232802811e-15,kg,False
Acetamide,1.8395751524821056e-11,kg,False
Diflubenzuron,5.169735072423958e-11,kg,False
Phosphate,1.6981070759065527e-06,kg,False
Isoproturon,2.3391283995277678e-11,kg,False
"Wood, soft, standing",3.2931366022316447e-05,m3,True
Isocyanic acid,2.1643960057109065e-08,kg,False
Diquat dibromide,7.980707611745802e-09,kg,False
Trichlorfon,2.267122397527103e-10,kg,False
Flumioxazin,1.8244559834717934e-12,kg,False
Butanol,1.0746490854090862e-07,kg,False
Metamitron,3.962527753612321e-15,kg,False
t-Butyl amine,6.342885839171148e-11,kg,False
"Suspended solids, unspecified",4.856375178056418e-05,kg,False
Anthracene,2.120656881863542e-10,kg,False
Flusilazole,4.826489854343232e-19,kg,False
Monochlorobenzene,6.766204449135291e-08,kg,False
Urea,1.101232472715912e-10,kg,False
Lenacil,1.535506625465737e-16,kg,False
Acetamiprid,1.7640301132287022e-13,kg,False
Pentachlorobenzene,2.1079669907769705e-10,kg,False
Caesium I,4.943309578443824e-09,kg,False
Fluxapyroxad,1.6282774432029481e-10,kg,False
Propamocarb,1.7775850712788768e-16,kg,False
Nitrate,1.40467890288159e-07,kg,False
Nitrogen fluoride,1.4926119264497365e-15,kg,False
Bromoxynil,1.1579198324908056e-19,kg,False
Iodosulfuron-methyl-sodium,1.0000327039210109e-12,kg,False
Monochloroethane,1.7898424584028607e-10,kg,False
"Transformation, to traffic area, rail/road embankment",1.4270846296258186e-05,m2,True
Triadimenol,7.542046671422909e-13,kg,False
Platinum,1.3558115163408627e-14,kg,False
Nitrogen dioxide,1.6011173044826397e-11,kg,False
Clodinafop-propargyl,3.975110762074643e-14,kg,False
Fluroxypyr,3.188120009385e-11,kg,False
Mandipropamid,3.0839381036078097e-13,kg,False
Fenbuconazole,3.578329888032396e-13,kg,False
Acenaphthylene,1.2461037219960497e-08,kg,False
Ioxynil,3.190140609397974e-20,kg,False
Radon-222,84.72351232591532,kBq,False
Diflufenzopyr-sodium,2.3864855860255724e-10,kg,False
Radon-220,1.006827913185521e-05,kBq,False
Carbon,4.374380624325679e-06,kg,False
"Xylenes, unspecified",2.59473035945508e-07,kg,False
Thiodicarb,3.7548156243658287e-11,kg,False
Chrysotile,3.0144926915102067e-07,kg,True
Benzaldehyde,5.504714802572525e-09,kg,False
Propiconazole,8.993885945467402e-11,kg,False
Cinidon-ethyl,2.960437908213687e-20,kg,False
Acrylate,1.349707965472798e-09,kg,False
"Transformation, to urban, discontinuously built",1.8705231405011126e-07,m2,True
Tritium,1.217456379633215,kBq,False
Bixafen,1.4004373060852458e-15,kg,False
EPTC,6.137995299776522e-09,kg,False
Thorium-228,0.0005314912795378228,kBq,False
"Occupation, seabed, unspecified",-1.386691536841861e-24,m2*a,True
Thifensulfuron-methyl,1.9122642715310418e-10,kg,False
Triflumuron,9.655847888966018e-10,kg,False
Fenamidone,1.664785424163998e-17,kg,False
Phenmedipham,1.1941005560767053e-13,kg,False
Trichlorofluoromethane,3.695216336643912e-08,kg,False
Fenpropidin,9.40957899475194e-14,kg,False
Phosphorus,4.4441597793686497e-10,kg,False
Carbon,2.428345209900787e-09,kg,False
Sulfosate,1.2294272469935507e-08,kg,False
Carbon tetrachloride,5.217995506046206e-10,kg,False
Chlorotoluron,3.2733599060669e-14,kg,False
Ethylene diamine,1.5923185837012086e-10,kg,False
Silicon,3.3634633736475913e-09,kg,False
Glufosinate,2.3851997383629935e-17,kg,False
Phosphorus trichloride,4.907868344745541e-11,kg,False
Pyriproxyfen,2.5092749166231882e-14,kg,False
Dibutyltin,4.9026501828032465e-26,kg,False
Pencycuron,1.0986288738416734e-13,kg,False
"Hydrocarbons, aliphatic, unsaturated",5.947466257745906e-08,kg,False
Hafnium,1.0809789255180888e-06,kg,True
Aldrin,1.2256604498798152e-07,kg,False
"Hydrocarbons, aliphatic, alkanes, unspecified",7.3820419258733e-07,kg,False
Amidosulfuron,1.3938319024972537e-13,kg,False
Maneb,3.6207197165843594e-11,kg,False
Cyazofamid,5.9332086046847586e-18,kg,False
"Solids, inorganic",8.136834045960083e-05,kg,False
Propylene oxide,1.5908919699530397e-05,kg,False
"2,4-D ester",4.464051519934458e-20,kg,False
"Carboxylic acids, unspecified",1.819137924867327e-05,kg,False
Mancozeb,2.1303691104319002e-11,kg,False
Metrafenone,3.007191162511566e-18,kg,False
Flonicamid,8.661073713903888e-15,kg,False
Methyl acetate,1.2281937072792056e-11,kg,False
Chlorotoluron,3.795319985222003e-09,kg,False
Dimethenamide,2.1436387069748767e-15,kg,False
Vanadium V,5.5068364335150665e-08,kg,False
Methoxyfenozide,2.5616879423069682e-11,kg,False
Radium-228,1.520061479893466e-07,kBq,False
Methyl ethyl ketone,1.292479002666052e-09,kg,False
Methylchloride,2.0042054287788923e-13,kg,False
"VOC, volatile organic compounds",1.766643761903991e-06,kg,False
Tribenuron,2.3256842988131557e-12,kg,False
Isobutanol,2.261814300550787e-10,kg,False
Polonium-210,4.271615049475575e-05,kBq,False
Cinidon-ethyl,1.020840658004721e-21,kg,False
Halosulfuron-methyl,2.693807768294755e-14,kg,False
Bentazone,6.538706143288571e-12,kg,False
Fipronil,9.18419923036755e-10,kg,False
Cypermethrin,1.6783208787514236e-14,kg,False
Beta-cyfluthrin,6.374362656337588e-11,kg,False
Barium II,4.591758578732585e-06,kg,False
Foramsulfuron,2.41119998253469e-17,kg,False
2-Methyl-2-butene,1.4468463731917366e-15,kg,False
Fluxapyroxad,1.5189474144610987e-17,kg,False
Isophorondiisocyanate,2.4709378213118927e-11,kg,False
Methyl acrylate,1.7716382602498182e-08,kg,False
"2,4-D ester",9.863971999130101e-17,kg,False
Dichlorprop,1.2709585860458021e-17,kg,False
Clodinafop-propargyl,7.414975507812495e-21,kg,False
Uranium-238,4.0485880165457216e-07,kBq,False
Fluorine,1.3490674526653462e-07,kg,False
Fluoxastrobin,6.3465602253228984e-15,kg,False
"Pesticides, unspecified",1.3603430114162741e-15,kg,False
Acetonitrile,2.9551724510218783e-11,kg,False
Dimethomorph,1.569557635974598e-11,kg,False
Pirimicarb,2.799840951614252e-16,kg,False
Copper ion,2.9878714576469495e-08,kg,False
"1,1-Difluoroethane",1.6370256267676263e-11,kg,False
Tebuthiuron,4.571357947632737e-11,kg,False
Metribuzin,1.403282011736399e-15,kg,False
Iodosulfuron-methyl-sodium,9.1521223123487e-18,kg,False
Topramezone,1.1842450395698607e-10,kg,False
Benzo(b)fluoranthene,3.86179409994069e-09,kg,False
Amisulbrom,2.3290625698685375e-14,kg,False
Lithium I,4.585600919928693e-13,kg,False
Quinclorac,3.4919219209540053e-13,kg,False
Thallium I,1.3023412431355436e-11,kg,False
Azinphos-methyl,1.4976537739794693e-10,kg,False
Antimony ion,2.3481132387060104e-10,kg,False
Acenaphthylene,6.21358032958608e-11,kg,False
Tebuthiuron,5.023662652211758e-11,kg,False
Scandium,7.925017838225039e-09,kg,False
Terpenes,5.5192845868694435e-08,kg,False
Butyl acrylate,6.291436769904732e-11,kg,False
Phosphoric acid,5.789904353447855e-13,kg,False
Triclopyr,1.777139024592688e-16,kg,False
Boron,8.818879239403274e-08,kg,False
"Transformation, from dump site, slag compartment",5.815532785415351e-08,m2,True
Pyrimethanil,4.9110126951090046e-23,kg,False
Chloroform,3.378003288217623e-08,kg,False
Copper oxychloride,9.411699681601908e-11,kg,False
Chlorothalonil,4.3034546122548636e-08,kg,False
Tritium,0.016150760315111062,kBq,False
Fenoxaprop ethyl ester,4.887492026396088e-15,kg,False
Argon-41,0.00013417818187769546,kBq,False
Thorium-228,0.0009886619156887649,kBq,False
Prosulfocarb,2.2042915562340978e-12,kg,False
Triflusulfuron-methyl,3.724000644144691e-14,kg,False
Carbonyl sulfide,6.658561290215989e-07,kg,False
Pyriproxyfen,3.807622346895335e-10,kg,False
Clothianidin,4.979055279710477e-23,kg,False
"Transformation, from wetland, inland (non-use)",2.6881040217552517e-06,m2,True
Pyroxasulfone,2.7966480119863108e-09,kg,False
Cupric chloride dihydrate,3.78928775305808e-14,kg,False
Magnesium,9.48064764237964e-05,kg,False
"Occupation, pasture, man made",9.041901465555826e-08,m2*a,True
Desmedipham,4.7141933461165454e-14,kg,False
Methylamine,1.0870089437569602e-10,kg,False
Fludioxonil,2.5023102216371136e-12,kg,False
Zoxamide,3.462711415414423e-17,kg,False
Cu-HDO,1.796789078324002e-15,kg,False
Fluoxastrobin,2.188469043214793e-16,kg,False
Parathion,2.089023412362359e-12,kg,False
Fluazinam,5.5395867931185e-10,kg,False
m-Xylene,2.1967955714991538e-10,kg,False
Mesosulfuron,2.863143264322747e-16,kg,False
Haloxyfop-ethoxyethyl,4.3443209661305733e-13,kg,False
"Transformation, from seabed, unspecified",1.74281772183155e-05,m2,True
Potassium-40,5.342149464525103e-05,kBq,False
"Occupation, permanent crop",2.6979657191910243e-05,m2*a,True
Chloridazon,7.229748940436853e-18,kg,False
Orbencarb,5.6036782298986534e-09,kg,False
Borax,6.28570055736376e-11,kg,True
1-Pentanol,5.022525515034107e-11,kg,False
"1,4-Diethylbenzene",7.040999644868682e-07,kg,False
Trifloxystrobin,2.6283438891679934e-16,kg,False
Propargite,8.246318261488064e-10,kg,False
Piperonyl butoxide,8.434631157952201e-12,kg,False
Imidacloprid,3.580618520616267e-18,kg,False
Hexachlorobenzene,1.1800827835607097e-10,kg,False
Pyraflufen-ethyl,8.120517921104585e-20,kg,False
Xenon-133m,3.637184919662232e-05,kBq,False
Simazine,6.343927066254168e-14,kg,False
Monopotassium phosphite,7.919061799145749e-13,kg,False
Amidosulfuron,2.745714555098766e-16,kg,False
Pendimethalin,1.9329232345833612e-12,kg,False
Phenoxy compounds,2.0858965796871736e-11,kg,False
Florasulam,6.83642304335785e-15,kg,False
Prosulfocarb,8.084871096725553e-15,kg,False
Flupyrsulfuron-methyl sodium,1.8691519121112687e-16,kg,False
Nickel II,5.061922078473977e-09,kg,False
Phosphate,2.43894461045161e-11,kg,False
Tefluthrin,4.4832972764353334e-23,kg,False
Tetrachloroethylene,8.132865471037847e-07,kg,False
Benthiavalicarb,4.3640641420314906e-15,kg,False
Thiamethoxam,1.2495586051671842e-10,kg,False
Formic acid,5.660738649191971e-10,kg,False
Cinidon-ethyl,1.6606787096442202e-13,kg,False
"Pesticides, unspecified",3.054349757549191e-11,kg,False
Flufenacet,5.604356330349902e-15,kg,False
Bicarbonate,1.7516908793471602e-06,kg,False
Chlorate,2.159835748201089e-06,kg,False
Clodinafop-propargyl,2.0725224614383642e-21,kg,False
Arsine,9.31701916301781e-15,kg,False
Cadmium II,1.193884712419687e-10,kg,False
"Transformation, to seabed, unspecified",1.944766336498824e-08,m2,True
Carbendazim,5.163652475738156e-09,kg,False
Cyazofamid,4.372173125807041e-13,kg,False
Radium-226,4.858297056129929e-07,kBq,False
Titanium ion,5.872942323679491e-07,kg,False
Tritosulfuron,2.0717867643184322e-11,kg,False
Carbon tetrachloride,4.873833418344271e-06,kg,False
Novaluron,4.136867620185362e-18,kg,False
Methiocarb,1.4016848733956886e-22,kg,False
"1,1,1-Trifluoroethane",1.1166303612032238e-31,kg,False
"1,1,1-Trichloroethane",1.8180549339231503e-09,kg,False
Platinum,5.577490040620385e-08,kg,True
Clothianidin,2.08473041491198e-20,kg,False
"Fungicides, unspecified",2.5016902780556684e-12,kg,False
Bifenthrin,6.966252903755205e-16,kg,False
Boron trifluoride,5.11267232889586e-13,kg,False
Arsenic,2.769743560050397e-06,kg,True
Chloroform,1.3178269082985887e-10,kg,False
Chloride,0.004072552796502814,kg,False
"Solids, inorganic",7.13275320667861e-19,kg,False
"Radioactive species, Nuclides, unspecified",6.84809510391361e-06,kBq,False
Beta-cyfluthrin,1.240191048409251e-15,kg,False
Nitrate,9.5318268524223e-08,kg,False
Mandipropamid,6.167239210950641e-12,kg,False
Vanadium V,1.7268801155425652e-11,kg,False
Abamectin,4.192121770410146e-14,kg,False
Alkylbenzene (c10-c15),6.562694415257763e-10,kg,False
Fenoxaprop-P,5.317060563813524e-13,kg,False
Carbaryl,8.592789739792432e-18,kg,False
Propaquizafop,8.394387218104271e-16,kg,False
"Chlorinated solvents, unspecified",8.741779208762805e-13,kg,False
Ethephon,9.073698953449089e-15,kg,False
Flucarbazone sodium salt,1.620126733904231e-16,kg,False
Maleic hydrazide,1.8615307942174748e-13,kg,False
Hypochlorite,8.773239476198565e-09,kg,False
Rimsulfuron,3.741259412165815e-20,kg,False
"Water, in air",7.455611653763258e-07,m3,True
Bromoxynil,2.440326223457638e-19,kg,False
"2,4-DB",7.858115628199786e-17,kg,False
Formic acid,7.145832436115475e-11,kg,False
Isoxaflutole,5.493939962783575e-21,kg,False
Benzo(ghi)perylene,1.3344133398141348e-14,kg,False
Magnesium,2.6002032704663175e-07,kg,False
Thorium-232,1.2187373966785464e-07,kBq,False
Potassium I,3.2187161792547e-06,kg,False
Laterite,0.0009855270175686437,kg,True
Fluoxastrobin,2.657304727207331e-12,kg,False
Iodosulfuron,2.074429137047386e-14,kg,False
"Transformation, from permanent crop, non-irrigated",0.0005562213101100792,m2,True
Zinc-65,2.293589157787603e-09,kBq,False
Decanoic acid,2.2465069809096432e-11,kg,False
Oxamyl,1.2020337590857243e-09,kg,False
Methyl acetate,2.947669196090656e-11,kg,False
Endothall,4.7397219172973125e-12,kg,False
Vanadium V,1.427341692077855e-08,kg,False
Acetonitrile,6.623141504243328e-08,kg,False
Calcium II,7.898819038685875e-06,kg,False
Praseodymium,4.78937956505347e-07,kg,True
Spirotetramat,2.2190094514404173e-19,kg,False
Ethylene,1.249243140358966e-06,kg,False
Thiabendazole,7.192188469819588e-15,kg,False
Anthracene,1.1931462975556133e-08,kg,False
Nicosulfuron,9.664103584382793e-17,kg,False
Arsenic ion,6.253677360190175e-09,kg,False
Fluazinam,2.439259277691101e-11,kg,False
Paraquat,3.3406570639345178e-15,kg,False
Chlorantraniliprole,6.5312120088088945e-15,kg,False
Imazapyr,8.75945703048241e-14,kg,False
Acephate,2.465167668935624e-10,kg,False
Fenamidone,1.1836897028477066e-12,kg,False
Potassium-40,5.9202211123941905e-08,kBq,False
Spirotetramat,1.7537975181052909e-15,kg,False
Neodymium,1.4314733288192865e-06,kg,True
Terbium,4.411245114270531e-10,kg,True
Maleic anhydride,7.218711469151357e-07,kg,False
Prosulfocarb,2.7878865850777807e-16,kg,False
Acetamiprid,2.3112633339615084e-13,kg,False
Arsenic ion,1.1741368723227062e-08,kg,False
Trinexapac-ethyl,5.674326884945046e-15,kg,False
2-Methyl-2-butanol,6.680609737049394e-16,kg,False
Ammonium,4.545315335582889e-06,kg,False
Sulfosulfuron,9.564105490303328e-14,kg,False
Selenium IV,1.1116285366800535e-09,kg,False
Spodumene,9.147800332714317e-07,kg,True
Nicosulfuron,8.664015038089299e-13,kg,False
Hydrogen peroxide,5.834419610444657e-09,kg,False
Acetone cyanohydrin,4.05301643506775e-08,kg,False
"2,4-D dimethylamine salt",5.2619768707707383e-17,kg,False
Triethylammonium,7.670804248624903e-22,kg,False
Spiroxamine,2.0018178223680876e-11,kg,False
Fluoranthene,1.7586499805303078e-08,kg,False
Triflusulfuron-methyl,1.518896357161815e-17,kg,False
Tembotrione,2.4703881361124767e-15,kg,False
Bifenthrin,4.711606492921156e-13,kg,False
Cyanide,3.5575060767725416e-08,kg,False
"Transformation, to pasture, man made, intensive",6.6277233559317e-08,m2,True
Scandium,6.838623488262573e-09,kg,True
Chloride,1.5332458292103606e-05,kg,False
Phenoxy compounds,1.8767127237107262e-10,kg,False
Peracetic acid,4.572966944701519e-07,kg,False
Fludioxonil,5.5388068478684254e-17,kg,False
"Transformation, from traffic area, rail/road embankment",6.656105196984326e-06,m2,True
"1,1,1,2-Tetrafluoroethane",1.1792049260305205e-08,kg,False
Methoxyfenozide,4.617119608058092e-14,kg,False
"Occupation, unspecified, natural (non-use)",6.524152067082703e-07,m2*a,True
Mecoprop-P,2.8000859222482816e-11,kg,False
Chlorine,4.864140031963262e-08,kg,False
Bromomethane,8.529359682857966e-09,kg,False
Phosphorous acid,5.538879237314502e-13,kg,False
"Transformation, from annual crop, non-irrigated, extensive",2.5117734649270925e-06,m2,True
Hydrochloric acid,3.465628384516584e-07,kg,False
Propionic acid,6.453974299206056e-11,kg,False
Mesosulfuron,1.1987980671166726e-13,kg,False
Flufenacet,6.117147326617001e-10,kg,False
Tebupirimfos,7.818592377649951e-11,kg,False
Ioxynil,7.590804823275004e-12,kg,False
Pencycuron,4.0311476698917424e-16,kg,False
"Oils, non-fossil",7.802153787448526e-07,kg,False
Bromotrifluoromethane,1.9470972892317778e-15,kg,False
Triethylene glycol,1.1730183847926677e-09,kg,False
Bromine,1.8690356189961385e-09,kg,False
Mecoprop-P,2.554054268575321e-10,kg,False
Fipronil,6.658227167839824e-11,kg,False
Antimony,2.536444813344722e-08,kg,True
Bentazone,1.088088182192586e-13,kg,False
Flurochloridone,3.559770379299913e-18,kg,False
Phenoxy compounds,5.743914074619013e-14,kg,False
Benzovindiflupyr,1.3429015185102533e-11,kg,False
Ametoctradin,7.513105064092076e-16,kg,False
Pentafluoroethane,1.4497655577759483e-30,kg,False
Benzovindiflupyr,6.983928859988551e-16,kg,False
Fluquinconazole,4.652906221721693e-15,kg,False
Propaquizafop,5.500322969837878e-13,kg,False
Cyclohexane,1.0005468450869386e-06,kg,False
Diuron,1.1503669784343444e-13,kg,False
Fenpropimorph,7.229877081933778e-16,kg,False
Epoxiconazole,1.0107290481518915e-15,kg,False
"1,1,2-Trichloro-1,2,2-trifluoroethane",1.3235219351564475e-10,kg,False
Chlorimuron-ethyl,3.6178032095806417e-13,kg,False
Benomyl,2.5090565769105532e-12,kg,False
Cyprodinil,3.83546648974072e-18,kg,False
Gibberellic acid,1.3983860606471018e-16,kg,False
Benzo(a)pyrene,1.6033010191239846e-15,kg,False
Antimony ion,5.0144030426372664e-11,kg,False
Radium-226,5.9384474083839086e-08,kBq,False
Diethyl ether,6.366652761929385e-15,kg,False
"2,4-DB",1.8979918050005333e-16,kg,False
Flusilazole,1.6643068463252485e-20,kg,False
MCPB,1.0867829615295353e-14,kg,False
Lead-210,1.8824177396968282e-06,kBq,False
Thiophanate-methyl,1.9164102989630767e-12,kg,False
"Transformation, from forest, extensive",8.334450204755103e-05,m2,True
Pinoxaden,6.853280075029685e-11,kg,False
Anthraquinone,4.2976234865999845e-14,kg,False
Chloride,3.784636357102972e-07,kg,False
Caesium I,2.6567386392962544e-09,kg,False
Fluopicolide,6.434974487394845e-13,kg,False
Chlorantraniliprole,6.4731675712019365e-19,kg,False
Fluoride,8.999507719661148e-08,kg,False
Metrafenone,1.2591109212000739e-15,kg,False
MCPB,6.15829563592337e-10,kg,False
Spiroxamine,1.9070846486925184e-10,kg,False
Novaluron,4.865075915783978e-13,kg,False
Carbendazim,2.6799348719636547e-10,kg,False
Diquat dibromide,1.517127672437662e-11,kg,False
Trifluralin,1.4720076841987747e-15,kg,False
Cobalt II,1.8615654390597115e-09,kg,False
Pyriproxyfen,1.2674202534842682e-13,kg,False
Sulfur dichloride,4.904080177510017e-15,kg,False
Mercury II,1.7381892808711784e-10,kg,False
Barium II,7.191399845488946e-07,kg,False
Propiconazole,2.938631621949013e-13,kg,False
Lambda-cyhalothrin,6.599001598632937e-13,kg,False
Zinc II,6.985808796369019e-07,kg,False
Tungsten,8.953464470422756e-10,kg,False
Lead II,9.960776619917939e-11,kg,False
"1,1,2-Trichloro-1,2,2-trifluoroethane",3.793495872909221e-11,kg,False
Mecoprop-P,8.927605461401434e-14,kg,False
Bentazone,2.7816025545769537e-10,kg,False
Fluquinconazole,1.9473322097659735e-16,kg,False
Glufosinate ammonium,1.5229869568182223e-09,kg,False
Phosphorus,3.406167127014334e-07,kg,False
Cymoxanil,1.2170135172747281e-15,kg,False
Lead II,2.5626211971702597e-08,kg,False
Triclopyr,1.4293343361335303e-15,kg,False
Tribenuron-methyl,3.069227678640413e-15,kg,False
Diquat dibromide,3.3450534418591977e-10,kg,False
"Radioactive species, other beta emitters",1.2301761451569682e-14,kBq,False
Pencycuron,9.883489711813097e-13,kg,False
Ethylamine,4.3879978923197197e-10,kg,False
Metalaxyl-M,4.839393575836932e-14,kg,False
Barite,1.0807681520948039e-05,kg,False
Thiophanate-methyl,8.385358990511744e-13,kg,False
Dichlorprop,5.05714445573052e-16,kg,False
Pentachlorobenzene,4.053143930885928e-15,kg,False
Choline chloride,3.5736990170778e-13,kg,False
Cupric hydroxide,4.3184597350564085e-14,kg,False
Emamectin benzoate,4.409386039957322e-13,kg,False
Tebuthiuron,7.958425448458818e-13,kg,False
Dysprosium,9.941754034386406e-10,kg,True
"Dibenz(a,h)anthracene",1.0801485758743012e-09,kg,False
Phosgene,2.458800650464756e-08,kg,False
Linuron,2.200879373580516e-18,kg,False
Mesosulfuron,1.0786220731707637e-12,kg,False
Caesium-134,6.703860055237542e-10,kBq,False
Alkylbenzene (c10-c15),5.003379940116326e-09,kg,False
Myclobutanil,3.499526214055395e-13,kg,False
Nitrite,7.934394342602123e-09,kg,False
Carnallite,4.432148484370823e-05,kg,True
"Occupation, traffic area, rail network",0.0009846189952645368,m2*a,True
Xenon-131m,0.000984221424271142,kBq,False
Bixafen,1.529987537420256e-10,kg,False
Chlorimuron-ethyl,2.5482842062504795e-10,kg,False
Laminarin,1.59358479292656e-11,kg,False
Abamectin,1.8941883983211998e-10,kg,False
"1,1,2,2-Tetrafluoroethene",4.652842157907776e-06,kg,False
