Flow,Amount,Unit,Is input
Water,0.008972200167736097,m3,False
"Transformation, to industrial area",4.667060163740679e-05,m2,True
"Transformation, to lake, artificial",5.3956396892188057e-05,m2,True
"Water, turbine use, unspecified natural origin",5.507658710964399,m3,True
"Transformation, from forest, unspecified",0.0002889740559852464,m2,True
"Energy, potential (in hydropower reservoir), converted",0.7611481842955514,MJ,True
"Carbon dioxide, from soil or biomass stock",0.0022600877889754644,kg,False
Water,5.570538819344372,m3,False
"Methane, non-fossil",4.1116151737305294e-05,kg,False
"Volume occupied, reservoir",0.026361472433533522,m3*a,True
"Occupation, lake, artificial",0.004332199219109018,m2*a,True
Water,0.11576187061273438,m3,False
"Particulate Matter, > 2.5 um and < 10um",0.0009675802336317537,kg,False
"Hydrocarbons, unspecified",1.5634021696008207e-06,kg,False
Cadmium II,5.2508711009046346e-08,kg,False
"Dioxins, measured as 2,3,7,8-tetrachlorodibenzo-p-dioxin",6.302052377483351e-13,kg,False
Selenium IV,6.376588907565421e-08,kg,False
Chromium VI,1.1800287123749952e-08,kg,False
Vanadium V,5.9180168511710256e-09,kg,False
Copper ion,2.522598677903257e-05,kg,False
"TOC, Total Organic Carbon",9.190201882030023e-06,kg,False
Ammonia,4.2167857895006646e-05,kg,False
Arsenic ion,6.608279825532479e-08,kg,False
Chromium III,2.1229668752203566e-07,kg,False
Zinc II,1.1364270060704553e-05,kg,False
Nitrogen,1.627850943694801e-06,kg,False
"Water, unspecified natural origin",0.006180165474492691,m3,True
"AOX, Adsorbable Organic Halides",7.401859151121117e-08,kg,False
Benzene,2.625792905042408e-07,kg,False
Rhodium III,2.986608977443772e-10,kg,False
Mercury II,3.8742006662106836e-09,kg,False
Chloride,0.00027005914376674955,kg,False
Tin ion,3.4291159908643697e-06,kg,False
Formaldehyde,5.983327016155835e-06,kg,False
Nickel II,2.8184744591341184e-07,kg,False
Sulfate,0.00032446440488362354,kg,False
Sulfide,3.6625242568732043e-07,kg,False
Selenium IV,1.1842573650081755e-08,kg,False
"Suspended solids, unspecified",2.745093796752111e-05,kg,False
Nitrogen oxides,0.011172847184872964,kg,False
Tellurium,4.4218422193377896e-10,kg,False
Platinum,2.986608977443772e-10,kg,False
"PAH, polycyclic aromatic hydrocarbons",2.46956225285376e-10,kg,False
Beryllium II,7.524778885775607e-10,kg,False
Palladium II,2.9868157190146873e-10,kg,False
Vanadium V,3.302233463423417e-06,kg,False
Copper ion,2.599610357030341e-07,kg,False
Antimony ion,4.847154246701116e-06,kg,False
Ammonium,9.410961537844689e-07,kg,False
Cobalt II,8.397804621088589e-08,kg,False
Arsenic ion,8.306744437581508e-09,kg,False
Fluoride,7.464188873341317e-07,kg,False
Barium II,8.102062859876886e-08,kg,False
Hydrogen fluoride,2.0020819581574446e-06,kg,False
Lead II,3.4070826972432625e-06,kg,False
Hydrochloric acid,9.23388059236234e-06,kg,False
Boron,1.183549190899938e-07,kg,False
Chromium III,1.5560729683791489e-06,kg,False
Sodium I,6.641282157872247e-05,kg,False
"NMVOC, non-methane volatile organic compounds",0.001790411000520445,kg,False
t-Butyl methyl ether,5.9177459544996794e-09,kg,False
Cyanide,1.2960004507277326e-07,kg,False
"Heat, waste",0.45426786363895794,MJ,False
Nickel II,1.6909514436274273e-06,kg,False
Hydrogen sulfide,8.675116336108145e-06,kg,False
Cobalt II,6.435351652347983e-10,kg,False
Mercury II,3.272758687424172e-08,kg,False
Benzene,1.0698271225320454e-05,kg,False
"Particulate Matter, < 2.5 um",0.0006873950815498293,kg,False
"Carbon monoxide, fossil",0.005507019417243957,kg,False
Cadmium II,2.2585922114758485e-08,kg,False
"Xylenes, unspecified",5.9272135202067265e-06,kg,False
Dinitrogen monoxide,4.818132931841525e-05,kg,False
Toluene,3.0141949130393107e-06,kg,False
"Particulate Matter, > 10 um",0.0026038968547408567,kg,False
Thallium I,1.0964676949177799e-08,kg,False
Aluminium III,6.488498374852724e-08,kg,False
Nitrate,3.9828868880307724e-07,kg,False
"Xylenes, unspecified",4.2938992567642906e-09,kg,False
Nitrite,1.82134346508608e-08,kg,False
"BOD5, Biological Oxygen Demand",2.90695382751015e-05,kg,False
Molybdenum VI,2.9588729772498426e-09,kg,False
"Heat, waste",0.08920005616950155,MJ,False
Water,0.0024666481521369733,m3,False
Benzo(a)pyrene,2.7980118714554435e-09,kg,False
"Water, cooling, unspecified natural origin",0.06373562740551612,m3,True
Manganese II,1.382086519863847e-06,kg,False
Zinc II,3.5080908942643676e-07,kg,False
Iron ion,1.3865929676157603e-05,kg,False
Manganese II,8.382817799626269e-08,kg,False
Toluene,2.6521500855591756e-08,kg,False
"PAH, polycyclic aromatic hydrocarbons",1.9821041973092936e-07,kg,False
Lead II,2.0373004126469314e-07,kg,False
Tin ion,2.9591896667803583e-09,kg,False
Phenol,5.927751036145641e-08,kg,False
"Carbon dioxide, fossil",1.923381213472853,kg,False
"Methane, fossil",4.2847150960430264e-05,kg,False
Phosphorus,1.8486625284795727e-07,kg,False
"Carbon dioxide, non-fossil",0.002878553203630227,kg,False
Sulfur dioxide,0.001145720756488332,kg,False
"DOC, Dissolved Organic Carbon",9.083129650925864e-06,kg,False
"COD, Chemical Oxygen Demand",4.6067984394878056e-05,kg,False
"Water, well, in ground",0.0019375027206819646,m3,True
"DOC, Dissolved Organic Carbon",0.004125581919726106,kg,False
Chloride,0.0031318665567281662,kg,False
"COD, Chemical Oxygen Demand",0.00038847892928610894,kg,False
Phenol,5.790473211687101e-07,kg,False
Chlorine,9.848647413025023e-07,kg,False
"Water, river",0.0022663590448099313,m3,True
Sodium I,0.009328585724018417,kg,False
"Carbon dioxide, fossil",0.11343883607123414,kg,False
Phenol,5.25446528350394e-09,kg,False
"TOC, Total Organic Carbon",0.000704463437345317,kg,False
"BOD5, Biological Oxygen Demand",0.0002225682293089272,kg,False
Hydrogen,1.869924150100841e-05,kg,False
Ammonia,1.876463626063952e-05,kg,False
Benzene,5.718167335338369e-06,kg,False
"NMVOC, non-methane volatile organic compounds",0.005036949966907106,kg,False
Nickel II,1.1710061386539068e-06,kg,False
"PAH, polycyclic aromatic hydrocarbons",3.51229035501206e-07,kg,False
"Carbon dioxide, fossil",1.0414555224985544,kg,False
Selenium IV,5.3598461288568044e-08,kg,False
Lead II,7.951946400860485e-09,kg,False
"Methane, fossil",0.010957914974296644,kg,False
Sulfur dioxide,0.0017554043134982871,kg,False
Cadmium II,2.0461731549268523e-09,kg,False
Benzo(a)pyrene,4.130654690336609e-08,kg,False
Dinitrogen monoxide,5.878897633906505e-05,kg,False
Copper ion,5.395900124442026e-07,kg,False
"Carbon monoxide, fossil",0.0009408046523768856,kg,False
Zinc II,1.6723196878266335e-07,kg,False
"Particulate Matter, < 2.5 um",0.0006391200354519215,kg,False
Cadmium II,1.2541142371523227e-07,kg,False
Chromium III,4.629862746501429e-07,kg,False
Nitrogen oxides,0.00898870297334502,kg,False
Zinc II,9.61962734290583e-07,kg,False
"Dioxins, measured as 2,3,7,8-tetrachlorodibenzo-p-dioxin",4.4623719081373984e-14,kg,False
Dinitrogen monoxide,5.192402304561424e-06,kg,False
"Carbon monoxide, fossil",0.00029808869577082833,kg,False
Sulfur dioxide,0.0004864049424358712,kg,False
"NMVOC, non-methane volatile organic compounds",0.00014702609381020903,kg,False
"Methane, fossil",1.7502764005475207e-05,kg,False
Nitrogen oxides,0.0002487917238114139,kg,False
Oxygen,0.12529309233041294,kg,True
"Heat, waste",0.1413202600922517,MJ,False
Mercury II,1.9153220012614763e-09,kg,False
Non-hazardous waste disposed,5.756181255742796,kg,False
"Occupation, dump site",0.005562397115521228,m2*a,True
"Transformation, from unspecified",0.0015596660713077142,m2,True
"Transformation, to dump site",3.5782790738644624e-05,m2,True
Sulfur hexafluoride,9.319075482388127e-08,kg,False
"Particulate Matter, > 10 um",0.0011799628655759671,kg,False
Nickel II,1.7604590376554476e-07,kg,False
"COD, Chemical Oxygen Demand",6.402233677735243e-07,kg,False
Sulfate,0.0012919344353255725,kg,False
Manganese II,2.4442231179228176e-06,kg,False
"DOC, Dissolved Organic Carbon",8.006564430497654e-07,kg,False
"TOC, Total Organic Carbon",8.006564430497654e-07,kg,False
Iron ion,0.00016687034644424217,kg,False
Chromium III,5.865142072485568e-08,kg,False
Dissolved solids,2.7558729314193316e-05,kg,False
Arsenic ion,1.8498847551883366e-07,kg,False
Cadmium II,1.5914653254795275e-08,kg,False
Lead II,4.3458219888354123e-07,kg,False
"Occupation, industrial area",0.006192925426048645,m2*a,True
Selenium IV,7.37342500217444e-08,kg,False
"BOD5, Biological Oxygen Demand",1.639113959216552e-07,kg,False
"Solids, inorganic",0.00035602842914136604,kg,False
Tin ion,7.045008355129503e-09,kg,False
Chloride,0.0023234889484189756,kg,False
Copper ion,5.151667754916344e-07,kg,False
Uranium alpha,0.0007385247056034218,kBq,False
"Transformation, to mineral extraction site",0.0003998685189570113,m2,True
Uranium,4.4800758143357954e-06,kg,True
Radon-222,2.4028848563959357,kBq,False
Radium-226,0.06768944300977828,kBq,False
Gangue,0.44865211442224606,kg,True
"Suspended solids, unspecified",6.986047557673506e-05,kg,False
"Transformation, from industrial area",5.556507550918064e-07,m2,True
Molybdenum VI,4.479570779819781e-07,kg,False
Sulfate,0.000826324758708625,kg,False
Cadmium II,1.2152952070971537e-08,kg,False
Aluminium III,7.0604053305321364e-06,kg,False
Nitrate,3.884363475462606e-05,kg,False
Magnesium,0.00031051532002065644,kg,False
Lead II,8.159469775122235e-08,kg,False
Arsenic ion,7.394476015338971e-08,kg,False
Selenium IV,3.641741240360046e-08,kg,False
Uranium alpha,4.454752823900737e-05,kBq,False
Ammonium,2.067364067384633e-05,kg,False
"Occupation, mineral extraction site",0.003712476567369387,m2*a,True
Zinc II,2.184116606146759e-06,kg,False
Barium II,1.7626995056298972e-05,kg,False
Iron ion,1.0971980374875811e-05,kg,False
Thorium-230,0.0016025510261653592,kBq,False
Vanadium V,4.321783286868103e-07,kg,False
Manganese II,1.1930179546184058e-06,kg,False
"Transformation, to unspecified",1.1292669886146667e-05,m2,True
"Energy, solar, converted",0.006571221297370845,MJ,True
"Transformation, from pasture, man made",0.00024053977156454894,m2,True
"Occupation, river, artificial",0.07647283401248213,m2*a,True
"Transformation, from shrub land, sclerophyllous",0.0001451298299221534,m2,True
"Transformation, to river, artificial",0.0006502538633604872,m2,True
Nitrobenzene,6.471053027508941e-09,kg,False
Aniline,1.6240866090566186e-09,kg,False
Chlorine,1.5400813029224636e-06,kg,False
Vinyl chloride,1.828222315540096e-08,kg,False
"1,1,2-Trichloroethane",1.3390291888239227e-10,kg,False
Zirconium-95,5.732496946530515e-05,kBq,False
Niobium-95,0.00014025905414336595,kBq,False
"Hydrocarbons, unspecified",1.151203835196134e-07,kg,False
Technetium-99m,1.3870574150687804e-06,kBq,False
Antimony-124,0.00012998115997934503,kBq,False
"Noble gases, radioactive, unspecified",18.802163917599646,kBq,False
Cobalt-58,0.00010553497046634498,kBq,False
Antimony-125,4.195043190655967e-06,kBq,False
Molybdenum-99,5.4559399309871794e-08,kBq,False
Chromium-51,1.1370109389577274e-05,kBq,False
Zinc-65,1.4565370658783077e-05,kBq,False
Iodine-131,2.542862105560717e-05,kBq,False
Antimony-125,2.0410918307916682e-09,kBq,False
Tritium,0.93084914217402,kBq,False
Antimony-122,7.885243654000986e-08,kBq,False
Cobalt-60,1.4632103569459413e-08,kBq,False
Ruthenium-103,2.567457174737764e-08,kBq,False
Silver-110,2.730178389050715e-10,kBq,False
Strontium-89,1.0975535502424688e-06,kBq,False
Water,0.00022347928821788468,m3,False
Barium-140,5.681128849646856e-08,kBq,False
Xenon-133,0.06602204394681327,kBq,False
Caesium-136,2.4510547198834355e-08,kBq,False
Iodine-133,1.5875158683935052e-07,kBq,False
Tellurium-132,7.344441544987266e-09,kBq,False
Zirconium-95,5.0902121260250925e-09,kBq,False
Krypton-85m,0.001317935615167772,kBq,False
Tellurium-123m,2.140584151964144e-07,kBq,False
Cobalt-60,6.423952123130861e-05,kBq,False
Niobium-95,3.475678413304154e-07,kBq,False
Iodine-133,1.1352403594574737e-07,kBq,False
"Radioactive species, alpha emitters",4.896535355513702e-07,kBq,False
Carbon-14,1.4025899546576332e-05,kBq,False
Lanthanum-140,1.820831533413015e-07,kBq,False
Cerium-144,4.2043002668461854e-08,kBq,False
Cobalt-57,7.78057227806308e-07,kBq,False
Carbon-14,0.00472953727175672,kBq,False
Antimony-124,1.0737470870948366e-10,kBq,False
"Aerosols, radioactive, unspecified",8.165425538995175e-07,kBq,False
Manganese-54,3.578712566895668e-06,kBq,False
Caesium-137,1.205279158401801e-08,kBq,False
Iron-59,0.000114430385492099,kBq,False
Xenon-135,0.022554155490591078,kBq,False
Cerium-141,6.786140235787649e-08,kBq,False
Caesium-137,2.4099072987210223e-05,kBq,False
Caesium-134,1.7347936783769689e-06,kBq,False
Sodium-24,9.086779901317017e-07,kBq,False
"Radioactive species, other beta emitters",1.4611988712462265e-08,kBq,False
Iodine-131,5.7591484582897414e-05,kBq,False
Cobalt-58,2.047191322616105e-09,kBq,False
Strontium-90,0.0015081960253024128,kBq,False
Silver-110,4.236678836736756e-05,kBq,False
"Transformation, from dump site",4.329687926318013e-06,m2,True
"Transformation, to forest, unspecified",0.00015789845580054,m2,True
Vanadium V,5.495342718859141e-05,kg,False
"Transformation, from traffic area, road network",2.5978279096606686e-06,m2,True
"Transformation, to traffic area, road network",0.0005750245590320109,m2,True
Silicon,0.014177430692907885,kg,False
"Transformation, to shrub land, sclerophyllous",0.00014182343862343536,m2,True
"Occupation, shrub land, sclerophyllous",0.000709116926521955,m2*a,True
Hazardous waste disposed,0.3517690495138172,kg,False
"Waste mass, total, placed in landfill",0.14912602289691193,kg,True
"Occupation, traffic area, road network",0.1789142773819167,m2*a,True
Molybdenum VI,3.842122297389375e-06,kg,False
"Occupation, construction site",0.0003012500369397302,m2*a,True
"Transformation, to pasture, man made",2.894923080457235e-06,m2,True
Silicon,5.268540391119322e-05,kg,False
Iron ion,0.004066297202169584,kg,False
Zinc II,2.654260300323031e-07,kg,False
Propylene,5.896594831870668e-07,kg,False
"Hydrocarbons, aliphatic, alkanes, cyclic",3.319049113525091e-07,kg,False
"Particulate Matter, < 2.5 um",0.00010914011386063403,kg,False
Propylene oxide,1.8179380346740172e-07,kg,False
"PAH, polycyclic aromatic hydrocarbons",1.8653105672038467e-08,kg,False
Methyl ethyl ketone,8.295037350431174e-07,kg,False
Heptane,3.889795792747253e-07,kg,False
Copper ion,6.47837872438283e-08,kg,False
Ethane,1.0697690327957333e-06,kg,False
Nickel II,1.3078438928631196e-07,kg,False
Toluene,4.347680773557435e-07,kg,False
Benzene,1.1894882601116607e-06,kg,False
Isohexane,6.52284387514146e-10,kg,False
Ethylene oxide,1.5140105493618944e-08,kg,False
1-Pentene,1.3443326735059682e-11,kg,False
o-Xylene,1.4892221597051512e-10,kg,False
Pentane,2.693229031905265e-06,kg,False
Ethylene,1.7159855876688226e-06,kg,False
Cadmium II,3.3883619134784716e-09,kg,False
Propane,1.8865856519998045e-06,kg,False
Acetone,3.0684333067659506e-07,kg,False
m-Xylene,4.5485640224181966e-08,kg,False
Acrolein,1.517405282279735e-09,kg,False
Chromium VI,1.3368851842346742e-09,kg,False
Formaldehyde,4.363713382912248e-07,kg,False
Benzaldehyde,4.822428778848819e-10,kg,False
Butane,1.4431237132752634e-06,kg,False
Selenium IV,7.676991173262128e-09,kg,False
Styrene,1.274593695201871e-08,kg,False
Hexane,1.6101481623928012e-06,kg,False
Acetaldehyde,1.067768065241777e-07,kg,False
Chromium III,1.5888689916841347e-08,kg,False
Ammonia,7.016093677170203e-06,kg,False
Lead II,7.516192111168777e-08,kg,False
Hydrogen,5.127858915167534e-06,kg,False
Ethylene,1.3412167886223166e-10,kg,False
Lead II,1.2957589706301745e-06,kg,False
Propane,5.4106635153934195e-05,kg,False
Arsenic ion,3.953394556088762e-07,kg,False
"Dioxins, measured as 2,3,7,8-tetrachlorodibenzo-p-dioxin",2.0932350470313458e-13,kg,False
Propionic acid,3.087939338383231e-08,kg,False
Butane,0.0001076464678138985,kg,False
Acenaphthene,9.120368060766757e-09,kg,False
Beryllium II,4.4162590412497574e-10,kg,False
Hexane,4.6508654300388815e-05,kg,False
Manganese II,2.147461072388236e-07,kg,False
Acetaldehyde,4.432584770642479e-07,kg,False
Formaldehyde,1.0223341934648e-06,kg,False
Cobalt II,5.6182262050580795e-08,kg,False
Pentane,8.220832223284532e-05,kg,False
Acetic acid,4.804479992571739e-07,kg,False
Toluene,2.235803206989562e-06,kg,False
Ethane,1.309236711597201e-05,kg,False
Mercury II,2.0249570904826582e-08,kg,False
Scandium,1.787824895703936e-08,kg,False
Lead II,4.4094170177211605e-05,kg,False
Cadmium II,1.337673017467451e-06,kg,False
Molybdenum VI,2.5336128580455773e-07,kg,False
Vanadium V,1.2448063441426992e-08,kg,False
Thallium I,2.941952669229609e-10,kg,False
Antimony ion,4.4277035194141634e-08,kg,False
Iodide,7.522400859220777e-09,kg,False
Boron,6.319309028303997e-08,kg,False
Thallium I,1.4870355136883941e-06,kg,False
Magnesium,4.39503482466594e-05,kg,False
Potassium I,1.8146241093160212e-05,kg,False
Barium II,6.044947045606007e-05,kg,False
Bromine,1.8728079539059801e-06,kg,False
Aluminium III,3.2179326424126704e-06,kg,False
Phosphate,0.0012167529012448697,kg,False
Mercury II,2.788383175609165e-10,kg,False
Cobalt II,7.471128809401234e-08,kg,False
Bromine,1.1112183561043129e-07,kg,False
Silicon,2.0090506123296847e-05,kg,False
Tungsten,1.7585228681895305e-06,kg,False
Beryllium II,8.739645574484716e-07,kg,False
Copper ion,0.00021390923149603038,kg,False
Iodide,2.807104378968586e-07,kg,False
Mercury II,2.0148221706136984e-07,kg,False
Zinc II,1.847807374679342e-05,kg,False
Calcium II,0.0223383759829271,kg,False
Sodium I,0.004138848153306127,kg,False
Phosphate,0.00013441871530264158,kg,False
Tin ion,7.080905391948671e-06,kg,False
Chromium VI,3.429477258256009e-05,kg,False
Nickel II,6.031671655471516e-05,kg,False
Beryllium II,2.1120505918608593e-09,kg,False
Zinc II,0.00016229433952552055,kg,False
Antimony ion,2.31701111059745e-06,kg,False
Cobalt II,1.8853166425986298e-05,kg,False
Fluoride,9.983730094169857e-07,kg,False
Chromium VI,7.850491511547028e-08,kg,False
Manganese II,0.00032178192642235787,kg,False
Chloride,0.001078887755893223,kg,False
Fluoride,0.00013909451632889086,kg,False
Strontium II,1.8777916074043415e-06,kg,False
Potassium I,0.0024531032241138086,kg,False
Aluminium III,0.005853465265565546,kg,False
Titanium ion,0.00011781782787093844,kg,False
Arsenic ion,8.69165802275484e-06,kg,False
Magnesium,0.0040617663825992705,kg,False
Strontium II,0.00013979608037032644,kg,False
Barium II,3.2310989300472784e-07,kg,False
Selenium IV,1.3954884833883875e-06,kg,False
Scandium,3.8390182584923955e-06,kg,False
Boron,1.1182354962868142e-05,kg,False
Tungsten,1.961287861774702e-08,kg,False
Sodium I,4.623007641801941e-05,kg,False
Sulfate,0.028638214279261723,kg,False
Calcium II,0.00010820379166694975,kg,False
Titanium ion,9.345322347805419e-07,kg,False
"BOD5, Biological Oxygen Demand",0.0014358831771584947,kg,False
Nitrate,6.075926408758019e-05,kg,False
Titanium ion,1.3744982590681907e-08,kg,False
Antimony ion,4.77018046976671e-08,kg,False
Magnesium,2.1890585949650727e-07,kg,False
"Heat, waste",0.06110472067914002,MJ,False
Silver I,2.145242963887199e-06,kg,False
"TOC, Total Organic Carbon",0.003511251196603807,kg,False
Molybdenum VI,4.171256895768836e-09,kg,False
Silver I,7.9925562931955e-12,kg,False
"COD, Chemical Oxygen Demand",0.012377025927666395,kg,False
Aluminium III,8.969699733065455e-08,kg,False
Nitrate,0.00036496850818359706,kg,False
Hydrochloric acid,5.638845173264492e-05,kg,False
Nitrite,9.590678343055742e-09,kg,False
"Nitrogen, organic bound",5.612322757490577e-06,kg,False
"Heat, waste",0.0008547146694150243,MJ,False
"DOC, Dissolved Organic Carbon",0.003511251196603807,kg,False
Silicon,2.6129578728196266e-07,kg,False
Barium II,1.3130104109713693e-07,kg,False
Iron ion,5.8823038095004164e-08,kg,False
Ammonium,3.5525525952325764e-06,kg,False
Sodium I,6.085770928760094e-08,kg,False
Nitrite,1.8689668063570563e-07,kg,False
Thallium I,3.2970515864098964e-12,kg,False
Strontium II,1.1838056068289075e-07,kg,False
Hydrogen fluoride,7.6027078873427786e-06,kg,False
"Organic carbon, placed in landfill",0.0034526376530430347,kg,True
"Carbon dioxide, non-fossil",0.007510133498975073,kg,False
Ammonium,5.736405552415905e-07,kg,False
Silver I,1.3698855386835757e-09,kg,False
Calcium II,1.6032702717469816e-07,kg,False
Hydrogen sulfide,1.1759526896884044e-05,kg,False
"Nitrogen, organic bound",2.8800508240183555e-07,kg,False
Hydrogen sulfide,6.203002204960474e-05,kg,False
Potassium I,2.7060257076755424e-08,kg,False
Pentachlorobenzene,3.808732542582094e-13,kg,False
Calcium II,0.0019917390880314586,kg,False
Phosphorus,1.5553848459287884e-07,kg,False
Titanium ion,1.7807130021545388e-07,kg,False
Water,1.3245541519023919e-05,m3,False
Phosphate,3.2082859923298116e-06,kg,False
Silicon,7.267945893387765e-06,kg,False
Hexachlorobenzene,1.5343581090013503e-13,kg,False
"Heat, waste",0.007896777709868416,MJ,False
Calcium II,2.9511934550033838e-06,kg,False
"Particulate Matter, > 2.5 um and < 10um",7.502538431134831e-05,kg,False
Cyanide,2.3729974911137482e-08,kg,False
Titanium ion,9.234694330911076e-08,kg,False
Iron ion,2.077822916986224e-06,kg,False
Pentachlorophenol,3.0694077466616084e-12,kg,False
Benzo(a)pyrene,3.0442647139569414e-10,kg,False
"Carbon dioxide, non-fossil, resource correction",0.013209364021065628,kg,True
"Carbon dioxide, non-fossil",0.0378119645483453,kg,False
"Carbon dioxide, to soil or biomass stock",1.4095049930936975e-05,kg,False
"Carbon, organic, increase in soil or biomass stock",4.030488017931854e-06,kg,True
"Transformation, to permanent crop",5.045465667311294e-06,m2,True
"Transformation, from arable land, unspecified use",0.00019367713360088015,m2,True
Ozone,4.842857941967858e-06,kg,False
"Aldehydes, unspecified",1.9752960398429603e-09,kg,False
Sulfide,6.891964701044615e-08,kg,False
"Particulate Matter, > 10 um",9.955864918870981e-05,kg,False
"Acidity, unspecified",5.4760312942671896e-08,kg,False
Fluoride,2.201886400203167e-06,kg,False
Chromium III,2.7309152437520233e-08,kg,False
"Oils, unspecified",4.538804884226374e-06,kg,False
Nickel II,1.554493340972746e-07,kg,False
Dissolved solids,0.00034620839015475375,kg,False
Mercury II,1.6551200695556862e-09,kg,False
Copper ion,1.3740243683565951e-07,kg,False
Thallium I,8.503363545767227e-10,kg,False
Scandium,1.3356013343226142e-09,kg,False
Chromium VI,2.7803116535534806e-07,kg,False
Potassium I,0.00034538479411129935,kg,False
Silver I,7.55587407164753e-09,kg,False
Antimony ion,1.9831170681156853e-07,kg,False
Strontium II,6.963153904870633e-05,kg,False
Tin ion,3.6785755353791163e-09,kg,False
Beryllium II,1.346205739077916e-10,kg,False
Tungsten,2.170672113978343e-06,kg,False
Cobalt II,6.545114058668788e-08,kg,False
"Particulate Matter, > 2.5 um and < 10um",0.00044916549194036427,kg,False
"Energy, kinetic (in wind), converted",0.5341106348293552,MJ,True
"Water, salt, ocean",0.11569009427285053,m3,True
Hypochlorite,0.00041831055959832544,kg,False
Sodium I,0.008768068796487973,kg,False
Argon,1.8293690539110861e-07,kg,False
Hexachlorobenzene,2.330672896286859e-10,kg,False
"Water, unspecified natural origin",0.00042485574169815734,m3,True
Polychlorinated biphenyls,3.617953767441509e-12,kg,False
"Hydrocarbons, aromatic",1.4499865824853462e-06,kg,False
Hydrochloric acid,1.949594121961223e-05,kg,False
Chromium VI,1.9202906785961635e-10,kg,False
Polychlorinated biphenyls,2.8975392345378826e-10,kg,False
Titanium ion,2.039887801251731e-06,kg,False
Platinum,8.770067904088259e-13,kg,False
"Carbon monoxide, non-fossil",2.4646011414642917e-05,kg,False
Arsenic ion,1.594848825518938e-08,kg,False
Boron,3.361128990649425e-07,kg,False
Fluoride,1.6848904946526848e-06,kg,False
Phosphorus,1.7182352193432646e-06,kg,False
Iron ion,6.834700798381752e-05,kg,False
Strontium II,3.524889488773809e-07,kg,False
Manganese II,1.3698331262416633e-06,kg,False
Chromium III,1.8649542854056075e-07,kg,False
Sodium I,6.968714265225165e-05,kg,False
Carbon,0.00015747471864333918,kg,False
Barium II,1.6823367951367544e-05,kg,False
Magnesium,2.6992033044454473e-05,kg,False
Potassium I,1.1822956806703974e-05,kg,False
Sulfur,2.3016368206878996e-05,kg,False
Chloride,0.00012006897223805962,kg,False
Aluminium III,3.405028577826512e-05,kg,False
Silicon,1.1996709955697077e-05,kg,False
Arsenic ion,1.3728291685918225e-08,kg,False
Calcium II,0.00013732072601445037,kg,False
Zinc II,6.794922532068012e-07,kg,False
Isopropanol,1.7787676685615774e-07,kg,False
Protactinium-234,1.8928062905323934e-05,kBq,False
Uranium-238,5.985503540691854e-05,kBq,False
Protactinium-234,2.719111190573861e-06,kBq,False
Uranium-235,2.44438108549889e-05,kBq,False
Thorium-234,2.7203048154878844e-06,kBq,False
Uranium-238,3.751176232317397e-05,kBq,False
Uranium-234,1.2124605989668724e-05,kBq,False
Radium-226,6.545785352957698e-05,kBq,False
Thorium-230,4.9092323566727335e-06,kBq,False
Uranium-235,3.910826921547323e-07,kBq,False
Thorium-234,1.8940822344060037e-05,kBq,False
Uranium-234,2.190746391746795e-05,kBq,False
Boron,2.6955850353335668e-06,kg,False
"Carbon monoxide, non-fossil",3.4710652917543134e-06,kg,False
Aluminium hydroxide,3.6123907580343646e-12,kg,False
"Transformation, to dump site, residual material landfill",1.412171229629699e-08,m2,True
Ethyl acetate,8.355613508401172e-09,kg,False
Ethyl acetate,2.0312467339161865e-10,kg,False
Oxygen,0.00011166536448714841,kg,False
Formic acid,1.072146707828978e-10,kg,False
Methyl ethyl ketone,3.8561850125511387e-08,kg,False
Acetone,1.6089384503173873e-07,kg,False
Butane,8.797733567718801e-08,kg,False
Acetic acid,3.382239723024442e-08,kg,False
Acetone,1.4551205405642755e-08,kg,False
Methyl acetate,4.054358854603273e-09,kg,False
Methyl acetate,5.628065436417756e-11,kg,False
Copper,0.0006115366685360683,kg,True
Bromate,2.565989379722401e-08,kg,False
Fluorine,2.161677734273961e-08,kg,False
Hydrogen fluoride,7.87568053214929e-07,kg,False
"Hydrocarbons, chlorinated",1.765525714463719e-08,kg,False
Dichloromethane,1.162806369373829e-10,kg,False
Ethylene dichloride,3.982396737063674e-11,kg,False
Sulfate,6.569010540984104e-06,kg,False
Iron,0.1081150331233908,kg,True
Hydrogen sulfide,1.0484253065691625e-07,kg,False
Granite,0.14442766513597605,kg,True
Shale,0.0835091620114517,kg,True
Aluminium,0.0015462913764257929,kg,True
"Coal, brown",0.09964130799838342,kg,True
"Clay, unspecified",0.03128508205762828,kg,True
Manganese,0.0012948853070449378,kg,True
"Chlorinated solvents, unspecified",1.9552532674686567e-08,kg,False
Gravel,4.026003706274676,kg,True
Calcite,0.22019248234423158,kg,True
"Xylenes, unspecified",2.983507560270688e-07,kg,False
Antimony ion,1.2114514811999903e-09,kg,False
Titanium,0.0005244457870979052,kg,True
Sodium nitrate,1.7336409336249608e-06,kg,True
"Methane, non-fossil",7.904321381916236e-07,kg,False
Sylvite,6.438089112599646e-05,kg,True
Mercury,1.297505815909496e-10,kg,True
"Hydrocarbons, aromatic",4.6876967007721754e-08,kg,False
Barium,0.005034590694325749,kg,True
Lead,0.0001124824153590718,kg,True
"Sand, unspecified",0.0844532054571487,kg,True
Phosphorus,2.358069614612851e-06,kg,False
Carbon disulfide,2.5677359383104584e-11,kg,False
Talc,5.580663945759578e-07,kg,True
Carbonate,5.660492420660078e-05,kg,False
Olivine,2.2712031279339691e-10,kg,True
"Carbon monoxide, non-fossil",6.010731735744478e-05,kg,False
"Clay, bentonite",0.0016301819805278229,kg,True
Vinyl chloride,1.6175775725655874e-10,kg,False
Sodium chloride,0.007506659754001112,kg,True
Feldspar,1.679324040241381e-13,kg,True
"Gas, natural",0.13238017168968938,m3,True
Anhydrite,1.7495671798854708e-10,kg,True
"AOX, Adsorbable Organic Halides",7.289982883533751e-08,kg,False
Dolomite,0.0012327950517809258,kg,True
Ethyl benzene,5.719231388016993e-08,kg,False
Fluorspar,0.00017946447199907378,kg,True
Benzene,8.48949108291954e-07,kg,False
Peat,0.0005410260943421609,kg,True
Chlorine,1.751446050666824e-05,kg,False
Nitrogen,2.543813672063336e-05,kg,False
Cyanide,1.5980577397438895e-07,kg,False
Chromium,0.00010064541133892266,kg,True
Ethylene dichloride,1.2210306272129363e-09,kg,False
Sulfur,0.00038136550184072603,kg,True
Nickel,0.0007088632389556404,kg,True
Chlorate,3.3084709678582955e-07,kg,False
Vinyl chloride,6.131536195603761e-10,kg,False
Zinc,0.0005007242057315336,kg,True
"Oil, crude",0.8307177990154833,kg,True
Phosphorus,7.213705608190299e-05,kg,True
"Energy, gross calorific value, in biomass",0.317244853195443,MJ,True
Silver I,3.254016980514631e-10,kg,False
"Wood, unspecified, standing",2.4178453753980233e-11,m3,True
Magnesite,0.0027067596059216596,kg,True
"Coal, hard",0.212907886408808,kg,True
Ammonium carbonate,5.888675989486352e-09,kg,False
"Transformation, to heterogeneous, agricultural",4.450223129762094e-05,m2,True
"Transformation, from mineral extraction site",2.650433002530784e-05,m2,True
Thorium-228,6.342398122266087e-06,kBq,False
Cyanide,7.389647011736419e-07,kg,False
Radon-220,0.001063232679606823,kBq,False
Sulfate,5.083926692719944e-08,kg,False
Potassium-40,4.16621715846251e-05,kBq,False
Cumene,7.396323577206266e-11,kg,False
Chromium VI,1.3314972664569224e-08,kg,False
Vanadium V,6.81174850506041e-08,kg,False
"Hydrocarbons, aliphatic, unsaturated",4.932141459182222e-07,kg,False
Ethyl benzene,2.677331154248385e-07,kg,False
"Hydrocarbons, chlorinated",2.751350689087594e-09,kg,False
Bromine,6.829229754736925e-07,kg,False
Dichloromethane,3.937226834223454e-09,kg,False
Lead-210,0.00013053502562964647,kBq,False
Propylene,9.933668448261685e-08,kg,False
Methylchloride,7.198386233347066e-09,kg,False
Carbon disulfide,6.3119406431747715e-06,kg,False
"Xylenes, unspecified",3.2724657806512887e-06,kg,False
Chloroform,1.3310301972992704e-09,kg,False
"Hydrocarbons, aliphatic, alkanes, cyclic",7.858177379544391e-09,kg,False
Phenol,2.6614795079015985e-06,kg,False
"Aldehydes, unspecified",1.5047920392301335e-08,kg,False
Styrene,4.2539801901378477e-07,kg,False
"Actinides, radioactive, unspecified",2.8164616974056202e-05,kBq,False
"Hydrocarbons, aliphatic, alkanes, unspecified",1.644432760292005e-06,kg,False
Boron,2.5101100132034697e-06,kg,False
Radium-228,1.1418245285865705e-05,kBq,False
Thorium-232,2.985604424587295e-05,kBq,False
Tetrachloroethylene,5.831722992264188e-10,kg,False
Iodine,3.572121254354664e-07,kg,False
Polonium-210,0.0002305827251055886,kBq,False
"1,1,1-Trichloroethane",2.717924152272899e-10,kg,False
Acrolein,4.350588375784701e-09,kg,False
Ethylene dichloride,5.420008995148111e-10,kg,False
Furan,5.232343553284187e-07,kg,False
Vanadium V,3.5974380756869057e-07,kg,False
Cobalt II,1.4166492451892065e-08,kg,False
Ethanol,1.2720983684180906e-07,kg,False
Molybdenum VI,5.5416004665316555e-09,kg,False
"Hydrocarbons, aliphatic, alkanes, unspecified",2.800302590681705e-05,kg,False
Manganese II,8.521140725886625e-08,kg,False
Hypochlorite,7.185882600369137e-08,kg,False
Sulfite,4.068688149388918e-07,kg,False
Acetic acid,2.8219124477617634e-07,kg,False
Sodium I,9.382811259781689e-07,kg,False
Beryllium II,5.76606854544286e-10,kg,False
"Hydrocarbons, aliphatic, unsaturated",1.4663334717888073e-06,kg,False
Methanol,1.8911756628438612e-07,kg,False
Copper ion,8.168328050245931e-08,kg,False
Scandium,2.2210594587175893e-11,kg,False
Phosphorus,1.4765171823618724e-09,kg,False
Silver I,4.9491360833011866e-11,kg,False
Bromine,1.0667076154122401e-08,kg,False
Scandium,2.1588971238604657e-13,kg,False
Vanadium V,4.678734102739491e-08,kg,False
Antimony ion,6.1932745867532256e-09,kg,False
Polychlorinated biphenyls,9.019081767309708e-11,kg,False
"Heat, waste",0.006698959666747554,MJ,False
Thallium I,8.245589896296031e-11,kg,False
Cadmium II,1.5259904263992318e-08,kg,False
Mercury II,1.8861920733504866e-10,kg,False
Titanium ion,1.865339203300242e-07,kg,False
Selenium IV,3.023767231626021e-10,kg,False
Beryllium II,9.812315556377787e-11,kg,False
Tungsten,1.0233758106795841e-12,kg,False
Nitrogen,5.170506523067597e-07,kg,False
Nickel II,1.1397424859015964e-08,kg,False
"Dioxins, measured as 2,3,7,8-tetrachlorodibenzo-p-dioxin",3.308836996256346e-14,kg,False
Tin ion,8.058699535394486e-09,kg,False
Molybdenum VI,1.1088919094935264e-10,kg,False
Cobalt II,6.207776074118674e-09,kg,False
Lead II,1.1402885508904371e-07,kg,False
Tin ion,6.767755492849825e-08,kg,False
Zinc II,8.884912726027733e-14,kg,False
"Particulate Matter, < 2.5 um",1.4041666102463817e-12,kg,False
Cadmium II,8.884912726027731e-17,kg,False
"Carbon monoxide, fossil",1.8327836169736942e-11,kg,False
Sulfur dioxide,7.460351548242865e-12,kg,False
Nickel II,6.203347767267606e-16,kg,False
Chromium III,4.44190345416678e-16,kg,False
Water,6.796082253379121e-14,m3,False
Selenium IV,8.884912726027731e-17,kg,False
Mercury II,6.203347767267605e-19,kg,False
"NMVOC, non-methane volatile organic compounds",1.538011997450384e-12,kg,False
Copper ion,1.4943961987052016e-14,kg,False
"Carbon dioxide, fossil",2.766609873295497e-08,kg,False
Nitrogen oxides,1.3918149735454265e-10,kg,False
Lead II,1.7757078311155153e-13,kg,False
"1,1,1,2-Tetrafluoroethane",1.0905298675313667e-09,kg,False
Ethanol,1.5202545445190822e-07,kg,False
"Nitrogen, organic bound",2.0402016644670064e-08,kg,False
Propylene,3.6208154271396964e-07,kg,False
Ethylene,2.233446180247897e-06,kg,False
Formaldehyde,9.459588377170547e-09,kg,False
"Occupation, urban/industrial fallow (non-use)",6.00605076832206e-07,m2*a,True
"Transformation, to urban/industrial fallow (non-use)",1.416541925942091e-08,m2,True
Acetaldehyde,1.3831900641193968e-09,kg,False
Bromine,7.717513326336784e-06,kg,False
Tin ion,7.919597408530082e-10,kg,False
Bromine,6.710213483211893e-08,kg,False
Potassium I,9.343354913026136e-06,kg,False
Magnesium,1.8365618908524867e-06,kg,False
"Energy, geothermal, converted",0.0890146756134433,MJ,True
Napropamide,1.026096888697336e-10,kg,False
Tebutam,6.712022200263362e-11,kg,False
"Carbon dioxide, in air",0.029182650188348636,kg,True
Metaldehyde,1.258768457186884e-10,kg,False
Cypermethrin,4.23900437222991e-09,kg,False
Copper ion,1.8842535045202922e-08,kg,False
Carbetamide,2.411185408662365e-11,kg,False
Mercury II,1.7598392825228646e-11,kg,False
Nickel II,7.2262580894807285e-09,kg,False
"Transformation, from annual crop, non-irrigated",0.00036030341795147564,m2,True
"Transformation, to annual crop, non-irrigated",0.0003603006866635979,m2,True
"Transformation, from pasture, man made, intensive",1.767101200562494e-06,m2,True
"Occupation, annual crop, non-irrigated",0.00035664564305408215,m2*a,True
Chromium III,1.8469653927569973e-08,kg,False
"Oils, unspecified",0.0008648147599267639,kg,False
"COD, Chemical Oxygen Demand",0.002742954526198873,kg,False
Nitrogen,1.1378157496305333e-05,kg,False
"DOC, Dissolved Organic Carbon",0.0056261485899366075,kg,False
"TOC, Total Organic Carbon",0.0014931512871974996,kg,False
"AOX, Adsorbable Organic Halides",7.068932756381348e-11,kg,False
Trifluoromethane,1.953109372883662e-08,kg,False
Bromotrifluoromethane,4.320656285107769e-09,kg,False
Sulfur,1.1208922084225867e-08,kg,False
"BOD5, Biological Oxygen Demand",0.002819279993868352,kg,False
Nitrogen,0.015197010967364697,kg,True
Nitrogen,0.001504050426540126,kg,False
Sodium hydroxide,3.5051323487235914e-09,kg,False
Hydrogen peroxide,1.1665832874300676e-09,kg,False
Sulfuric acid,7.840654683619986e-10,kg,False
"Transformation, to annual crop",0.0014069419729494826,m2,True
"Occupation, annual crop",0.00033910609818208376,m2*a,True
"Transformation, from annual crop",0.0020635727865634967,m2,True
Ethofumesate,1.138420827991227e-09,kg,False
Difenoconazole,6.329059619120479e-10,kg,False
"Transformation, to arable land, unspecified use",0.00022215108437693477,m2,True
Lenacil,9.64610768559845e-14,kg,False
Desmedipham,1.7687234893882726e-13,kg,False
Fenpropimorph,1.4372436092318354e-11,kg,False
Fenpropidin,7.347733346377578e-12,kg,False
Glyphosate,6.251798602543173e-07,kg,False
Kresoxim-methyl,2.705814258257861e-12,kg,False
Fenoxaprop-P ethyl ester,5.891542541658381e-14,kg,False
Water,0.00024711433323861687,m3,False
Epoxiconazole,6.101764045352022e-11,kg,False
Metamitron,4.958171121137877e-12,kg,False
Phenmedipham,5.908216906575175e-13,kg,False
Butadiene,3.49796512202487e-08,kg,False
Fluorene,1.1321003358648657e-11,kg,False
Benzo(ghi)perylene,2.2057222320215575e-14,kg,False
Acenaphthylene,2.7817065118263185e-11,kg,False
Chrysene,3.5595427736144194e-14,kg,False
Benz(a)anthracene,3.024683216113475e-13,kg,False
"Indeno(1,2,3-cd)pyrene",7.060479059149237e-14,kg,False
Benzo(b)fluoranthene,3.576794266452793e-13,kg,False
Ethane,7.043875792562562e-08,kg,False
"2,2,4-Trimethylpentane",1.8798241028372798e-13,kg,False
Ethyl benzene,3.000193639597529e-10,kg,False
Benzo(k)fluoranthene,2.586643857473628e-13,kg,False
Naphthalene,2.1484582395931526e-10,kg,False
Acenaphthene,1.9373773035920617e-10,kg,False
Acetaldehyde,3.0097490675585534e-06,kg,False
Acrolein,8.792350547136584e-07,kg,False
Anthracene,7.659345507698456e-17,kg,False
Fluoranthene,4.7534943316735226e-12,kg,False
Propanal,1.0043721679092832e-11,kg,False
Hexane,5.217258989672801e-11,kg,False
Phenanthrene,8.25341517011299e-11,kg,False
Styrene,2.7849518032410694e-07,kg,False
Pyrene,3.4691334147436468e-12,kg,False
"Dibenz(a,h)anthracene",1.7957496097337413e-13,kg,False
"Occupation, bare area (non-use)",8.039960438759656e-08,m2*a,True
Nitrite,8.681077644555e-09,kg,False
Propionic acid,3.5188873011187994e-09,kg,False
Heptane,1.4881467957521295e-07,kg,False
o-Xylene,1.9769446065992903e-07,kg,False
Pentane,2.7792584961748366e-07,kg,False
Benzaldehyde,6.770767285622168e-07,kg,False
m-Xylene,4.852942555934008e-07,kg,False
Propane,1.0793585527965927e-07,kg,False
Zirconium,3.737430970654681e-10,kg,False
Uranium,2.411622713884341e-12,kg,False
Thorium,2.6588519879107887e-11,kg,False
"Water, lake",5.072107404276546e-05,m3,True
Dichlorodifluoromethane,9.25344151925327e-11,kg,False
"Heat, waste",0.00057889603374056,MJ,False
Boron,3.426310349406076e-09,kg,False
Tetrafluoromethane,1.4487821501823503e-07,kg,False
Hexafluoroethane,4.957726007099767e-09,kg,False
Sulfur,4.5488786166581075e-06,kg,False
Antimony ion,1.2352344406859077e-10,kg,False
Barium II,1.5639115049507738e-08,kg,False
Beryllium II,9.194355789636401e-12,kg,False
Strontium II,1.1828237155964801e-08,kg,False
Manganese II,1.8365734098091605e-06,kg,False
Arsenic ion,2.126856570146445e-09,kg,False
Selenium IV,1.1756349358247277e-10,kg,False
Cobalt II,2.249141305911146e-09,kg,False
Tin ion,7.930659440721969e-10,kg,False
Phthalic anhydride,3.012512351984977e-08,kg,False
o-Xylene,2.284308586184116e-07,kg,False
Tungsten,1.9786869348655115e-12,kg,False
Sodium I,2.5618330077848306e-07,kg,False
Silver I,3.685349047772225e-10,kg,False
Vanadium V,6.222979278404015e-09,kg,False
Silicon,7.70342628078951e-06,kg,False
Thallium I,1.5666601699961144e-11,kg,False
Aluminium III,1.9475904905708386e-06,kg,False
Molybdenum VI,5.732506291074157e-10,kg,False
Calcium II,3.7038592149339226e-05,kg,False
Iron ion,3.118006374124698e-06,kg,False
Tungsten,5.488072509209346e-11,kg,False
Potassium I,4.617281986587294e-06,kg,False
Magnesium,2.7437591871203064e-06,kg,False
Titanium ion,1.1903907544150244e-07,kg,False
Scandium,1.7089438176298902e-10,kg,False
Ethylene dichloride,1.9366660268227394e-08,kg,False
Ethylene dichloride,5.945318284046052e-11,kg,False
Aluminium III,4.791886698740774e-06,kg,False
Hydrogen cyanide,9.762280248789314e-08,kg,False
Tributyltin compounds,4.239931343102322e-10,kg,False
Copper ion,5.9020831482591673e-08,kg,False
"Fungicides, unspecified",2.7796503502422484e-10,kg,False
"Hydrocarbons, unspecified",1.8296905682312325e-06,kg,False
Thiocyanate,4.6327542646557945e-11,kg,False
"Oils, unspecified",6.648108208236097e-06,kg,False
Propanol,3.380907461382049e-11,kg,False
Chloroacetic acid,1.0769315056915232e-08,kg,False
Propanol,1.4195121545753114e-10,kg,False
Acetic acid,1.708975129338799e-08,kg,False
Chloroacetic acid,2.360056852870839e-09,kg,False
Chloramine,4.923597368900694e-10,kg,False
Bromide,1.551227790450555e-07,kg,False
Bromine,1.7782077938409684e-07,kg,True
Sulfur,5.459989929278978e-05,kg,False
Propyl amine,4.171410563145245e-12,kg,False
"Water, salt, sole",9.29174051229566e-07,m3,True
Ethylene oxide,5.638610751833614e-09,kg,False
Chloramine,5.49029535535697e-11,kg,False
Propyl amine,1.0011512884680625e-11,kg,False
Sodium I,4.260597856819711e-06,kg,False
Pentachlorophenol,6.1877067261803005e-12,kg,False
Phosphorus,2.434565918041778e-09,kg,False
Bromine,4.004590150187006e-08,kg,False
Magnesium,2.877845055197315e-09,kg,False
Potassium I,6.715507237164075e-07,kg,False
Fluorine,2.356385991098685e-09,kg,False
"Methane, non-fossil",4.985922522197359e-08,kg,False
Calcium II,4.470408725598811e-06,kg,False
"Hydrocarbons, aliphatic, unsaturated",2.596382003737287e-08,kg,False
"Hydrocarbons, aliphatic, alkanes, unspecified",8.989446753563212e-06,kg,False
Methanol,4.6146927986943596e-08,kg,False
Toluene,1.196153269931658e-06,kg,False
Acetone,4.3225689663325467e-08,kg,False
Bromochlorodifluoromethane,1.2707901306035129e-10,kg,False
Methanol,2.444662878003805e-07,kg,False
Thorium,8.357451962475243e-10,kg,False
Sulfur oxides,1.117567117749247e-05,kg,False
Lead-210,2.9295538313388646e-05,kBq,False
Isopropanol,7.2197775067320994e-12,kg,False
Thorium-228,2.8137940149441776e-06,kBq,False
4-Methyl-2-pentanol,2.20104558840447e-17,kg,False
Strontium II,9.100276563300022e-08,kg,False
Propanal,9.65849860959879e-10,kg,False
Propanol,4.556181951929548e-16,kg,False
Hydrogen sulfide,8.069873095899122e-06,kg,False
Methyl ethyl ketone,1.890828003897395e-12,kg,False
Barium II,6.480170778796473e-08,kg,False
m-Xylene,6.112435890967394e-12,kg,False
Sulfuric acid,5.633774153879622e-10,kg,False
Thallium I,7.077760736551379e-10,kg,False
Fluorine,4.2435989175527564e-08,kg,False
Radon-220,4.591604616979198e-05,kBq,False
Scandium,5.635110232151352e-10,kg,False
Potassium-40,8.138136478331665e-06,kBq,False
Uranium-238,6.305666411570532e-06,kBq,False
Pentachlorophenol,3.817234585187114e-09,kg,False
"Hydrocarbons, aromatic",4.500656954071953e-09,kg,False
Polonium-210,5.3608794666485284e-05,kBq,False
Radon-222,2.6051137062054166e-05,kBq,False
Radium-226,7.572317992158595e-06,kBq,False
Uranium,1.1097765625805798e-09,kg,False
Hydrogen sulfide,1.0845846436888936e-08,kg,False
Radium-228,2.9693329214283186e-05,kBq,False
Thorium-232,2.1177141573988327e-06,kBq,False
Methyl isobutyl ketone,1.5778340090277858e-13,kg,False
Acetone,1.2021780414005634e-07,kg,False
Hexachlorobenzene,1.1327623669258642e-14,kg,False
Chlorine,7.23308239253837e-10,kg,False
Boron,2.640468513232952e-07,kg,False
Acetylene,2.476678703096155e-07,kg,False
Iodine,2.5561228086268552e-08,kg,False
"PAH, polycyclic aromatic hydrocarbons",2.795147141002497e-07,kg,False
Glyphosate,1.3081236029246269e-10,kg,False
Teflubenzuron,9.66222221864993e-10,kg,False
"Occupation, annual crop, non-irrigated, intensive",0.0012111438752656488,m2*a,True
Tebuconazole,1.5884740200351385e-12,kg,False
Atrazine,8.980674938420718e-09,kg,False
"Transformation, from annual crop, non-irrigated, intensive",7.258025809959603e-05,m2,True
Atrazine,5.164022507937231e-13,kg,False
Trifloxystrobin,2.449709897429688e-09,kg,False
Methomyl,3.275850615635741e-09,kg,False
Teflubenzuron,1.5565131420915648e-11,kg,False
Atrazine,2.819835090699973e-13,kg,False
Methomyl,3.698237589915502e-11,kg,False
Tebuconazole,2.718200066388205e-10,kg,False
Glyphosate,2.95770800203416e-09,kg,False
Trifloxystrobin,1.1328505303866142e-09,kg,False
"Transformation, to annual crop, non-irrigated, intensive",0.0007417142925714818,m2,True
Tebuconazole,8.12044591744401e-10,kg,False
Methomyl,5.301832096748498e-13,kg,False
Methomyl,3.919312932778928e-11,kg,False
Trifloxystrobin,6.355466485482493e-11,kg,False
Teflubenzuron,6.764567737333459e-13,kg,False
Trifloxystrobin,2.0307121985796267e-12,kg,False
Tebuconazole,4.1826961865891736e-13,kg,False
Trifloxystrobin,5.651564428047917e-13,kg,False
Glyphosate,2.4100568134103443e-10,kg,False
Atrazine,2.2981765793653927e-14,kg,False
Tebuconazole,1.8459545144961947e-11,kg,False
Teflubenzuron,2.874314233477e-10,kg,False
Atrazine,1.1509564130545817e-11,kg,False
Methomyl,6.267256234092013e-10,kg,False
"Hydrocarbons, unspecified",2.424426878832509e-07,kg,False
Glyphosate,6.054694174500414e-08,kg,False
"Transformation, from dump site, sanitary landfill",3.526877510372316e-06,m2,True
"Transformation, to dump site, sanitary landfill",3.526877510372316e-06,m2,True
Sodium sulfate,1.733375891253853e-05,kg,True
"Carbon, organic, decrease in soil or biomass stock",0.00023022573427188995,kg,True
Propylene,2.034935203678903e-06,kg,False
o-Chlorotoluene,3.498328210857382e-10,kg,False
o-Chlorotoluene,1.6110291037427933e-10,kg,False
Butanol,7.331665473011196e-11,kg,False
Propionic acid,2.5562518365788863e-10,kg,False
Butanol,1.750754974533446e-10,kg,False
"Hydrocarbons, chlorinated",3.5176665779680746e-08,kg,False
Iron ion,0.00010688462451783674,kg,False
"Occupation, permanent crop, irrigated",5.51506923718208e-05,m2*a,True
"Transformation, from permanent crop, irrigated",4.7632575362448975e-06,m2,True
"Transformation, to permanent crop, irrigated",4.7632575362448975e-06,m2,True
"VOC, volatile organic compounds",9.034622604102375e-06,kg,False
"Transformation, from grassland, natural (non-use)",4.867941483898048e-06,m2,True
"Hydrocarbons, unspecified",9.152314783779755e-07,kg,False
"Solids, inorganic",1.4133179064099735e-06,kg,False
"Transformation, to annual crop, irrigated, intensive",3.129811852108316e-08,m2,True
Dicamba,1.1068130323830056e-08,kg,False
Prosulfuron,4.143981079724794e-14,kg,False
"2,4-D",8.358761053615274e-08,kg,False
Metsulfuron-methyl,1.194793643522115e-10,kg,False
Metolachlor,5.241392480365343e-09,kg,False
"Occupation, annual crop, irrigated, intensive",3.0556359347447665e-08,m2*a,True
Phosphorus,5.143395051404942e-09,kg,False
Dimethenamide,9.616031055252815e-12,kg,False
Alachlor,1.5114546649253773e-11,kg,False
Terbufos,5.1370197595546895e-12,kg,False
Chlorpyrifos,7.83327696423976e-09,kg,False
"Oils, unspecified",1.4221746555280869e-05,kg,False
Argon,0.0002559509273119702,kg,True
Dimethachlor,5.644407246011944e-17,kg,False
Chlorpyrifos,9.345443609079879e-11,kg,False
Sulfur,8.057846895390064e-15,kg,False
Asulam,1.9952217637548176e-15,kg,False
Dimethachlor,1.9463473262110126e-18,kg,False
Lambda-cyhalothrin,1.0601154445448978e-16,kg,False
"2,4-D",2.520298558033433e-10,kg,False
Sulfur,3.469036017990208e-17,kg,False
Metazachlor,5.550264583100479e-19,kg,False
Paclobutrazol,3.776275794176117e-16,kg,False
Indoxacarb,1.155268765827948e-12,kg,False
Pymetrozine,3.767242850829092e-20,kg,False
Picloram,2.3019761141702315e-21,kg,False
Pyridate,1.486275882409915e-20,kg,False
Thiram,4.070030876148743e-11,kg,False
Bifenthrin,3.0914385286570684e-12,kg,False
"Herbicides, unspecified",2.2179955425060823e-18,kg,False
Chlorpyrifos methyl,1.80627203642128e-18,kg,False
Quizalofop-P,1.1274579807730374e-16,kg,False
Cycloxydim,7.79034928725493e-15,kg,False
"2,4-D",3.0276870274834495e-15,kg,False
Picloram,2.3007773050609453e-17,kg,False
Mepiquat chloride,1.962344454670578e-13,kg,False
Pronamide,7.77667582917506e-20,kg,False
Lambda-cyhalothrin,3.0198393056829744e-10,kg,False
Kaolin,8.850344681068205e-14,kg,False
Imazamox,2.31888883951871e-13,kg,False
Cycloxydim,1.4719160450028497e-10,kg,False
Acetamiprid,2.502596988613443e-10,kg,False
Clopyralid,5.230115299493286e-17,kg,False
Cyproconazole,3.803443367056303e-10,kg,False
Imazamox,7.996168412133453e-15,kg,False
Fluazifop-P-butyl,1.4831283841417677e-13,kg,False
Metaldehyde,5.967345253451691e-15,kg,False
Clomazone,1.9673238483966777e-13,kg,False
"2,4-D",6.4434071619772586e-09,kg,False
Asulam,1.7971903192295868e-20,kg,False
Pethoxamid,2.6629167892362795e-12,kg,False
Pethoxamid,9.182471687021685e-14,kg,False
Alpha-cypermethrin,1.4253316686047003e-12,kg,False
Fluopyram,9.57862572587983e-15,kg,False
Azoxystrobin,1.0470609258998544e-15,kg,False
Bifenthrin,2.786001295042775e-20,kg,False
Metconazole,7.739608986603627e-13,kg,False
Prothioconazole,5.1684192292454636e-11,kg,False
Dimethenamid-P,2.2316078523161674e-09,kg,False
Pymetrozine,1.092500426740435e-18,kg,False
Thiacloprid,7.541680705409329e-15,kg,False
Mepiquat chloride,1.058744639732301e-18,kg,False
Tepraloxydim,1.7022067109013504e-11,kg,False
Acetamiprid,2.638474589303664e-11,kg,False
Terbuthylazin,3.2251893670872305e-15,kg,False
Haloxyfop-P,1.0057069970473274e-15,kg,False
Dicamba,6.311963181677497e-17,kg,False
Quinmerac,5.100070230165533e-16,kg,False
Fluopyram,1.575922452749006e-19,kg,False
Metazachlor,1.6095767290991356e-17,kg,False
Spinosad,6.115072734380153e-18,kg,False
Indoxacarb,5.171441008269812e-21,kg,False
Alpha-cypermethrin,5.0187738253085766e-11,kg,False
Deltamethrin,1.1145376919295811e-13,kg,False
Pronamide,8.936186827412966e-15,kg,False
Alpha-cypermethrin,2.369842835967881e-17,kg,False
Haloxyfop-P,8.773869191871364e-17,kg,False
Cycloxydim,1.6380540119505996e-11,kg,False
Metconazole,8.693778552982677e-20,kg,False
Haloxyfop-P,8.810459825119803e-21,kg,False
Chlorpyrifos,1.5990313335113952e-16,kg,False
Terbuthylazin,9.353049164552998e-14,kg,False
Terbuthylazin,3.0778552836247647e-10,kg,False
Acetamiprid,1.1760268695107503e-20,kg,False
Deltamethrin,5.2999286118131556e-17,kg,False
Azoxystrobin,1.1848369543821405e-09,kg,False
Clopyralid,6.525026059373073e-15,kg,False
Kaolin,4.2972236356504305e-17,kg,False
Metconazole,2.521195780364964e-18,kg,False
Dimethachlor,1.2351672946390413e-14,kg,False
Deltamethrin,1.5369792974258211e-15,kg,False
Clethodim,6.821255209412292e-08,kg,False
Pyridate,1.485501868702393e-16,kg,False
Indoxacarb,2.5072348698756365e-14,kg,False
Metconazole,5.421230623197771e-16,kg,False
Dimethenamid-P,8.001962598394644e-11,kg,False
Asulam,2.1779036638677928e-16,kg,False
Dimethachlor,6.059926942810998e-13,kg,False
Pyridate,1.7078812662430178e-15,kg,False
Clethodim,1.865731291122546e-09,kg,False
S-Metolachlor,6.475501238298432e-09,kg,False
Napropamide,1.0285296877656399e-14,kg,False
Azoxystrobin,5.5461057837229007e-11,kg,False
Cycloxydim,2.259201293303935e-13,kg,False
Alpha-cypermethrin,5.717602016876081e-11,kg,False
Etofenprox,2.721887657448801e-15,kg,False
Pronamide,7.772625939271066e-16,kg,False
Tebuconazole,2.5375198920916333e-17,kg,False
Spinosad,1.795861564831016e-15,kg,False
Difenoconazole,1.9823827576614266e-18,kg,False
Spinosad,2.1086457704759117e-19,kg,False
Thiacloprid,1.3038261749405833e-19,kg,False
Fluazifop-P-butyl,5.234365294606823e-10,kg,False
Cyproconazole,4.4754254608440644e-10,kg,False
Pymetrozine,2.620188307228659e-16,kg,False
Clomazone,1.4267699736890887e-11,kg,False
Indoxacarb,5.603368451661912e-12,kg,False
Boscalid,1.4311786671322826e-17,kg,False
S-Metolachlor,1.7094605600103046e-13,kg,False
Picoxystrobin,3.835141481194226e-12,kg,False
Pyridate,4.310200058988731e-19,kg,False
Kaolin,1.481801253672565e-18,kg,False
Pronamide,2.2552359904607745e-18,kg,False
"Herbicides, unspecified",6.119311106487497e-10,kg,False
Quizalofop-P,1.1868577094028876e-20,kg,False
Paclobutrazol,1.848631851037843e-18,kg,False
Pethoxamid,7.68189243687872e-10,kg,False
Paclobutrazol,6.374592589785664e-20,kg,False
Quinmerac,4.626346134487203e-17,kg,False
Paclobutrazol,3.396735836981578e-15,kg,False
S-Metolachlor,1.2516748697307297e-11,kg,False
Tepraloxydim,2.6126795648735067e-14,kg,False
Lambda-cyhalothrin,6.7155499417992e-10,kg,False
Clopyralid,6.458493757721693e-13,kg,False
Cyproconazole,1.977913982735166e-19,kg,False
Bifenthrin,2.515179383643764e-10,kg,False
Acetamiprid,2.8848167241452994e-10,kg,False
Etofenprox,1.4813539998382696e-18,kg,False
Dimethenamid-P,2.4862998632425525e-12,kg,False
Thiacloprid,3.7810959073276895e-18,kg,False
Picloram,3.702265280662459e-16,kg,False
S-Metolachlor,5.8946915862424394e-15,kg,False
Metaldehyde,1.2588625340275351e-11,kg,False
Difenoconazole,2.2888751549274396e-12,kg,False
Clethodim,1.1687930913350458e-15,kg,False
Cypermethrin,5.2825671610074705e-21,kg,False
Pethoxamid,8.566044279933093e-11,kg,False
Thiacloprid,8.383991315482373e-16,kg,False
Prothioconazole,9.744862499796965e-10,kg,False
Kaolin,9.838655649810228e-15,kg,False
Cypermethrin,2.607641091366999e-11,kg,False
Chlorpyrifos methyl,3.9188147604825173e-16,kg,False
Metazachlor,5.547374150093705e-15,kg,False
Prothioconazole,9.361384128542343e-10,kg,False
Deltamethrin,1.0350334797712227e-12,kg,False
Clomazone,1.2887247785359975e-10,kg,False
Thiram,3.60982285335677e-10,kg,False
Asulam,5.211851925765795e-19,kg,False
Thiram,9.192990370396542e-12,kg,False
Metazachlor,1.0857661576833438e-12,kg,False
Clomazone,6.783875339298846e-15,kg,False
Fluazifop-P-butyl,1.0754810270588417e-11,kg,False
Boscalid,3.892029951955082e-14,kg,False
Clethodim,6.106629150615149e-07,kg,False
Etofenprox,5.108117240821608e-20,kg,False
Chlorpyrifos,1.2539258376412342e-09,kg,False
"Herbicides, unspecified",4.127749789071614e-18,kg,False
Quinmerac,4.8604239164534036e-21,kg,False
Haloxyfop-P,2.5550333492847517e-19,kg,False
Glyphosate,1.4617004858142372e-12,kg,False
Terbuthylazin,6.971835879951112e-12,kg,False
Tepraloxydim,1.8943403964543327e-12,kg,False
Cyproconazole,2.2015894318260096e-11,kg,False
Picoxystrobin,1.1386920894661847e-09,kg,False
Imazamox,2.9258039584677067e-10,kg,False
Metaldehyde,1.7305301235009914e-13,kg,False
Chlorpyrifos methyl,8.434458808970092e-09,kg,False
Boscalid,3.943436231342481e-15,kg,False
Fluazifop-P-butyl,5.114235807385399e-15,kg,False
Napropamide,2.9827360945203555e-13,kg,False
Picoxystrobin,1.1914314913548984e-19,kg,False
Picloram,6.675730731093661e-20,kg,False
Dicamba,1.9867801245864428e-13,kg,False
Cypermethrin,2.163897344583975e-12,kg,False
Fluopyram,9.336111048134437e-16,kg,False
Pymetrozine,3.3685459432089315e-12,kg,False
Prothioconazole,2.257772667342387e-18,kg,False
Difenoconazole,5.166713182894787e-11,kg,False
Quizalofop-P,3.4418873572683666e-19,kg,False
Bifenthrin,1.0360604830717662e-10,kg,False
Imazamox,1.6813187350540583e-11,kg,False
Quinmerac,1.4095229357714878e-19,kg,False
Spinosad,8.670609431139461e-14,kg,False
Napropamide,9.61021803751378e-12,kg,False
Mepiquat chloride,9.883291892989767e-15,kg,False
Clopyralid,7.787878475380556e-17,kg,False
Dimethenamid-P,8.573447804284697e-14,kg,False
Picoxystrobin,1.4244574403902354e-15,kg,False
"Herbicides, unspecified",5.178614112848922e-16,kg,False
Quizalofop-P,2.8239397498145996e-14,kg,False
Lambda-cyhalothrin,1.881727436122548e-11,kg,False
Mepiquat chloride,3.07035945522367e-17,kg,False
Azoxystrobin,6.93179505610386e-09,kg,False
Etofenprox,3.0260223251345044e-16,kg,False
Chlorpyrifos methyl,6.228524263521667e-20,kg,False
Boscalid,4.935098852180278e-19,kg,False
Dicamba,1.73686979309576e-15,kg,False
Tepraloxydim,9.009239878874172e-16,kg,False
Thiram,6.754535194474886e-21,kg,False
Fluopyram,4.570175112972124e-18,kg,False
"Oils, unspecified",1.7548727394707813e-05,kg,False
"Nitrogen, organic bound",8.371917082988718e-07,kg,False
Lead II,1.004673392274001e-08,kg,False
Arsenic ion,7.428050149767948e-09,kg,False
Nickel II,2.8106971489568793e-08,kg,False
Zinc II,2.5184079004934663e-06,kg,False
tert-Butanol,1.512511572223404e-09,kg,False
Propylene oxide,1.7017273839001272e-08,kg,False
Isobutane,2.0238434794481386e-07,kg,False
tert-Butanol,8.738955750624123e-08,kg,False
Fluorine,4.4860319013294134e-08,kg,False
Oxygen,7.478714364704069e-05,kg,False
Hydrogen,9.89554499591566e-06,kg,False
Sulfur dichloride,1.6712673193019501e-15,kg,False
Krypton-89,0.00010271140843449488,kBq,False
Thiobencarb,1.472037158448794e-12,kg,False
Thiabendazole,3.02027629393538e-13,kg,False
Lanthanum-140,4.854085167457357e-09,kBq,False
Cyprodinil,2.392483398233963e-19,kg,False
Acetyl chloride,1.368981492797426e-11,kg,False
Thorium-228,3.674318741998113e-08,kBq,False
"Transformation, from grassland, natural, for livestock grazing",1.7312003517408742e-06,m2,True
Potassium-40,2.1924233325216527e-07,kBq,False
Maleic hydrazide,1.0056200003907696e-18,kg,False
Fentin hydroxide,1.0484397528521634e-11,kg,False
Erbium,1.9138558929931613e-09,kg,True
Iodine,2.146198852611945e-09,kg,False
Triflumuron,1.0999345984957602e-10,kg,False
Aluminium III,6.53737519513235e-05,kg,False
Methyl formate,2.4976561405293227e-12,kg,False
Dimethenamide,9.74330971606801e-19,kg,False
Permethrin,2.310632307158729e-12,kg,False
Phenanthrene,5.413649875935949e-10,kg,False
Linuron,1.622097267932067e-18,kg,False
"1,4-Butanediol",4.1673905974139383e-11,kg,False
Mefenpyr-diethyl,1.8726930280207765e-20,kg,False
Metamitron,3.211759981881884e-15,kg,False
Propanal,3.054353977928614e-10,kg,False
Chlorotoluron,2.8480941200491656e-16,kg,False
Isophoronenitrile,1.599134562994402e-10,kg,False
"1,1,1,2-Tetrafluoroethane",1.1825560334408673e-10,kg,False
"2,4-D dimethylamine salt",1.4427190915914453e-22,kg,False
Methiocarb,4.82307869715213e-28,kg,False
Fluoride,4.7497221877984716e-07,kg,False
"Occupation, inland waterbody, unspecified",1.047172151493261e-08,m2*a,True
Cyproconazole,2.091295708643258e-12,kg,False
Metolachlor,2.6053296859930052e-15,kg,False
Metolachlor,1.627866458092926e-14,kg,False
Calcium II,8.396423293559561e-07,kg,False
Dichloromethane,8.431399252725024e-07,kg,False
Trimethyl borate,1.8267784683394177e-11,kg,False
"Occupation, pasture, man made, extensive",1.1968571598360145e-11,m2*a,True
Primisulfuron,2.292536975761092e-13,kg,False
Palladium,4.277246738541989e-09,kg,True
"2,4-DB",2.946435302647553e-19,kg,False
Thiram,5.719360805583349e-14,kg,False
Dodecanol,1.603885802087775e-17,kg,False
Triflumuron,1.6776858197311965e-13,kg,False
Propiconazole,1.7498738142380107e-13,kg,False
"1,1,1-Trichloroethane",2.168188464532269e-10,kg,False
Lead-210,8.250190736257317e-08,kBq,False
Dipropyl amine,3.0277215119613734e-11,kg,False
Nicosulfuron,1.0480485603111423e-14,kg,False
"VOC, volatile organic compounds",4.0176019473616384e-09,kg,False
Flufenacet,2.255434065655372e-16,kg,False
Prohexadione calcium,8.760417731233581e-20,kg,False
Beta-cyfluthrin,9.451203365835687e-14,kg,False
Tributyltin compounds,4.808581932272174e-13,kg,False
N-methyl-2-pyrrolidone,3.73245807019503e-24,kg,False
Bifenazate,4.737084770111237e-16,kg,False
Sulcotrione,3.062830997461578e-28,kg,False
Pendimethalin,7.632215910425164e-09,kg,False
Glutaraldehyde,9.804680590971668e-09,kg,False
Gibberellic acid,3.354733771653209e-17,kg,False
Lithium I,3.177457278129168e-09,kg,False
Tin ion,2.2462348005552788e-09,kg,False
Chromium-51,8.822834046509562e-10,kBq,False
Quizalofop-p-ethyl,1.8996301640630442e-19,kg,False
Glufosinate,3.5543462712562115e-21,kg,False
Laminarin,5.857508511718357e-16,kg,False
Bromine,5.032279296270683e-10,kg,False
Diclofop-methyl,2.091044263638265e-14,kg,False
Vinylidene fluoride,9.058746583017078e-12,kg,False
Antimony ion,5.657350213284391e-09,kg,False
"Discarded fish, pelagic, to ocean",2.8830620369847534e-20,kg,False
Diethylamine,6.557630727156425e-11,kg,False
Mancozeb,3.153847107525885e-10,kg,False
"Hydrocarbons, aliphatic, alkanes, unspecified",1.8168884875102797e-06,kg,False
Naphthalene,4.82318289750436e-11,kg,False
Yttrium,2.623841781302466e-08,kg,True
"Methane, from soil or biomass stock",7.412485738978793e-07,kg,False
Potassium-40,1.9476486572961985e-06,kBq,False
Isopropanol,2.349926796421052e-10,kg,False
Glyphosate,9.276481054779562e-07,kg,False
Potassium I,3.8374040573704197e-07,kg,False
Flutolanil,1.1922486087457266e-11,kg,False
Chlorothalonil,3.6509763316587068e-16,kg,False
Tralkoxydim,3.702861381739585e-16,kg,False
Silthiofam,4.745601205391597e-15,kg,False
Methyl acrylate,6.037706229339458e-11,kg,False
Thorium-232,5.163521419669548e-06,kBq,False
Metsulfuron-methyl,8.854827551582305e-15,kg,False
Dimethylamine,1.8134333145114708e-12,kg,False
2-Methyl-2-butene,1.6246620506399191e-15,kg,False
Kaolinite,2.3188994381795816e-05,kg,True
Maleic hydrazide,6.634633767818628e-11,kg,False
"Occupation, permanent crop, non-irrigated, intensive",1.6718419973648775e-05,m2*a,True
Propamocarb HCl,5.259146658441574e-13,kg,False
Aluminium III,2.2474266577847022e-06,kg,False
Sulfate,1.8128925661352057e-05,kg,False
Lead-210,0.009622230150699292,kBq,False
Trimethylchlorosilane,2.2944552818002218e-10,kg,False
Samarium,1.6482907749013457e-07,kg,True
Chlormequat,9.532645828614349e-11,kg,False
Quizalofop-p-ethyl,2.5208554948500325e-11,kg,False
Tribenuron,6.782892519085835e-11,kg,False
Acrylate,2.0788910238767883e-10,kg,False
Acrinathrin,2.6078835299103085e-23,kg,False
Bentazone,5.38276562888209e-09,kg,False
Strontium II,1.5172859992437518e-07,kg,False
Dichlorofluoromethane,8.398517339075743e-13,kg,False
Tembotrione,1.346066218506212e-14,kg,False
Isobutanol,2.3799038257932775e-11,kg,False
Benzo(b)fluoranthene,1.473059725139862e-14,kg,False
Vanadium,5.136609463480115e-09,kg,True
"Transformation, from river, natural (non-use)",2.538253251649779e-06,m2,True
Tin ion,2.120683838961539e-27,kg,False
Cyprodinil,2.90502507385397e-15,kg,False
Tritosulfuron,6.373370889821921e-20,kg,False
"Occupation, forest, intensive",0.037495025710271426,m2*a,True
Copper oxide,3.596063458537678e-16,kg,False
Copper oxychloride,2.7268549490653418e-11,kg,False
"Pesticides, unspecified",9.367540553522396e-11,kg,False
Molybdenum VI,4.838965617961986e-06,kg,False
Mercury II,6.295416836093665e-10,kg,False
Chlorantraniliprole,4.7257728404998695e-17,kg,False
Diuron,3.687681543141444e-12,kg,False
2-Aminopropanol,2.026737003908185e-11,kg,False
Kresoxim-methyl,1.7711130441086422e-19,kg,False
Nitrogen,2.394667569163289e-11,kg,False
Mancozeb,4.727950057586514e-11,kg,False
"Transformation, from heterogeneous, agricultural",9.397345972275641e-08,m2,True
Prochloraz,6.817898818167161e-19,kg,False
"Fungicides, unspecified",2.1664530396564743e-18,kg,False
Fluthiacet-methyl,1.7361249973992297e-11,kg,False
Procymidone,7.905443534256854e-14,kg,False
Methiocarb,5.2692471605655746e-23,kg,False
Acephate,4.159202529434424e-08,kg,False
Paraquat,1.7589177885690773e-09,kg,False
Ametoctradin,3.5656945145847445e-18,kg,False
Diquat,3.02322147350929e-10,kg,False
"Transformation, from forest, primary (non-use)",2.0169152988571518e-05,m2,True
"Transformation, to wetland, inland (non-use)",6.608410952763543e-21,m2,True
Benzovindiflupyr,1.0405765533261462e-19,kg,False
Cerium-141,1.3768505726560537e-08,kBq,False
Thifensulfuron,5.863303943699867e-14,kg,False
Calcium II,0.0020963423084040165,kg,False
Trifluoromethane,2.3227632927934067e-10,kg,False
t-Butyl amine,4.289450388202849e-11,kg,False
2-Aminopropanol,8.337826820380904e-12,kg,False
Methoxyfenozide,7.623143838186891e-11,kg,False
"Chlorinated solvents, unspecified",1.9156122498156285e-09,kg,False
Xenon-137,0.00028092076259429586,kBq,False
Strontium-90,4.040061067383689e-05,kBq,False
Chlorantraniliprole,4.903336476605627e-14,kg,False
Krypton,1.4057463402591597e-16,kg,True
Chlorosulfonic acid,1.1067431170584993e-11,kg,False
Fluroxypyr,6.991736744350198e-18,kg,False
Hexamethylenediamine,3.0958850510774196e-11,kg,False
Diuron,1.4579206100791753e-10,kg,False
Potassium,1.706753516008683e-05,kg,True
Fluroxypyr,1.7888820703300176e-17,kg,False
Metrafenone,1.8760065934897365e-19,kg,False
Phosphine,1.4357634840375911e-12,kg,False
Sulfuric acid,7.433868041715539e-09,kg,False
"Aldehydes, unspecified",4.83284967874458e-11,kg,False
Pyroxsulam,2.550981477577214e-18,kg,False
Phosphorus trichloride,1.37935827696268e-18,kg,False
Diflubenzuron,1.483389003748311e-12,kg,False
Isophorone,1.4150206406624942e-10,kg,False
Radium-224,0.0030696356181368176,kBq,False
Chlorine,2.7715867283000724e-08,kg,False
Chloridazon,1.5452610815563295e-16,kg,False
Diazinon,2.419143012556426e-11,kg,False
Hexachloroethane,4.81870290630441e-14,kg,False
Linuron,9.794996671340332e-10,kg,False
Urea,2.966148331885666e-14,kg,False
"Transformation, from pasture, man made, extensive",2.393750225745885e-13,m2,True
Pydiflumetofen,1.4123610724440768e-10,kg,False
Pyraclostrobin,1.0249373611992316e-12,kg,False
Tetramethyl ammonium hydroxide,1.519149773724984e-12,kg,False
Metribuzin,1.7330714988078864e-14,kg,False
Silver I,7.2999657981850606e-09,kg,False
Azoxystrobin,1.7043604693458327e-12,kg,False
"Volume occupied, final repository for low-active radioactive waste",1.1303024527521869e-08,m3,True
Cinidon-ethyl,2.2424111546659422e-17,kg,False
Hydroxide,4.94227183483789e-08,kg,False
"1,1-Difluoroethane",2.038339289033997e-11,kg,False
Pinoxaden,2.7936709213562434e-19,kg,False
Sulfate,0.00010818827723665546,kg,False
Lithium carbonate,1.853921055898976e-11,kg,False
Tefluthrin,1.5540605291778637e-12,kg,False
"Radioactive species, other beta emitters",0.0005500918418981475,kBq,False
"Occupation, forest, extensive",0.003799900307137102,m2*a,True
Propylene oxide,1.009297290581817e-08,kg,False
Oxyfluorfen,3.899615471381641e-19,kg,False
MCPB,1.7643274179626812e-22,kg,False
"Transformation, from forest, secondary (non-use)",5.31868388069174e-06,m2,True
"Hydrocarbons, unspecified",7.209222301292352e-12,kg,False
Florasulam,6.4712180268294905e-15,kg,False
Cyanide,1.0426768303686804e-10,kg,False
"1,3-Dichloropropene",5.867867783226856e-14,kg,False
Clodinafop-propargyl,5.618724388523312e-18,kg,False
Radium-226,0.07391812627350396,kBq,False
Triasulfuron,8.456602576962332e-16,kg,False
Imidacloprid,4.6132001411729465e-17,kg,False
Ethephon,2.1236267789970423e-22,kg,False
Endosulfan,4.288946530371533e-09,kg,False
Vinyl chloride,1.1456260402188204e-10,kg,False
Rhenium,1.3702859368783374e-09,kg,True
Methyl methacrylate,5.877830839884021e-10,kg,False
t-Butyl methyl ether,6.8918894622753215e-09,kg,False
Ioxynil,2.4168445332565613e-17,kg,False
Methanesulfonic acid,9.159084190064482e-12,kg,False
Dimethomorph,5.305559086853047e-19,kg,False
Fluosilicic acid,7.405708078159993e-10,kg,False
Fomesafen,3.0243345099049516e-09,kg,False
Diafenthiuron,1.6513525199843345e-13,kg,False
Trioctyltin,2.175060347652862e-28,kg,False
Kresoxim-methyl,2.1439986177879267e-15,kg,False
Cobalt,2.452849418310211e-06,kg,True
Hydrogen peroxide,4.933123116634029e-08,kg,False
Haloxyfop-ethoxyethyl,6.452845082128485e-11,kg,False
Alpha-cypermethrin,7.685892992730467e-14,kg,False
Quizalofop-p-ethyl,2.35706619019194e-20,kg,False
Zinc II,-1.6847075468657057e-09,kg,False
Manganese-54,4.5182679546144195e-10,kBq,False
Benzo(ghi)perylene,1.568600872589772e-08,kg,False
Bensulfuron methyl ester,3.118154237183761e-14,kg,False
Monochloroethane,4.444296544927859e-13,kg,False
Strontium II,8.771710419302798e-09,kg,False
Pyraclostrobin,8.355846085637235e-10,kg,False
Novaluron,6.090565278275165e-21,kg,False
Phenyl isocyanate,2.489178764933336e-12,kg,False
Trifluralin,8.746207132786031e-15,kg,False
"Transformation, to forest, secondary (non-use)",2.0868666166621647e-21,m2,True
"2,4-Dichlorophenol",1.719059186280661e-13,kg,False
Spirotetramat,1.1952662403261454e-15,kg,False
Ketene,5.595180667580359e-09,kg,False
Silicon,0.00014412803806930974,kg,True
Diethylene glycol,2.2893048301488406e-16,kg,False
Metrafenone,2.049550305240732e-14,kg,False
Dipropyl amine,1.2615207695585961e-11,kg,False
o-Nitrotoluene,1.6088620843353814e-11,kg,False
Silver I,7.046272365672749e-10,kg,False
Dodecanol,6.541718261851148e-21,kg,False
"Transformation, to seabed, drilling and mining",0.0001274608476826317,m2,True
Cumene,3.5909828571022527e-07,kg,False
Sodium chlorate,3.764452756523646e-09,kg,False
Hydrogen fluoride,1.9110941855922118e-10,kg,False
"Chlorides, unspecified",3.349235947134611e-05,kg,False
Propaquizafop,1.6741750997170154e-13,kg,False
Polonium-210,2.4977982888831636e-05,kBq,False
Triflumuron,5.545539275283279e-12,kg,False
Nitrate,2.3708341535315374e-07,kg,False
Isoxaflutole,6.30156949527049e-17,kg,False
Thiophanate-methyl,2.5318366476183133e-09,kg,False
Esfenvalerate,1.4274718191960822e-11,kg,False
Polonium-210,1.2553294496486838e-07,kBq,False
Sulfur,2.6717710758109276e-08,kg,False
Dimethomorph,4.193256749151645e-15,kg,False
Lambda-cyhalothrin,5.4881382039245006e-15,kg,False
Copper oxychloride,3.1394607067930285e-13,kg,False
Nicosulfuron,2.018849930162599e-14,kg,False
Profenofos,3.784116367576011e-10,kg,False
Lithium hexafluorophosphate,1.0054969715897754e-12,kg,False
Prochloraz,4.063482936416448e-12,kg,False
Butyric acid,2.1194994259343656e-12,kg,False
Acetic acid,4.6796426171233325e-09,kg,False
Benzyl alcohol,4.609865677959359e-12,kg,False
Ytterbium,1.890228042462381e-09,kg,True
Manganese II,5.111321040216374e-08,kg,False
Isoprene,1.7441142915244246e-09,kg,False
Simazine,3.475631932927846e-13,kg,False
Pentachlorophenol,2.041349131192211e-13,kg,False
Dichloromethane,3.634811175139035e-11,kg,False
Isoxaflutole,2.879660486051562e-19,kg,False
Phosphoric acid,1.145829371060973e-16,kg,False
Epoxiconazole,8.562334532843987e-13,kg,False
Pyraclostrobin,2.0063226705455952e-18,kg,False
Carfentrazone-ethyl,1.0170156601287963e-19,kg,False
Carbon tetrachloride,1.0417071175194933e-11,kg,False
Plutonium-238,2.663280480174723e-13,kBq,False
Thifensulfuron,5.268952148482468e-13,kg,False
Titanium ion,1.992831687913621e-06,kg,False
Fenpropidin,7.445374586304086e-19,kg,False
Mandipropamid,4.831336959403198e-17,kg,False
Organic carbon,1.1148451344430678e-08,kg,False
Flumetsulam,6.043953993486393e-11,kg,False
Metam-sodium,1.0817935327142956e-08,kg,False
Sulfur,7.767137217097733e-06,kg,False
Rimsulfuron,1.1329174169088755e-15,kg,False
MCPA,2.9054717671792813e-22,kg,False
Diflufenican,7.499495175134028e-12,kg,False
"Carbon dioxide, to soil or biomass stock",1.2223024652320892e-06,kg,False
"Xylenes, unspecified",9.889623010725375e-07,kg,False
Gold,3.3019136262515836e-08,kg,True
t-Butyl methyl ether,2.8520399916935137e-11,kg,False
Ethyl acetate,8.291517288480681e-07,kg,False
Copper ion,4.7200430051214357e-07,kg,False
"Insecticides, unspecified",1.196553765000703e-17,kg,False
Haloxyfop-ethoxyethyl,8.524859558041315e-14,kg,False
Iodosulfuron-methyl-sodium,2.2580539296560382e-18,kg,False
Trimethylamine,8.771817034236886e-12,kg,False
Isopropanol,1.4006500208049178e-08,kg,False
Sodium tetrahydridoborate,4.2053925239582555e-14,kg,False
Amisulbrom,1.1053652995212684e-16,kg,False
"Particulate Matter, > 2.5 um and < 10um",5.638891634038097e-06,kg,False
Quizalofop-p-ethyl,7.158963191689559e-13,kg,False
Rimsulfuron,2.705797548588208e-18,kg,False
Metsulfuron-methyl,4.688383794506277e-12,kg,False
Uranium-238,1.559742546146692e-08,kBq,False
Pendimethalin,3.2854289356016823e-10,kg,False
Aclonifen,2.0868600689515073e-09,kg,False
Diquat,8.523100055873661e-17,kg,False
Cloquintocet-mexyl,3.293224255317256e-22,kg,False
Xenon-138,0.002100267842974146,kBq,False
Amisulbrom,4.0558653223476925e-19,kg,False
Zinc II,1.938403055627375e-08,kg,False
Chromium VI,1.2007936065836543e-13,kg,False
Lead II,4.3806318669706297e-07,kg,False
Bixafen,1.582642717750707e-17,kg,False
Sulfur trioxide,1.5675840187129415e-07,kg,False
Epoxiconazole,8.298424913590216e-12,kg,False
Phosmet,1.2061246188550058e-11,kg,False
Dodecanol,4.077195596654446e-12,kg,False
Phosphorus pentachloride,1.472828102300082e-11,kg,False
Pyroxsulam,1.0680348792968045e-15,kg,False
"Transformation, to pasture, man made, extensive",2.393750225745885e-13,m2,True
Sulfentrazone,8.507161509563086e-12,kg,False
Fluosilicic acid,6.825371721858375e-08,kg,False
Pinoxaden,8.101645671933079e-18,kg,False
Formamide,3.1871519516552275e-11,kg,False
Ametoctradin,1.308343652370224e-20,kg,False
Fluoxastrobin,1.4963833695706872e-14,kg,False
Sodium methoxide,6.778259596450476e-10,kg,False
Scandium,3.1933934687093867e-09,kg,False
Tembotrione,1.782060339228302e-12,kg,False
Magnesium,1.2360898925142941e-18,kg,False
Thiram,4.042101139433438e-13,kg,False
Cyhalothrin,1.2568725556055323e-14,kg,False
Sodium I,5.973713705067022e-06,kg,False
Polonium-210,1.628572686966451e-06,kBq,False
Thionyl chloride,5.602648618639908e-15,kg,False
Chlorosulfonic acid,3.5173578771730314e-14,kg,False
Mesotrione,4.4802594081284365e-17,kg,False
Cyanoacetic acid,9.063635193572473e-12,kg,False
"Carboxylic acids, unspecified",4.5606521412434296e-05,kg,False
Thiodicarb,5.829585240164711e-13,kg,False
Spiroxamine,2.9125285030493415e-17,kg,False
Oxyfluorfen,2.7478643519732055e-12,kg,False
Acenaphthylene,2.3695419878453516e-10,kg,False
Indium,7.934168096608292e-09,kg,True
"2,4-D",1.500003788320327e-11,kg,False
Trinexapac-ethyl,1.8905055520601082e-14,kg,False
Acetylene,5.888191909716356e-09,kg,False
"Transformation, to grassland, natural (non-use)",6.685707688373379e-06,m2,True
"1,4-Butanediol",9.584994944863547e-11,kg,False
Metalaxyl-M,9.39426969390632e-16,kg,False
Sulfur trioxide,4.5341007963271805e-07,kg,False
Diquat,2.9390000192667627e-18,kg,False
"Transformation, to traffic area, rail network",3.525062804073845e-05,m2,True
Amidosulfuron,4.178745142336154e-20,kg,False
Aldicarb,8.802840328849641e-11,kg,False
Cyproconazole,5.513956623938069e-13,kg,False
Chloropicrin,2.781742431898142e-19,kg,False
Dodecanol,1.7828472572923723e-18,kg,False
Lanthanum,4.610758897774603e-06,kg,True
Copper ion,-5.351341687258208e-10,kg,False
Carbon,1.508703005104954e-08,kg,False
Sulfentrazone,4.328278190863482e-09,kg,False
Cupric hydroxide,7.304112309318335e-16,kg,False
"Volume occupied, final repository for radioactive waste",1.6315414212765323e-09,m3,True
Phosphorus oxychloride,1.4215429446041998e-12,kg,False
Benzovindiflupyr,5.841519521117742e-11,kg,False
Chlorosulfonic acid,2.7595813919898816e-11,kg,False
Benalaxyl-M,1.713930184604998e-18,kg,False
Sethoxydim,1.524171305691602e-12,kg,False
Kieserite,1.9635861326619367e-07,kg,True
"2-Chloro-1,1,1,2-tetrafluoroethane",1.776479787549083e-10,kg,False
Thiodicarb,2.0137971868467002e-10,kg,False
Nicosulfuron,1.204458584653359e-16,kg,False
"Hydrocarbons, aliphatic, unsaturated",5.816721472915689e-20,kg,False
Azadirachtin,2.3004726122608623e-10,kg,False
Mesosulfuron-methyl (prop),2.8244196237285875e-16,kg,False
Cyclopropene,3.830545031104498e-09,kg,False
"Dioxins, measured as 2,3,7,8-tetrachlorodibenzo-p-dioxin",1.0290421288172727e-15,kg,False
Benzal chloride,8.66564388737034e-10,kg,False
Allyl chloride,3.799093460210781e-11,kg,False
Glufosinate,2.2865655410219187e-11,kg,False
Vinclozolin,2.63511954938189e-14,kg,False
Lactofen,4.701225636549201e-10,kg,False
Silver I,4.568865214439333e-14,kg,False
"Wood, hard, standing",1.2171397800416154e-05,m3,True
Chloroform,2.758000755398952e-09,kg,False
"Occupation, arable land, unspecified use",1.0409227369201074e-07,m2*a,True
Mefentrifluconazole,5.5684608925518144e-14,kg,False
Novaluron,4.813687594689405e-17,kg,False
"Gas, mine, off-gas, process, coal mining",0.0018940119896588626,m3,True
Ethephon,1.0424209969609943e-16,kg,False
Triphenyltin,9.244006477524658e-29,kg,False
Sodium dichromate,4.3466051186204826e-11,kg,False
Amisulbrom,1.3985742490854088e-20,kg,False
Butanol,2.545184756450022e-11,kg,False
Boron,1.2471017153182602e-06,kg,True
"Oils, non-fossil",9.978843191784296e-06,kg,False
Metsulfuron-methyl,4.801381028133645e-18,kg,False
Benthiavalicarb,2.357516833912959e-20,kg,False
Methylamine,5.376370217118663e-11,kg,False
"Transformation, from annual crop, irrigated",4.708315471886729e-05,m2,True
"Oils, non-fossil",1.9216289363684625e-11,kg,False
Methomyl,1.903481175729286e-24,kg,False
Fluquinconazole,3.1715695767046827e-16,kg,False
"2,4-D ester",2.7991932569988198e-12,kg,False
Metalaxil,1.143843615311043e-10,kg,False
Propanil,6.8779475894212106e-12,kg,False
Phosphorus pentafluoride,1.6843553868202678e-12,kg,False
Metalaxyl-M,5.8159611871911515e-12,kg,False
Monobutyltin (III),8.428358847154842e-28,kg,False
Quintozene,6.579426625158469e-11,kg,False
Ammonia,4.460199567447394e-10,kg,False
Aclonifen,2.4961946684449363e-13,kg,False
"N,N-Dimethylformamide",9.233064427579217e-14,kg,False
Pyroxsulam,8.79648785371456e-20,kg,False
Prothioconazole,1.6824449519565908e-12,kg,False
Mecoprop-P,2.5708732262966007e-15,kg,False
Methoxyfenozide,8.614738996992671e-13,kg,False
Fluxapyroxad,2.9214353054773444e-19,kg,False
Beta-cyfluthrin,1.4336004535602994e-10,kg,False
Tin,2.486788353899826e-06,kg,True
Sodium formate,1.461234998073801e-11,kg,False
Pendimethalin,1.5621240732825186e-13,kg,False
Diuron,1.4185398798872435e-09,kg,False
"Transformation, to dump site, inert material landfill",0.00013391237286620726,m2,True
"Pesticides, unspecified",4.44910645824261e-12,kg,False
Mancozeb,3.104112988195908e-17,kg,False
Iron ion,1.971057023242804e-06,kg,False
Azoxystrobin,6.423736332115245e-12,kg,False
Fluazinam,2.3394101753342146e-12,kg,False
Sulfuric acid,1.2753905823990181e-08,kg,False
Isoproturon,2.2485844179274834e-18,kg,False
Monoethanolamine,2.1395537441550376e-09,kg,False
"Occupation, grassland, natural, for livestock grazing",4.953602090123694e-12,m2*a,True
Fludioxonil,1.6616137540258473e-11,kg,False
Methacrylamide sulfate,1.2621432564903938e-08,kg,False
Aluminium III,1.9834469005068167e-05,kg,False
Carbendazim,6.4331886998201815e-12,kg,False
Emamectin benzoate,7.513626497937862e-15,kg,False
Diflubenzuron,6.437380599777994e-15,kg,False
Uranium,2.325778644245178e-14,kg,False
Carfentrazone-ethyl,7.623790336312791e-13,kg,False
Butyrolactone,1.7585551794521914e-11,kg,False
Silver,8.508376937319554e-07,kg,True
Sulcotrione,3.718981227276588e-24,kg,False
Methyl isobutyl ketone,6.113433435990477e-12,kg,False
"1,1,1-Trichloroethane",5.410286201778325e-20,kg,False
Sodium formate,3.510527983177304e-11,kg,False
Fipronil,2.456545693921333e-11,kg,False
Sodium,1.273683774140648e-07,kg,True
Gypsum,0.0064476274030447955,kg,True
"Hydrocarbons, aromatic",5.309993661521163e-06,kg,False
Manganese II,6.19793180462506e-07,kg,False
Fluorene,2.4053760068739525e-10,kg,False
Tetrachloroethylene,2.236020446956409e-12,kg,False
Florasulam,7.128501677834069e-16,kg,False
Rubidium,1.0113186160744867e-07,kg,False
Prochloraz,2.350999592471432e-20,kg,False
Manganese II,1.721784795690583e-07,kg,False
Mandipropamid,1.6659782618631675e-18,kg,False
"1,1,2-Trichloro-1,2,2-trifluoroethane",1.776479787549083e-10,kg,False
Butadiene,4.5397317370055006e-12,kg,False
Bixafen,6.626524961630295e-15,kg,False
Spiromesifen,1.3667594742484357e-15,kg,False
Imidacloprid,8.403023761304974e-11,kg,False
Holmium,7.324633664541727e-10,kg,True
Difenoconazole,1.978296410851239e-13,kg,False
Dissolved solids,2.9575325542945604e-11,kg,False
Propamocarb,5.99838959716017e-14,kg,False
Sodium I,2.3061524716404453e-07,kg,False
"Occupation, traffic area, rail/road embankment",0.043876485074117996,m2*a,True
Ethylene oxide,4.84248279091815e-10,kg,False
Nitric acid,7.244790211281302e-14,kg,False
Silicon,5.107173155176447e-07,kg,False
Thiabendazole,2.496960572978917e-15,kg,False
Bromoxynil,1.502421538881569e-20,kg,False
Magnesium,0.00014315696010336806,kg,True
Mesotrione,1.4966375858925916e-15,kg,False
Dimethomorph,1.5386121351873868e-17,kg,False
Diquat,2.322843165970112e-14,kg,False
Molybdenum,1.4302666841212032e-05,kg,True
Chlormequat chloride,2.1874300756113656e-14,kg,False
Fluxapyroxad,3.547294338727092e-15,kg,False
Pentachlorobenzene,2.9692101602772605e-15,kg,False
Octaethylene glycol monododecyl ether,2.4229573252011678e-11,kg,False
Famoxadone,7.886153488006009e-16,kg,False
Flumiclorac-pentyl,1.0611337203939979e-10,kg,False
Tritosulfuron,7.73873802157643e-16,kg,False
Carbaryl,1.10248462643491e-20,kg,False
Pendimethalin,1.0727000425818976e-16,kg,False
Captan,4.959893932139522e-15,kg,False
Scandium,1.4585546223093213e-14,kg,False
Thiophanate-methyl,1.5415714329547083e-11,kg,False
tau-Fluvalinate,4.305755634314158e-37,kg,False
Thallium I,3.1840750402245147e-12,kg,False
"Dioxins, measured as 2,3,7,8-tetrachlorodibenzo-p-dioxin",1.9192528056799637e-13,kg,False
Linuron,2.0523744226674425e-22,kg,False
Prohexadione calcium,1.0637161865137274e-15,kg,False
Paraffins,1.4492877021542908e-11,kg,False
Simazine,8.839755782668828e-12,kg,False
Phorate,1.0953171896268371e-10,kg,False
Abamectin,4.896198763816097e-13,kg,False
Cadmium II,1.1561505224788168e-08,kg,False
Sulfur hexafluoride,2.533336682594393e-16,kg,False
Trinexapac-ethyl,4.515179316700419e-17,kg,False
Fenoxaprop-P,6.9824422883583705e-15,kg,False
Bromate,1.1326603239725704e-10,kg,False
Teflubenzuron,2.3008802162372924e-22,kg,False
Phenol,5.018247771150249e-10,kg,False
Thiencarbazone-methyl,4.96854840759086e-19,kg,False
"1,1-Difluoroethane",1.332388319214988e-08,kg,False
Trichloroethylene,1.2486148542322537e-12,kg,False
Metosulam,1.6178123366788058e-16,kg,False
TCMTB,1.0212637642524576e-09,kg,False
"Discarded fish, demersal, to ocean",8.794298259664783e-30,kg,False
Sulfentrazone,1.4083547323557983e-13,kg,False
Dicamba,8.068833209583711e-16,kg,False
Emamectin benzoate,2.186839891191809e-11,kg,False
Epoxiconazole,4.725277676068411e-14,kg,False
Methylchloride,6.6141370005741555e-09,kg,False
Chrysene,8.017920022913172e-14,kg,False
Flurochloridone,4.407618115786581e-18,kg,False
Benalaxyl-M,5.910104084844795e-20,kg,False
Glufosinate,1.0307604186642986e-19,kg,False
Beryllium II,2.3758099115084524e-13,kg,False
Helium,1.6809491111590337e-05,kg,False
Butadiene,1.692914229208587e-14,kg,False
Cerium,9.871485889887925e-06,kg,True
Clothianidin,3.105432243087666e-24,kg,False
Chromium VI,1.4407367133894654e-09,kg,False
Acephate,1.1706183042435432e-08,kg,False
Cyclohexane,6.1884168689992115e-09,kg,False
Silicon dioxide,0.004539931681020357,kg,True
Furan,2.729150631940623e-18,kg,False
Chlormequat chloride,1.8014956868358343e-18,kg,False
"Indeno(1,2,3-cd)pyrene",2.2779594483702928e-14,kg,False
Silver I,8.86982649500142e-11,kg,False
Methyl formate,6.255988814988056e-12,kg,False
Chloroacetyl chloride,2.702968707000225e-11,kg,False
"Transformation, to permanent crop, non-irrigated, intensive",1.857561167311561e-05,m2,True
Methyl acrylate,1.6904531105508327e-09,kg,False
Cypermethrin,1.9775220045535046e-15,kg,False
"Transformation, from permanent crop",3.121088382058159e-06,m2,True
Vinylidene chloride,1.0123266028643231e-10,kg,False
Thiabendazole,3.404996966970532e-14,kg,False
Pyrene,4.916414525677767e-10,kg,False
Methanol,1.3484900272938264e-07,kg,False
Metalaxyl-M,4.628881814901479e-14,kg,False
Pentachlorophenol,2.6967885910916473e-11,kg,False
Oxyfluorfen,4.852854808830517e-20,kg,False
Benz(a)anthracene,1.2430883756454534e-13,kg,False
Dimethoate,3.391578465308759e-11,kg,False
Xenon,1.649199617063818e-17,kg,True
Caesium-137,0.0003633797943289242,kBq,False
Strontium,8.816498533712763e-08,kg,True
Plutonium-alpha,6.105231948197139e-13,kBq,False
Iodine,2.9295952669127133e-15,kg,False
Rimsulfuron,1.90400664495765e-12,kg,False
Carbendazim,5.253227230248685e-11,kg,False
Thiamethoxam,5.806366936387631e-09,kg,False
Tin ion,7.316470419551772e-10,kg,False
Beta-cyfluthrin,1.4794440628273653e-12,kg,False
Aluminium III,1.176872634403888e-05,kg,False
Thiophanate-methyl,3.139758503293311e-10,kg,False
Pyraflufen-ethyl,1.1955554064762383e-22,kg,False
Nicosulfuron,6.199607560052378e-12,kg,False
Chromium III,4.949172839018978e-12,kg,False
Alkylbenzene (c10-c15),9.36347856063627e-12,kg,False
Imidacloprid,4.553371412258544e-09,kg,False
Isopropylamine,2.1105489460223682e-11,kg,False
Pyrethrins,3.6056653397189626e-17,kg,False
Fluazinam,1.569241564504381e-11,kg,False
Thorium-232,7.925779978024009e-07,kBq,False
"Volume occupied, underground deposit",1.9045561163283265e-07,m3,True
"Fish, demersal, in ocean",7.035481446316884e-29,kg,True
Dichlorprop,1.214728365718566e-22,kg,False
Chlorothalonil,1.2096643781093754e-13,kg,False
Europium,4.028470258740335e-08,kg,True
2-Nitrobenzoic acid,1.8631481462235547e-11,kg,False
"2,4-D",1.4288363346002107e-09,kg,False
Titanium ion,1.5319684495823083e-07,kg,False
Desmedipham,1.617170709299046e-20,kg,False
Chlorodifluoromethane,2.859884184092293e-10,kg,False
Bromoxynil,8.772775501435292e-17,kg,False
Carfentrazone-ethyl,2.692047732897731e-11,kg,False
Isobutanol,5.711670497652018e-11,kg,False
Ethoprop,6.058789724668095e-11,kg,False
Trifluralin,6.15167867620899e-09,kg,False
Metsulfuron-methyl,2.500199354513696e-13,kg,False
Flurochloridone,9.645203661951754e-16,kg,False
Pirimicarb,3.6620580334535606e-11,kg,False
t-Butyl methyl ether,1.354162164833894e-08,kg,False
Trifluralin,1.8726520324491174e-20,kg,False
Sulfadiazine,4.3160030174208985e-13,kg,False
Bicyclopyrone,7.377413330036579e-14,kg,False
Phosphorus,3.816830351840367e-09,kg,False
"Transformation, to forest, extensive",2.9229779158689253e-05,m2,True
Thiamethoxam,9.069441161159457e-13,kg,False
Borate,2.370072961354485e-09,kg,False
Organic carbon,3.568202345406953e-08,kg,False
Tefluthrin,5.658423903318733e-17,kg,False
Flufenacet,9.166786655707625e-14,kg,False
Ethanol,5.833171897912115e-10,kg,False
Carbonate,6.79552081892707e-05,kg,False
Mesotrione,8.027384331320312e-10,kg,False
Acenaphthene,5.745073083171642e-10,kg,False
Magnesium,8.992739091264134e-07,kg,False
Alpha-cypermethrin,1.905983442203725e-16,kg,False
Radium-226,9.253604481356502e-08,kBq,False
Isoproturon,6.520894811989671e-17,kg,False
Sulfate,2.0927090028296532e-06,kg,False
Beryllium II,2.858339252875771e-10,kg,False
Laminarin,1.7649126718589344e-18,kg,False
Maleic hydrazide,2.9162980011332186e-17,kg,False
Methyl lactate,1.084793789295475e-11,kg,False
"2,4-DB",3.2329633596453896e-23,kg,False
Aniline,1.3529193233381622e-10,kg,False
Chlorotoluron,1.1924969905021248e-13,kg,False
Flupyrsulfuron-methyl sodium,2.883257815647618e-16,kg,False
Propaquizafop,7.951560684883601e-17,kg,False
Pinoxaden,3.3921589928804724e-15,kg,False
Thiamethoxam,4.943207139856676e-11,kg,False
Chloridazon,5.669954391884932e-19,kg,False
Fenoxaprop,5.473542104182591e-11,kg,False
Polychlorinated biphenyls,7.017368731023532e-14,kg,False
Dichloroethylene,3.468953505427965e-10,kg,False
Tetraconazole,2.2571398522162853e-10,kg,False
"Transformation, from dump site, inert material landfill",0.00013391237286620726,m2,True
Fenoxaprop-P,6.391210666128771e-20,kg,False
Bifenox,9.07626985411319e-15,kg,False
MCPA,1.0648301484390037e-16,kg,False
Ethanol,2.4813191543265417e-09,kg,False
"Occupation, seabed, drilling and mining",0.0001274608476826317,m2*a,True
Carbendazim,2.4219097902329228e-08,kg,False
Molinate,2.6555889317595125e-12,kg,False
Ethalfluralin,3.9170816561641866e-13,kg,False
Acetic anhydride,6.140296495901474e-10,kg,False
Cyprodinil,3.0773791231660524e-11,kg,False
Bentazone,7.90566863772645e-12,kg,False
"Transformation, to annual crop, non-irrigated, extensive",2.7209580224503813e-07,m2,True
Fipronil,1.2889100497025441e-08,kg,False
Helium,5.578020165888073e-08,kg,False
Zoxamide,4.704690119533124e-15,kg,False
"2,4-D dimethylamine salt",6.5688565063339704e-21,kg,False
"Transformation, to cropland fallow (non-use)",8.497222659454945e-07,m2,True
Cupric hydroxide,8.699345598716295e-20,kg,False
Fluxapyroxad,2.323072789360348e-16,kg,False
Sulcotrione,8.882209892638555e-27,kg,False
Ethylene diamine,1.2953558418281975e-10,kg,False
Pyraflufen-ethyl,9.449090463649564e-19,kg,False
Carfentrazone-ethyl,4.113992526119522e-14,kg,False
"Radioactive species, Nuclides, unspecified",0.0018958945791074297,kBq,False
Basalt,0.00022602077476842854,kg,True
Thiamethoxam,8.562129632564943e-10,kg,False
Tetrafluoromethane,1.0427776182455168e-10,kg,False
"Occupation, grassland, natural (non-use)",0.0005014280766280016,m2*a,True
Chlorimuron-ethyl,1.5739143491734453e-09,kg,False
Bromine,8.516626764549237e-06,kg,False
Anthranilic acid,1.4318441901050845e-11,kg,False
Diflubenzuron,1.4114560802700609e-08,kg,False
Aniline,5.5702992152195e-11,kg,False
Lenacil,1.431897886713955e-20,kg,False
Silicon,3.423280282915675e-05,kg,False
Strontium II,8.321508428892546e-05,kg,False
Flurochloridone,8.67612369080922e-15,kg,False
Boron,1.965232118630822e-06,kg,False
Lactic acid,2.371583351880835e-11,kg,False
Acetone cyanohydrin,2.058026448941576e-08,kg,False
Acifluorfen,1.3047465864250848e-09,kg,False
Lufenuron,9.425002668279903e-13,kg,False
Cloransulam-methyl,1.315424123491735e-10,kg,False
Iron ion,0.0008605511863055973,kg,False
Propanal,2.4839852875530244e-11,kg,False
Prothioconazole,3.0725882566283933e-13,kg,False
Sulfosulfuron,1.6654116161535016e-21,kg,False
Acetochlor,4.599551329181341e-09,kg,False
Diclofop,1.847729740506226e-14,kg,False
Lead-210,0.011551790636749746,kBq,False
Barium II,3.9235335498292025e-07,kg,False
Chrysene,1.0457339150598477e-08,kg,False
"Transformation, from seabed, infrastructure",1.1926316828178801e-08,m2,True
Monoethanolamine,2.475154484086753e-07,kg,False
Phenoxy compounds,8.747886359812612e-16,kg,False
Copper oxide,4.549954438922602e-20,kg,False
Carfentrazone-ethyl,3.164426905502757e-10,kg,False
Flupyrsulfuron-methyl sodium,6.886214134489377e-19,kg,False
Pyraflufen-ethyl,3.4069498451198925e-10,kg,False
Beryllium II,1.1346429919055948e-09,kg,False
Metsulfuron-methyl,6.361417543484916e-19,kg,False
Chromium III,3.726842995393622e-09,kg,False
Chlorantraniliprole,3.205814346779118e-13,kg,False
Quizalofop-p-ethyl,3.852634429594576e-14,kg,False
Atrazine,8.109015344552306e-16,kg,False
Chlorsulfuron,8.456602576962332e-16,kg,False
Benzo(k)fluoranthene,5.792635741681865e-09,kg,False
Bromomethane,3.669433322232872e-24,kg,False
Pyrimethanil,3.8235604673442896e-15,kg,False
Fludioxonil,2.326358664255784e-15,kg,False
Ethyl benzene,2.71440390361743e-07,kg,False
Cupric hydroxide,2.5228102236277353e-18,kg,False
Lactic acid,9.881627557038441e-12,kg,False
Hexafluoroethane,4.923158210389397e-09,kg,False
Barium-140,1.4775957365089747e-07,kBq,False
Triflusulfuron-methyl,1.4164084009066775e-21,kg,False
MCPB,5.217869544273822e-13,kg,False
Propiconazole,2.551794445649716e-19,kg,False
Lutetium,2.12650654777018e-10,kg,True
Fluoranthene,6.526213972138633e-10,kg,False
Epoxiconazole,2.181685785672303e-14,kg,False
Tritosulfuron,1.8482775580483496e-18,kg,False
Dimethyl ether,3.1838820497415096e-10,kg,False
Mecoprop,4.828009230964132e-14,kg,False
Hydrochloric acid,3.163207435512009e-06,kg,False
"2,4-D ester",2.944914334250572e-20,kg,False
Nitrogen,6.064787838633691e-08,kg,False
Chlorimuron-ethyl,8.84170876284581e-12,kg,False
Malathion,8.239736605915264e-11,kg,False
Propiconazole,2.288869009762869e-12,kg,False
"Occupation, pasture, man made, intensive",1.2156832074502298e-06,m2*a,True
Molybdenum VI,3.89041908763363e-09,kg,False
Imidacloprid,2.3709700866142984e-12,kg,False
Diphenyltin,3.099460995405327e-28,kg,False
Isoproturon,8.46429415650878e-11,kg,False
Dimethenamide,7.794647772854404e-17,kg,False
Tebuthiuron,7.55758067043895e-10,kg,False
Nitrogen oxides,9.6434171778754e-12,kg,False
Nitric acid,3.607721106040794e-11,kg,False
Ammonia,6.401787881559548e-11,kg,False
Diflufenican,4.281817611606401e-17,kg,False
Dichlorprop-P,1.6407527225675331e-09,kg,False
"2,4-D dimethylamine salt",2.2059564831888786e-09,kg,False
Tellurium,7.987238560465603e-08,kg,True
Fenpiclonil,4.129841836137301e-11,kg,False
Tefluthrin,2.7714384747953267e-22,kg,False
Diethyl ether,6.765103894220465e-20,kg,False
Acephate,5.731502225488851e-10,kg,False
Chlorothalonil,1.2589573557443846e-17,kg,False
Thiencarbazone-methyl,3.1530798291968216e-15,kg,False
Niobium,2.3191815185680146e-06,kg,True
Butene,1.8201039217124345e-07,kg,False
Lufenuron,6.666055940379399e-11,kg,False
Flurtamone,4.387821813651444e-12,kg,False
"Occupation, unspecified",0.00032206471251636275,m2*a,True
Cymoxanil,3.073662794165372e-12,kg,False
Butene,3.241859498592394e-08,kg,False
"Occupation, permanent crop, non-irrigated",4.7006399475558085e-05,m2*a,True
Mancozeb,1.3180886755538312e-08,kg,False
Benzo(k)fluoranthene,6.930217694223403e-15,kg,False
Metolachlor,7.416277002233173e-12,kg,False
Naphthalene,1.7519540423057453e-07,kg,False
"Particulate Matter, > 10 um",9.398115834176215e-06,kg,False
Bitertanol,2.0243800233467793e-16,kg,False
Styrene,4.785835605046209e-07,kg,False
Lauric acid,3.0760739517826317e-12,kg,False
Metribuzin,2.3979209645737542e-09,kg,False
Cadmium II,8.841964142975599e-10,kg,False
Ethyl cellulose,1.6710304599256362e-09,kg,False
Isoxaflutole,1.3511468313460745e-11,kg,False
Iodide,1.181715610296212e-05,kg,False
o-Dichlorobenzene,5.601614612315852e-08,kg,False
Dichloromethane,3.78046152959181e-09,kg,False
Nitric oxide,3.807547896853028e-09,kg,False
Thorium,1.8044948814876784e-14,kg,False
Quizalofop-ethyl,1.0118848883293118e-14,kg,False
Phenol,6.610607665383918e-07,kg,False
Zirconium,4.827907088319224e-05,kg,True
Calcium II,1.5260911748474021e-09,kg,False
Fluopicolide,1.1205963382550953e-17,kg,False
Benzovindiflupyr,3.1769767813180705e-13,kg,False
Butene,2.2886616196467887e-11,kg,False
Imazethapyr,2.023330991496689e-11,kg,False
Dodecanol,2.255764917879698e-22,kg,False
Lenacil,1.1317026875523269e-16,kg,False
Emamectin benzoate,2.068059930292429e-09,kg,False
"Occupation, cropland fallow (non-use)",5.107825443932833e-10,m2*a,True
Chlormequat chloride,1.968146619344184e-13,kg,False
Gibberellic acid,8.12670801368398e-15,kg,False
Triflusulfuron-methyl,1.1194605487241646e-17,kg,False
Chloroform,1.4703928681135888e-10,kg,False
Pyraclostrobin,5.433918206964169e-13,kg,False
Toluene,1.4228120005049228e-06,kg,False
Radium-224,0.0025515568683559297,kBq,False
Gamma-cyhalothrin,3.921980251724109e-12,kg,False
Flumioxazin,2.9663827782172965e-12,kg,False
Mercury II,4.1050580294312046e-11,kg,False
Fluquinconazole,3.8162932866154434e-13,kg,False
"Occupation, annual crop, irrigated",4.185321249224504e-05,m2*a,True
Fluosilicic acid,3.7918731788102086e-08,kg,False
Chlormequat chloride,5.224337491823903e-17,kg,False
Kresoxim-methyl,5.1362278279150586e-18,kg,False
Buprofezin,9.256849472046763e-16,kg,False
Quinoxyfen,3.087978394561507e-15,kg,False
Iodosulfuron-methyl-sodium,9.4544716642294e-16,kg,False
"Pesticides, unspecified",6.490393619152388e-09,kg,False
Foramsulfuron,1.2227251153976984e-18,kg,False
Butatriene,1.0799179965490667e-12,kg,False
Lithium I,2.6806547900298246e-06,kg,False
Ethyl acetate,3.159384249681904e-08,kg,False
Cyazofamid,7.346349608058813e-18,kg,False
"Carbon monoxide, from soil or biomass stock",1.133674289490874e-05,kg,False
Sulfuric acid,7.484703323491671e-07,kg,False
Thiodicarb,6.399437335676506e-13,kg,False
Propiconazole,6.003548520609448e-10,kg,False
Lithium,3.9592561094819257e-10,kg,True
Trimethylamine,2.1052360882168523e-11,kg,False
Tantalum,1.2245847076363613e-07,kg,True
Ametoctradin,4.5115298357593865e-22,kg,False
Benzal chloride,3.6107417650441185e-10,kg,False
Carbaryl,6.34737692663224e-17,kg,False
Isophorondiamine,1.557936718105935e-10,kg,False
Metolachlor,1.2144632829442928e-12,kg,False
Fenpropimorph,9.417538093673328e-15,kg,False
"Water, unspecified natural origin",1.7427461921448088e-09,m3,True
Spirotetramat,2.747521669977468e-19,kg,False
MCPB,3.783899397969557e-11,kg,False
"PAH, polycyclic aromatic hydrocarbons",9.532373031770843e-09,kg,False
Benalaxyl-M,4.671059814106002e-16,kg,False
Cloquintocet-mexyl,4.096770973614679e-23,kg,False
Iodine-129,1.952320013009437e-06,kBq,False
Chlorine,1.2679571229587048e-06,kg,False
Ioxynil,1.9904339119034905e-21,kg,False
Copper oxychloride,1.1248224999072526e-13,kg,False
Dimethyl carbonate,1.7321345032297524e-09,kg,False
Clethodim,9.664631871691394e-11,kg,False
Zineb,4.5019305186656436e-11,kg,False
o-Dichlorobenzene,6.296345355368246e-11,kg,False
"Dioxins, measured as 2,3,7,8-tetrachlorodibenzo-p-dioxin",4.0309150984170853e-19,kg,False
Dinitrogen monoxide,4.5921034180302216e-11,kg,False
Mesosulfuron,5.101523887085868e-20,kg,False
Fluxapyroxad,1.3011706522903577e-15,kg,False
Oxydemeton-methyl,1.751846848450745e-12,kg,False
"1,4-Diisopropylbenzene",5.958131824844938e-10,kg,False
"Oils, non-fossil",4.914320517240474e-08,kg,False
"Transformation, from unspecified, natural (non-use)",1.2229216023639379e-07,m2,True
Mancozeb,8.118268997932078e-09,kg,False
Strontium II,2.6344713590912594e-07,kg,False
Pyriproxyfen,1.007515461264233e-10,kg,False
Methanol,1.3454844534120752e-07,kg,False
Ethanol,4.246664205839153e-09,kg,False
Propionic acid,1.0597858683256821e-11,kg,False
Fluazinam,2.613303657363625e-18,kg,False
Diethylamine,2.7323282293973492e-11,kg,False
Diquat dibromide,6.097781253275298e-14,kg,False
Boric acid,3.2367125189027042e-18,kg,False
Laminarin,6.085905765030811e-20,kg,False
Propoxycarbazone-sodium (prop),3.5311580894945606e-16,kg,False
Methylamine,2.861039492673353e-09,kg,False
Iodide,1.8019308372906855e-13,kg,False
Iodine,3.658509534015136e-10,kg,False
Thulium,2.12650654777018e-10,kg,True
Cyclohexane,5.141856822014639e-07,kg,False
Bromuconazole,6.134322671824368e-16,kg,False
Sulfite,1.6598050026392706e-09,kg,False
Dimethylamine,1.0183744715782292e-10,kg,False
Silver I,3.3510746326954775e-10,kg,False
Chloridazon,5.613570090502643e-14,kg,False
"Occupation, annual crop, non-irrigated, extensive",2.3001341178609082e-07,m2*a,True
Thallium I,1.964557335798099e-10,kg,False
Aclonifen,2.3270540588409348e-10,kg,False
Monoethanolamine,2.7176793130559435e-12,kg,False
Benthiavalicarb,6.836798818347563e-19,kg,False
"Fish, pelagic, in ocean",7.651894712034807e-19,kg,True
"Carbon dioxide, from soil or biomass stock",2.9535221458895978e-05,kg,False
"Hydrocarbons, aliphatic, unsaturated",1.459993159637012e-07,kg,False
Formamide,1.5221350959626478e-09,kg,False
"Transformation, to permanent crop, irrigated, intensive",1.8043693138537713e-09,m2,True
Dimethyl malonate,1.136597962751138e-11,kg,False
1-Pentene,1.3169050089542468e-11,kg,False
Fluroxypyr,6.040006459004031e-13,kg,False
Metalaxyl-M,6.614231447741574e-13,kg,False
Benz(a)anthracene,1.490454997359362e-08,kg,False
Carbon,9.70079890681794e-07,kg,False
Chlorpyrifos,7.85697186702077e-13,kg,False
Dithianon,1.6526852477383274e-12,kg,False
Xenon-135m,0.008970168337805829,kBq,False
Sulfur,5.356287076013463e-06,kg,False
Mesotrione,4.5163127980157414e-14,kg,False
Thiophanate-methyl,9.97572372528452e-20,kg,False
Ruthenium-103,1.1784131287033814e-11,kBq,False
Cumene,2.0852581197405265e-09,kg,False
Carbon disulfide,7.113790637809255e-12,kg,False
Spiroxamine,1.004320173465293e-18,kg,False
Simazine,6.61545401726363e-16,kg,False
Propamocarb,5.414484915215281e-13,kg,False
Cadmium,5.756315788861321e-08,kg,True
Cloquintocet-mexyl,3.022979150510292e-15,kg,False
Nickel II,2.6746882417635486e-10,kg,False
Dichlorvos,6.028060821947802e-15,kg,False
Fludioxonil,1.1333238947135987e-13,kg,False
Ametryn,6.056624270277775e-12,kg,False
Molybdenum VI,1.520826207955221e-10,kg,False
Chromium III,4.444653434612413e-10,kg,False
Pyrene,3.3063903022883584e-08,kg,False
"VOC, volatile organic compounds",4.258313382274618e-06,kg,False
MCPA,8.558599623755117e-16,kg,False
Prosulfocarb,8.867812511869672e-13,kg,False
Cymoxanil,1.7917663681906444e-18,kg,False
Silicon,3.429880198431754e-05,kg,False
Ethephon,4.3646169717643077e-14,kg,False
Carbonate,3.907754803729573e-09,kg,False
Chlorantraniliprole,3.4477705379612958e-15,kg,False
Carbaryl,1.0279606070660405e-12,kg,False
Selenium IV,5.1402431935465114e-08,kg,False
Cobalt II,3.55288782570383e-08,kg,False
Tribenuron,4.24744019817816e-20,kg,False
Tebuthiuron,8.471726896848842e-11,kg,False
Selenium,1.1886340453311885e-06,kg,True
Diatomite,3.42966796293466e-10,kg,True
"Transformation, from dump site, residual material landfill",1.4031417586109173e-08,m2,True
Pyroxsulam,9.609674967315088e-15,kg,False
Isopropylamine,5.065331870352562e-11,kg,False
Carbosulfan,1.1721229376009653e-13,kg,False
"PAH, polycyclic aromatic hydrocarbons",2.6535375676402694e-07,kg,False
Fenoxaprop-P,1.853451093177339e-18,kg,False
Imazethapyr,4.792906589636473e-13,kg,False
Sulfosulfuron,1.5059521666675024e-15,kg,False
Triflumuron,2.565745366837171e-13,kg,False
Acetaldehyde,4.1774793258848725e-09,kg,False
Abamectin,1.145918859616534e-12,kg,False
Fenamidone,5.617751707728271e-15,kg,False
Lithium I,3.4500029455045506e-12,kg,False
Pyriproxyfen,7.430719624411546e-12,kg,False
Iodide,1.417410025814266e-05,kg,False
Radium-228,0.010119254072441315,kBq,False
Pirimicarb,2.2284639067376224e-14,kg,False
Metolachlor,1.0995271841479599e-16,kg,False
Foramsulfuron,2.0232254359129713e-13,kg,False
Gadolinium,1.429411419851717e-07,kg,True
Chlorodifluoromethane,3.853336080995559e-09,kg,False
"Transformation, to seabed, infrastructure",4.4599476902080845e-07,m2,True
Benzo(a)pyrene,6.975317768669183e-14,kg,False
Flupyrsulfuron-methyl sodium,2.6762732865528863e-15,kg,False
Phenyltin,9.244006477524657e-31,kg,False
Sulfosulfuron,4.829693686845155e-20,kg,False
Benzene,9.054390911682204e-07,kg,False
Paraquat,3.2230043326083214e-16,kg,False
Metalaxyl-M,1.4667028611360375e-19,kg,False
"Hydrocarbons, aliphatic, alkanes, cyclic",2.283202643943968e-09,kg,False
Diflufenican,4.06762149595784e-17,kg,False
Thiodicarb,4.1160541350029866e-14,kg,False
"Transformation, to grassland, natural, for livestock grazing",1.6375544099582455e-13,m2,True
Iron ion,2.4796681892871525e-06,kg,False
Steatite,1.1373176009696148e-11,kg,True
Phenmedipham,1.1885270939423857e-18,kg,False
Copper oxide,1.3194867872875525e-18,kg,False
Silicon tetrafluoride,2.5818622561377215e-10,kg,False
Benalaxyl-M,4.202180801469964e-15,kg,False
Bromoxynil,3.4286464737239765e-11,kg,False
Pyraclostrobin,1.937656941451285e-09,kg,False
"Oils, non-fossil",2.449612503465742e-21,kg,False
Radon-222,2.685314092369542e-06,kBq,False
"Energy, gross calorific value, in biomass, primary forest",0.00442883838047905,MJ,True
Zoxamide,4.029234801480764e-16,kg,False
"Hydrocarbons, aromatic",2.995968155712935e-13,kg,False
Butadiene,1.7684492402184044e-09,kg,False
Clothianidin,8.90802257651218e-11,kg,False
Antimony ion,2.4333219327283537e-09,kg,False
Simazine,1.0124666935050681e-14,kg,False
Difluoromethane,1.394460946315861e-10,kg,False
"Acidity, unspecified",2.0131909361134188e-14,kg,False
"Particulate Matter, < 2.5 um",3.759279999116799e-06,kg,False
Gibberellic acid,5.6510221287206467e-14,kg,False
2-Chlorophenol,1.1341690350123975e-13,kg,False
Imazethapyr,1.6710737899325585e-09,kg,False
Nitric acid,2.4387348260590193e-08,kg,False
Tribenuron,1.2317576574716622e-18,kg,False
Rhodium,6.577018697435707e-10,kg,True
Ozone,4.424720658159345e-11,kg,False
Metribuzin,2.1478362534619017e-18,kg,False
Diflufenican,1.8245633982796334e-14,kg,False
Gallium,5.213148318598107e-07,kg,True
Fluorine,8.804454463899033e-06,kg,True
Phosphorus,7.922319107234656e-07,kg,False
"Indeno(1,2,3-cd)pyrene",1.568600872589772e-08,kg,False
Propamocarb,2.200961109199811e-16,kg,False
Triclopyr,1.7900807978168487e-10,kg,False
Cyazofamid,2.002137469939335e-15,kg,False
Trichloroethylene,2.249925305817581e-09,kg,False
"1-Chloro-1,1-difluoroethane",1.447898039107301e-10,kg,False
Diflubenzuron,7.877693053225599e-14,kg,False
Formate,5.508678811233681e-09,kg,False
Boron,3.7583768294867735e-09,kg,False
Fludioxonil,4.9199721928071626e-20,kg,False
Foramsulfuron,1.48427801422315e-14,kg,False
Ethyl benzene,3.646352861625174e-07,kg,False
Ethylamine,4.1693457516424895e-11,kg,False
Radium-228,0.012173909629439952,kBq,False
Thorium-228,1.0114225233402455e-09,kBq,False
Dimethylamine,2.7137658073220576e-10,kg,False
"Transformation, to annual crop, irrigated",4.708315471886729e-05,m2,True
Dichlorprop,6.72208010882245e-21,kg,False
Borate,1.9612230589194717e-09,kg,False
Bisphenol A,6.4579695566155854e-09,kg,False
Methylamine,9.00979904685573e-12,kg,False
Fenpropimorph,2.2708999260726514e-17,kg,False
Acenaphthene,6.323091532782315e-10,kg,False
Flusilazole,3.557230850728212e-19,kg,False
Abamectin,1.5105294058581585e-11,kg,False
Chromium III,7.082993340671821e-08,kg,False
Iodine,3.740944302794076e-08,kg,True
Cadmium II,2.344196930376908e-09,kg,False
Barium II,1.4404434344501896e-08,kg,False
Aclonifen,7.238964538490322e-12,kg,False
Uranium-238,1.436210095269406e-05,kBq,False
Hydroxide,9.049435247393707e-06,kg,False
"Carboxylic acids, unspecified",1.0290148162551369e-07,kg,False
Saflufenacil,4.257012755163977e-11,kg,False
Nickel II,8.071437914455589e-08,kg,False
Methyl formate,2.4984580046477787e-11,kg,False
Mefenpyr,7.820144804735407e-14,kg,False
Tetrachloroethylene,7.396867393683233e-12,kg,False
Krypton-87,0.00018700547965546171,kBq,False
Zoxamide,5.0980287144081304e-20,kg,False
Lithium I,3.177457278129168e-09,kg,False
Chlorimuron-ethyl,4.279067005083413e-11,kg,False
Flumioxazin,5.6187334973064106e-11,kg,False
Titanium ion,2.6187454084680643e-09,kg,False
Formamide,1.3279652386653888e-11,kg,False
Methoxyfenozide,1.9449378724507913e-13,kg,False
Pyrimethanil,1.6898377917029328e-28,kg,False
Methyl acrylate,3.018852269391195e-09,kg,False
Pirimicarb,1.6157639409199645e-12,kg,False
Uranium-238,4.232672962134399e-08,kBq,False
Ethofumesate,4.718005789998903e-16,kg,False
Rubidium,1.2166609663641765e-07,kg,False
Nitrate,1.9651612427812473e-06,kg,False
Molybdenum VI,8.131820781395092e-09,kg,False
"Transformation, from permanent crop, irrigated, intensive",1.8043693138537713e-09,m2,True
Quizalofop-p-ethyl,3.399630637551829e-10,kg,False
Sulfentrazone,5.668249982725245e-12,kg,False
Metamitron,3.9349254097298785e-19,kg,False
Isopropanol,1.168559196038038e-10,kg,False
Sulcotrione,3.3461642552496806e-23,kg,False
Sulfide,1.2576258313770338e-08,kg,False
Imidacloprid,1.4164800944475235e-09,kg,False
Iprodione,2.3728901677698775e-11,kg,False
Calcium,6.409752729582355e-05,kg,True
Methiocarb,5.856326760194155e-24,kg,False
Trinexapac-ethyl,7.780467347109065e-12,kg,False
Pyraclostrobin,4.0336286480100766e-11,kg,False
Lithium I,3.2241515608650684e-06,kg,False
Succinic acid,4.541944600732709e-12,kg,False
Thiabendazole,4.371748725879079e-17,kg,False
"Transformation, to forest, intensive",0.00046098621054717115,m2,True
Pencycuron,5.934917498941485e-19,kg,False
Metsulfuron-methyl,7.292210924832488e-13,kg,False
Formic acid,1.1990785754230422e-07,kg,False
Organic carbon,3.568202345406953e-08,kg,False
Flumioxazin,9.28822103289514e-10,kg,False
Tembotrione,5.028932725879385e-19,kg,False
Krypton-88,0.0002451098344408597,kBq,False
Krypton-85,0.0007868100825774274,kBq,False
Acetylene,2.4330991061866187e-07,kg,False
Sodium hydroxide,1.165522748112634e-08,kg,False
Fluopicolide,3.054017351741829e-15,kg,False
"Transformation, to permanent crop, non-irrigated",2.3469253094572556e-06,m2,True
Ethylene oxide,3.061450352906503e-14,kg,False
Fipronil,7.1103747101141e-13,kg,False
Monocrotophos,1.7098320866202307e-09,kg,False
"1,1,2-Trichloroethane",1.6840022472452919e-10,kg,False
Formaldehyde,1.106416741098455e-09,kg,False
"Dibenz(a,h)anthracene",1.4513056785660665e-15,kg,False
Pyrimethanil,2.0518517116008737e-24,kg,False
Hexamethylene diisocyanate,4.235711673974663e-12,kg,False
Lauric acid,9.566278645944489e-13,kg,False
Flusilazole,1.5084644499142783e-12,kg,False
Amidosulfuron,1.2118360912774852e-18,kg,False
Cymoxanil,1.4161252929848802e-14,kg,False
Ethofumesate,5.969502939694343e-20,kg,False
Ethephon,7.911955123053269e-11,kg,False
Diquat dibromide,3.921127557581908e-08,kg,False
Carbofuran,2.4300907721033046e-09,kg,False
Fluopicolide,3.8641253043279183e-19,kg,False
Carbon disulfide,3.0293996500993293e-10,kg,False
"Transformation, to dump site, slag compartment",4.046890295161507e-08,m2,True
Phosphorus trichloride,1.0898468775516309e-13,kg,False
Perlite,1.0435045680665431e-07,kg,True
Nitrate,2.428081909545149e-07,kg,False
Thorium-232,7.877879757208045e-08,kBq,False
"2,4-Dichlorophenol",2.739863024666963e-11,kg,False
Thiencarbazone-methyl,1.4408790382013482e-17,kg,False
Copper oxychloride,1.3684878937582847e-20,kg,False
Ethofumesate,1.731155852511356e-18,kg,False
Ammonium bisulfate,1.3360277153952673e-08,kg,False
Ulexite,6.560556740312233e-07,kg,True
Phenmedipham,4.09836928945649e-20,kg,False
"2,4-di-tert-butylphenol",3.641795065336842e-17,kg,False
1-Pentanol,7.2610052401790515e-12,kg,False
Diethanolamine,3.002143542124506e-12,kg,False
Chlorine,1.0701352767772559e-07,kg,False
"Transformation, from annual crop, irrigated, intensive",4.3635901099486595e-09,m2,True
Potassium I,0.0002469029394699851,kg,False
Sulfentrazone,2.3198039095959407e-10,kg,False
Potassium I,4.571665511093038e-14,kg,False
Chlorodifluoromethane,4.422175330365862e-11,kg,False
Prochloraz,2.854654193124755e-16,kg,False
Chloro-fluoromethane,9.319088904351868e-11,kg,False
Benthiavalicarb,1.6762330809054493e-15,kg,False
"Occupation, seabed, infrastructure",1.3244021598565578e-05,m2*a,True
Dichromate,1.8703908257743288e-09,kg,False
Imazethapyr,3.874966751390573e-12,kg,False
Imidacloprid,7.709344534157163e-11,kg,False
Boron,5.149509913932938e-09,kg,False
Fluorene,2.3734487586343916e-08,kg,False
"Actinides, radioactive, unspecified",3.1711093852927846e-06,kBq,False
Ammonium sulfate,5.400934520117272e-12,kg,False
Florasulam,5.870800246097411e-20,kg,False
"Occupation, permanent crop, irrigated, intensive",4.205989076583233e-08,m2*a,True
Fenamidone,2.0612954243092955e-17,kg,False
"PAH, polycyclic aromatic hydrocarbons",9.532373031770843e-09,kg,False
Ethyl benzene,3.2655180337214504e-07,kg,False
Triallate,2.8541100444353414e-15,kg,False
"Transformation, to inland waterbody, unspecified",1.0471721514932608e-10,m2,True
"Transformation, from forest, intensive",0.0004178299729444427,m2,True
Thifensulfuron,7.754020819151482e-16,kg,False
Ethylene oxide,1.2520315327199738e-10,kg,False
Nitrate,6.336720331680754e-11,kg,False
Mineral oil,1.1960316768229931e-08,kg,False
Prohexadione calcium,9.634510871106278e-15,kg,False
Dichlorofluoromethane,7.300090907427737e-13,kg,False
"Hydrocarbons, aromatic",6.439881085919441e-06,kg,False
"Transformation, to unspecified, natural (non-use)",4.720761141069247e-08,m2,True
Ferrocyanide,8.403290542025407e-14,kg,False
Fluazinam,4.15915796567114e-10,kg,False
Mesotrione,1.4593356889096014e-12,kg,False
Thiencarbazone-methyl,1.090798084131265e-13,kg,False
MCPA,4.025774030789473e-12,kg,False
Ethylene carbonate,1.7824957439334998e-08,kg,False
Acephate,1.5077070120470765e-11,kg,False
Graphite,4.24791006986547e-06,kg,True
Chlorpyrifos,5.416157236674604e-13,kg,False
Desmedipham,4.689795056967252e-19,kg,False
"Fungicides, unspecified",2.513085526001512e-19,kg,False
Cobalt II,2.547632060837405e-09,kg,False
Thifensulfuron,2.6738002824660088e-17,kg,False
Difenoconazole,2.3936254658720553e-13,kg,False
Sulfate,6.112835481880236e-06,kg,False
Fenpropidin,8.966267532181415e-15,kg,False
Phenanthrene,1.5633654638404177e-07,kg,False
Copper oxide,3.1116510241905283e-15,kg,False
"Occupation, urban, discontinuously built",3.1467001625266197e-06,m2*a,True
Flumioxazin,6.47312669413495e-14,kg,False
Formic acid,9.251962465344923e-12,kg,False
Zeta-cypermethrin,9.854804640703419e-12,kg,False
Prohexadione calcium,2.5405211420577304e-18,kg,False
Acetamide,1.925784405467723e-12,kg,False
Diflubenzuron,3.4686409318419655e-11,kg,False
Phosphate,6.586796553795325e-07,kg,False
Isoproturon,2.7302986175696988e-14,kg,False
"Wood, soft, standing",1.6292572913869855e-05,m3,True
Isocyanic acid,1.1080557466290378e-08,kg,False
Diquat dibromide,5.354510652362631e-09,kg,False
Trichlorfon,2.8386131903478396e-10,kg,False
Flumioxazin,1.2241212777750786e-12,kg,False
Butanol,5.8878530557959584e-08,kg,False
Metamitron,1.141128368821661e-17,kg,False
t-Butyl amine,1.7872681710384996e-11,kg,False
"Suspended solids, unspecified",0.00032335652060795574,kg,False
Anthracene,3.294184195460451e-11,kg,False
Flusilazole,1.3052381196788542e-21,kg,False
Monochlorobenzene,8.88968995506511e-08,kg,False
Urea,3.924937912646121e-11,kg,False
Lenacil,4.15250387147047e-19,kg,False
Acetamiprid,1.1835784561544183e-13,kg,False
Pentachlorobenzene,4.785704136742227e-11,kg,False
Caesium I,1.0113186160744868e-08,kg,False
Fluxapyroxad,1.3644474936136005e-10,kg,False
Propamocarb,7.589521066206221e-18,kg,False
Nitrate,3.661642076786791e-06,kg,False
Nitrogen fluoride,6.334333906959292e-17,kg,False
Bromoxynil,2.094361280221908e-19,kg,False
Iodosulfuron-methyl-sodium,8.55788994214134e-15,kg,False
Monochloroethane,1.0451298818294065e-10,kg,False
"Transformation, to traffic area, rail/road embankment",0.00011113941477646431,m2,True
Triadimenol,9.084566128149605e-13,kg,False
Platinum,3.714504407465982e-15,kg,False
Nitrogen dioxide,5.4668895471005705e-12,kg,False
Clodinafop-propargyl,1.2920580318128178e-14,kg,False
Fluroxypyr,7.54140803733308e-15,kg,False
Mandipropamid,1.316708470518851e-14,kg,False
Fenbuconazole,4.3194326856136394e-13,kg,False
Acenaphthylene,3.829257259818287e-08,kg,False
Ioxynil,5.772258344520088e-20,kg,False
Radon-222,85.49638858240627,kBq,False
Diflufenzopyr-sodium,4.3842697419903295e-13,kg,False
Radon-220,4.781158661807385e-06,kBq,False
Carbon,1.958530342946892e-06,kg,False
"Xylenes, unspecified",1.1882640994092368e-06,kg,False
Thiodicarb,2.3318557836441285e-11,kg,False
Chrysotile,1.0624697659163873e-07,kg,True
Benzaldehyde,3.511667527110706e-09,kg,False
Propiconazole,5.165705006323309e-11,kg,False
Cinidon-ethyl,5.355651272249764e-20,kg,False
Acrylate,2.1368036320734313e-09,kg,False
"Transformation, to urban, discontinuously built",6.285361591233328e-08,m2,True
Tritium,0.7549723056088514,kBq,False
Bixafen,5.457388681898997e-19,kg,False
EPTC,2.615220651071083e-10,kg,False
Thorium-228,0.002433346882162528,kBq,False
"Occupation, seabed, unspecified",-2.427284408314764e-27,m2*a,True
Thifensulfuron-methyl,2.916707120658941e-11,kg,False
Triflumuron,6.477395744985301e-10,kg,False
Fenamidone,7.107915256238945e-19,kg,False
Phenmedipham,3.244485166968294e-16,kg,False
Trichlorofluoromethane,8.052952235469658e-13,kg,False
Fenpropidin,2.1591586300281844e-17,kg,False
Phosphorus,1.1708719805598959e-10,kg,False
Carbon,4.454627523753703e-09,kg,False
Sulfosate,1.354889643171853e-09,kg,False
Carbon tetrachloride,9.61517952744843e-10,kg,False
Chlorotoluron,9.821014207066107e-18,kg,False
Ethylene diamine,5.393208568446433e-11,kg,False
Silicon,1.8641624213981852e-08,kg,False
Glufosinate,4.315793809386709e-17,kg,False
Phosphorus trichloride,1.2731715247522816e-11,kg,False
Pyriproxyfen,1.683601492747779e-14,kg,False
Dibutyltin,4.893885782218939e-30,kg,False
Pencycuron,4.690671133936223e-15,kg,False
"Hydrocarbons, aliphatic, unsaturated",1.2139303331348403e-07,kg,False
Hafnium,8.804617667459241e-07,kg,True
Aldrin,4.3900169309811e-09,kg,False
"Hydrocarbons, aliphatic, alkanes, unspecified",1.510242542128674e-06,kg,False
Amidosulfuron,1.6983383302579714e-13,kg,False
Maneb,1.5426830198095275e-12,kg,False
Cyazofamid,2.5332240027789045e-19,kg,False
"Solids, inorganic",2.1986982188120192e-05,kg,False
Propylene oxide,4.3455983522053634e-07,kg,False
"2,4-D ester",1.205980979304797e-22,kg,False
"Carboxylic acids, unspecified",3.7216525071541114e-05,kg,False
Mancozeb,1.4233028171709855e-11,kg,False
Metrafenone,5.440419121120236e-18,kg,False
Flonicamid,3.6897370462658893e-16,kg,False
Methyl acetate,4.3140988975278715e-12,kg,False
Chlorotoluron,5.662499693138505e-12,kg,False
Dimethenamide,2.2084957701135533e-16,kg,False
Vanadium V,2.6912231024840284e-08,kg,False
Methoxyfenozide,1.7187680851749614e-11,kg,False
Radium-228,6.885657211489294e-08,kBq,False
Methyl ethyl ketone,7.558622202448843e-10,kg,False
Methylchloride,1.1685956120652095e-13,kg,False
"VOC, volatile organic compounds",3.582669263172995e-06,kg,False
Tribenuron,5.157369235878866e-16,kg,False
Isobutanol,1.876665935718415e-10,kg,False
Polonium-210,2.210995281933119e-05,kBq,False
Cinidon-ethyl,1.846776300775784e-21,kg,False
Halosulfuron-methyl,8.86188362677041e-15,kg,False
Bentazone,8.408598596736503e-12,kg,False
Fipronil,4.4777919160322713e-10,kg,False
Cypermethrin,1.1260717261615132e-14,kg,False
Beta-cyfluthrin,4.270314219748735e-11,kg,False
Barium II,2.102804491711068e-05,kg,False
Foramsulfuron,3.5459028346533137e-17,kg,False
2-Methyl-2-butene,4.180387759255292e-16,kg,False
Fluxapyroxad,1.7930105689291693e-18,kg,False
Isophorondiisocyanate,1.7475077576634745e-11,kg,False
Methyl acrylate,3.302349676239334e-08,kg,False
"2,4-D ester",1.535556826199526e-20,kg,False
Dichlorprop,2.9553929742253985e-20,kg,False
Clodinafop-propargyl,1.3416305664082586e-20,kg,False
Uranium-238,1.916930984357073e-07,kBq,False
Fluorine,1.3613740978214016e-07,kg,False
Fluoxastrobin,3.9720677631196125e-18,kg,False
"Pesticides, unspecified",1.6057892285255151e-16,kg,False
Acetonitrile,7.588802660748026e-12,kg,False
Dimethomorph,6.688209930780931e-13,kg,False
Pirimicarb,7.684358299095252e-16,kg,False
Copper ion,2.2111659706981443e-08,kg,False
"1,1-Difluoroethane",7.46103881708177e-12,kg,False
Tebuthiuron,2.8530653962308116e-12,kg,False
Metribuzin,6.228725135039501e-17,kg,False
Iodosulfuron-methyl-sodium,7.786392860882895e-20,kg,False
Topramezone,3.607773384487675e-14,kg,False
Benzo(b)fluoranthene,1.1867244803172372e-08,kg,False
Amisulbrom,9.944091972944164e-16,kg,False
Lithium I,8.508701200267917e-13,kg,False
Quinclorac,1.1487458779158507e-13,kg,False
Thallium I,4.446742102482136e-12,kg,False
Azinphos-methyl,6.381065720412426e-12,kg,False
Antimony ion,2.3895043558414865e-10,kg,False
Acenaphthylene,2.8455266681325367e-10,kg,False
Tebuthiuron,3.1353567669722027e-12,kg,False
Scandium,7.997310173832651e-09,kg,False
Terpenes,1.6351071483041447e-08,kg,False
Butyl acrylate,5.2201124866578754e-11,kg,False
Phosphoric acid,2.7234056961403165e-14,kg,False
Triclopyr,1.7017313067521496e-16,kg,False
Boron,3.893449717249476e-08,kg,False
"Transformation, from dump site, slag compartment",4.046890295161507e-08,m2,True
Pyrimethanil,4.900529595938508e-27,kg,False
Chloroform,2.2318452798260887e-10,kg,False
Copper oxychloride,6.314792981935455e-11,kg,False
Chlorothalonil,1.7789345057587466e-09,kg,False
Tritium,0.018144115129446445,kBq,False
Fenoxaprop ethyl ester,1.5397685230303812e-15,kg,False
Argon-41,0.00024184452189612726,kBq,False
Thorium-228,0.002022637232148973,kBq,False
Prosulfocarb,9.857215097500843e-14,kg,False
Triflusulfuron-methyl,1.0070895713314794e-16,kg,False
Carbonyl sulfide,4.7143877171704016e-07,kg,False
Pyriproxyfen,2.554729505557577e-10,kg,False
Clothianidin,9.005753504954224e-23,kg,False
"Transformation, from wetland, inland (non-use)",6.62233819948424e-06,m2,True
Pyroxasulfone,7.687583039657488e-10,kg,False
Cupric chloride dihydrate,1.6142889280546282e-15,kg,False
Magnesium,0.00036024758725722316,kg,False
"Occupation, pasture, man made",9.022600527920763e-12,m2*a,True
Desmedipham,1.2798878124282803e-16,kg,False
Methylamine,2.1623330832090723e-11,kg,False
Fludioxonil,1.6471588596221976e-12,kg,False
Zoxamide,1.4784283271783577e-18,kg,False
Cu-HDO,7.5491092029331555e-16,kg,False
Fluoxastrobin,1.3696785390067653e-19,kg,False
Parathion,1.6297709539171267e-12,kg,False
Fluazinam,3.6891004424961283e-10,kg,False
m-Xylene,3.118160231886868e-11,kg,False
Mesosulfuron,1.4794419272548982e-18,kg,False
Haloxyfop-ethoxyethyl,2.9148281900477183e-13,kg,False
"Transformation, from seabed, unspecified",0.00012790684245165252,m2,True
Potassium-40,2.7344024892494957e-05,kBq,False
"Occupation, permanent crop",4.7331956926312615e-05,m2*a,True
Chloridazon,1.955156686856865e-20,kg,False
Orbencarb,2.387565234227319e-10,kg,False
Borax,6.351706819137168e-11,kg,True
1-Pentanol,1.742665426855769e-11,kg,False
"1,4-Diethylbenzene",4.228200672637024e-08,kg,False
Trifloxystrobin,3.461293566295169e-20,kg,False
Propargite,3.513515542405519e-11,kg,False
Piperonyl butoxide,3.59375021660174e-13,kg,False
Imidacloprid,5.328246163054758e-18,kg,False
Hexachlorobenzene,2.673223888342188e-11,kg,False
Pyraflufen-ethyl,3.467110678781088e-21,kg,False
Xenon-133m,3.921848392737078e-05,kBq,False
Simazine,7.488559623602993e-15,kg,False
Monopotassium phosphite,3.373629720420286e-14,kg,False
Amidosulfuron,5.073957639452282e-16,kg,False
Pendimethalin,4.5301545973949e-12,kg,False
Phenoxy compounds,1.843028251419352e-12,kg,False
Florasulam,1.702532071368245e-18,kg,False
Prosulfocarb,3.558373351747131e-16,kg,False
Flupyrsulfuron-methyl sodium,2.3745565980997898e-20,kg,False
Nickel II,4.3332366563154255e-09,kg,False
Phosphate,2.98384874712796e-11,kg,False
Tefluthrin,4.6189417761636254e-24,kg,False
Tetrachloroethylene,2.4145285172333095e-09,kg,False
Benthiavalicarb,1.8632670399506843e-16,kg,False
Thiamethoxam,8.372164958949181e-11,kg,False
Formic acid,1.0381361983844477e-09,kg,False
Cinidon-ethyl,2.0052908650875115e-13,kg,False
"Pesticides, unspecified",2.0493192883352913e-11,kg,False
Flufenacet,7.777358847087501e-18,kg,False
Bicarbonate,5.640622240263654e-07,kg,False
Chlorate,4.970480748595292e-07,kg,False
Clodinafop-propargyl,6.264142494270631e-22,kg,False
Arsine,1.7367007648710938e-14,kg,False
Cadmium II,3.8923861027532014e-11,kg,False
"Transformation, to seabed, unspecified",1.1926316828178801e-08,m2,True
Carbendazim,3.4645595207395055e-09,kg,False
Cyazofamid,1.866584410455689e-14,kg,False
Radium-226,2.3003167855739805e-07,kBq,False
Titanium ion,7.967400341746441e-07,kg,False
Tritosulfuron,6.962952208151816e-15,kg,False
Carbon tetrachloride,4.758004542646197e-10,kg,False
Novaluron,1.7662639306998033e-19,kg,False
Methiocarb,1.3986928221741087e-26,kg,False
"1,1,1-Trifluoroethane",1.1142467903309789e-35,kg,False
"1,1,1-Trichloroethane",1.0507662807179635e-09,kg,False
Platinum,5.074792299363736e-09,kg,True
Clothianidin,3.7707089369913455e-20,kg,False
"Fungicides, unspecified",5.533907782705184e-13,kg,False
Bifenthrin,4.67401706760935e-16,kg,False
Boron trifluoride,2.2078817558443912e-14,kg,False
Arsenic,5.187300318041508e-08,kg,True
Chloroform,3.846610799774082e-10,kg,False
Chloride,0.017549115215584776,kg,False
"Solids, inorganic",7.120002081462545e-23,kg,False
"Radioactive species, Nuclides, unspecified",1.7948285612430792e-05,kBq,False
Beta-cyfluthrin,8.300591090776371e-16,kg,False
Nitrate,1.8712742147192546e-08,kg,False
Mandipropamid,2.630136874296321e-13,kg,False
Vanadium V,7.908296281367149e-11,kg,False
Abamectin,2.8127099281496735e-14,kg,False
Alkylbenzene (c10-c15),4.4032489388784964e-10,kg,False
Fenoxaprop-P,7.760399612842487e-16,kg,False
Carbaryl,8.85320781971434e-19,kg,False
Propaquizafop,2.3059525986162333e-15,kg,False
"Chlorinated solvents, unspecified",4.167415774246108e-13,kg,False
Ethephon,3.59455644889678e-18,kg,False
Flucarbazone sodium salt,5.285309863388832e-17,kg,False
Maleic hydrazide,7.947933073009378e-15,kg,False
Hypochlorite,8.593491236748585e-09,kg,False
Rimsulfuron,9.33033637444212e-20,kg,False
"Water, in air",3.2100847498963947e-06,m3,True
Bromoxynil,7.24731358785412e-21,kg,False
"2,4-DB",7.841341612220202e-21,kg,False
Formic acid,4.513063423791773e-11,kg,False
Isoxaflutole,9.929863745005374e-21,kg,False
Benzo(ghi)perylene,2.072849866388793e-15,kg,False
Magnesium,2.261466505100477e-07,kg,False
Thorium-232,5.7677614816141455e-08,kBq,False
Potassium I,2.1049349244418158e-06,kg,False
Laterite,0.001452848471856921,kg,True
Fluoxastrobin,1.6631047479248632e-15,kg,False
Iodosulfuron,2.5040611958441952e-14,kg,False
"Transformation, from permanent crop, non-irrigated",2.092253698257287e-05,m2,True
Zinc-65,2.2560810935538595e-09,kBq,False
Decanoic acid,4.213441444446034e-12,kg,False
Oxamyl,6.339601385978164e-11,kg,False
Methyl acetate,1.0353861912372468e-11,kg,False
Endothall,2.1365341428283385e-13,kg,False
Vanadium V,1.4668248485285608e-08,kg,False
Acetonitrile,1.962128577964975e-08,kg,False
Calcium II,5.654542477176583e-06,kg,False
Praseodymium,1.2261163324702042e-06,kg,True
Spirotetramat,9.474212655094697e-21,kg,False
Ethylene,4.791725179817928e-07,kg,False
Thiabendazole,8.489872537616608e-16,kg,False
Anthracene,3.666521951148135e-08,kg,False
Nicosulfuron,2.6579818295098875e-16,kg,False
Arsenic ion,1.1885476544388783e-08,kg,False
Fluazinam,1.6366244024971882e-11,kg,False
Paraquat,2.588120620755611e-15,kg,False
Chlorantraniliprole,7.709636323299708e-16,kg,False
Imazapyr,9.169957382228636e-15,kg,False
Acephate,1.6539653926863946e-10,kg,False
Fenamidone,5.053844162378571e-14,kg,False
Potassium-40,9.971432240349132e-09,kBq,False
Spirotetramat,7.487958480627941e-17,kg,False
Neodymium,3.664509825258083e-06,kg,True
Terbium,9.684763128906646e-10,kg,True
Maleic anhydride,9.51826148148537e-11,kg,False
Prosulfocarb,1.2270252937059092e-17,kg,False
Acetamiprid,1.5507453461605462e-13,kg,False
Arsenic ion,1.1846604459715593e-08,kg,False
Trinexapac-ethyl,1.5569583850691138e-18,kg,False
2-Methyl-2-butanol,1.9302352818229754e-16,kg,False
Ammonium,2.0805691539191347e-05,kg,False
Sulfosulfuron,2.0221927169002876e-17,kg,False
Selenium IV,1.122089796229435e-09,kg,False
Spodumene,1.6151416878060174e-07,kg,True
Nicosulfuron,6.450169200320812e-13,kg,False
Hydrogen peroxide,4.0777149485525386e-11,kg,False
Acetone cyanohydrin,5.871489457448286e-09,kg,False
"2,4-D dimethylamine salt",3.514799033035622e-20,kg,False
Triethylammonium,5.45242043167282e-24,kg,False
Spiroxamine,1.2194756662669703e-14,kg,False
Fluoranthene,5.404306535732058e-08,kg,False
Triflusulfuron-methyl,4.107584362629353e-20,kg,False
Tembotrione,6.1062808938144605e-15,kg,False
Bifenthrin,3.159288378826797e-13,kg,False
Cyanide,6.57894514557897e-08,kg,False
"Transformation, to pasture, man made, intensive",6.648416058255776e-08,m2,True
Scandium,1.7920105138629503e-08,kg,True
Chloride,6.011284952428569e-06,kg,False
Phenoxy compounds,1.6561010603694713e-11,kg,False
Peracetic acid,3.1960772304179295e-09,kg,False
Fludioxonil,3.5445334913626187e-17,kg,False
"Transformation, from traffic area, rail/road embankment",3.6555576946182534e-06,m2,True
"1,1,1,2-Tetrafluoroethane",6.171054065039653e-09,kg,False
Methoxyfenozide,3.0978628179898863e-14,kg,False
"Occupation, unspecified, natural (non-use)",1.935512067838391e-06,m2*a,True
Mecoprop-P,5.411616190418269e-12,kg,False
Chlorine,1.2679571229587048e-06,kg,False
Bromomethane,5.992809173581274e-09,kg,False
Phosphorous acid,2.3596390692188786e-14,kg,False
"Transformation, from annual crop, non-irrigated, extensive",1.9848293035579902e-07,m2,True
Hydrochloric acid,1.679529920227482e-07,kg,False
Propionic acid,1.2227674412933162e-11,kg,False
Mesosulfuron,6.194423258188095e-16,kg,False
Flufenacet,8.302635528669983e-13,kg,False
Tebupirimfos,1.943999334379893e-12,kg,False
Ioxynil,9.119622598678308e-12,kg,False
Pencycuron,1.7211260746930327e-17,kg,False
"Oils, non-fossil",4.707528774335912e-07,kg,False
Bromotrifluoromethane,1.6307734921797154e-14,kg,False
Triethylene glycol,4.995448352096987e-10,kg,False
Bromine,4.8721022773558395e-08,kg,False
Mecoprop-P,5.283123114540316e-11,kg,False
Fipronil,4.438742269578635e-12,kg,False
Antimony,1.7570429250911242e-08,kg,True
Bentazone,2.7782022370460603e-13,kg,False
Flurochloridone,1.5198683157884744e-19,kg,False
Phenoxy compounds,2.53688704434565e-14,kg,False
Benzovindiflupyr,9.010218300876013e-12,kg,False
Ametoctradin,3.207771604175545e-17,kg,False
Pentafluoroethane,1.4466708730215642e-34,kg,False
Benzovindiflupyr,1.2634992497370627e-15,kg,False
Fluquinconazole,6.732390609248908e-19,kg,False
Propaquizafop,1.5043721215398471e-12,kg,False
Cyclohexane,7.278608450868551e-07,kg,False
Diuron,7.71840322983093e-14,kg,False
Fenpropimorph,7.83068940025053e-19,kg,False
Epoxiconazole,7.726620916421945e-19,kg,False
"1,1,2-Trichloro-1,2,2-trifluoroethane",5.432363832522797e-11,kg,False
Chlorimuron-ethyl,2.4273700915619263e-13,kg,False
Benomyl,4.401781571176559e-12,kg,False
Cyprodinil,6.9382018548785e-18,kg,False
Gibberellic acid,9.382490708955231e-17,kg,False
Benzo(a)pyrene,7.307332850232062e-16,kg,False
Antimony ion,3.5888381775197766e-11,kg,False
Radium-226,1.5561260552084898e-07,kBq,False
Diethyl ether,2.7018747304028987e-16,kg,False
"2,4-DB",1.8939403318010378e-20,kg,False
Flusilazole,4.5008211023408663e-23,kg,False
MCPB,1.7992691777148036e-14,kg,False
Lead-210,8.912908882333053e-07,kBq,False
Thiophanate-methyl,1.2858181535538632e-12,kg,False
"Transformation, from forest, extensive",7.407684306506305e-05,m2,True
Pinoxaden,3.052104992316009e-14,kg,False
Anthraquinone,1.3608116854554067e-14,kg,False
Chloride,2.5868797084847845e-07,kg,False
Caesium I,1.2166609663641768e-08,kg,False
Fluopicolide,2.7474563789763467e-14,kg,False
Chlorantraniliprole,2.76376317738621e-20,kg,False
Fluoride,3.880127324967928e-08,kg,False
Metrafenone,2.2779034524652873e-15,kg,False
MCPB,3.4001352767150194e-10,kg,False
Spiroxamine,1.2915826446971077e-11,kg,False
Novaluron,5.933358713721192e-13,kg,False
Carbendazim,1.798105804936557e-10,kg,False
Diquat dibromide,1.017821823293196e-11,kg,False
Trifluralin,1.0879922791381246e-15,kg,False
Cobalt II,2.0199431724317863e-09,kg,False
Pyriproxyfen,8.503773805607743e-14,kg,False
Sulfur dichloride,2.0128678702214556e-15,kg,False
Mercury II,1.6162691183369678e-10,kg,False
Barium II,1.8707864051408072e-05,kg,False
Propiconazole,1.9716240524594768e-13,kg,False
Lambda-cyhalothrin,4.424889770869797e-13,kg,False
Zinc II,1.816489971630792e-05,kg,False
Tungsten,9.035130557167192e-10,kg,False
Lead II,3.2475642485078646e-11,kg,False
"1,1,2-Trichloro-1,2,2-trifluoroethane",7.071110479376598e-11,kg,False
Mecoprop-P,7.455532356260126e-14,kg,False
Bentazone,5.744054793034543e-10,kg,False
Fluquinconazole,4.099533124131001e-18,kg,False
Glufosinate ammonium,2.6538805937010897e-09,kg,False
Phosphorus,1.5161405872671787e-07,kg,False
Cymoxanil,5.1961224677528803e-17,kg,False
Lead II,2.3783384527875868e-08,kg,False
Triclopyr,1.368684697119692e-15,kg,False
Tribenuron-methyl,9.771504085864688e-16,kg,False
Diquat dibromide,2.2443030352332992e-10,kg,False
"Radioactive species, other beta emitters",2.2928538824305815e-14,kBq,False
Pencycuron,4.219823545292919e-14,kg,False
Ethylamine,1.0006513763659609e-10,kg,False
Metalaxyl-M,2.934481633923246e-14,kg,False
Barite,7.941791278687046e-05,kg,False
Thiophanate-methyl,5.475387327572492e-13,kg,False
Dichlorprop,9.618293492054495e-19,kg,False
Pentachlorobenzene,1.2456344181038225e-14,kg,False
Choline chloride,1.1658413054037484e-13,kg,False
Cupric hydroxide,1.839723502371986e-15,kg,False
Emamectin benzoate,2.958439893157926e-13,kg,False
Tebuthiuron,4.966994165757398e-14,kg,False
Dysprosium,4.284074298129222e-09,kg,True
"Dibenz(a,h)anthracene",3.3192871089363518e-09,kg,False
Phosgene,3.010877292502707e-08,kg,False
Linuron,5.951885825735583e-21,kg,False
Mesosulfuron,5.573450475203146e-15,kg,False
Caesium-134,6.5942289067335e-10,kBq,False
Alkylbenzene (c10-c15),3.3570247246165343e-09,kg,False
Myclobutanil,4.404848841277438e-13,kg,False
Nitrite,4.920297836254995e-09,kg,False
Carnallite,2.9057458426199142e-06,kg,True
"Occupation, traffic area, rail network",0.015239933167938795,m2*a,True
Xenon-131m,0.0009854110360032271,kBq,False
Bixafen,5.962235248862742e-14,kg,False
Chlorimuron-ethyl,1.709774829839084e-10,kg,False
Laminarin,5.269931888817037e-15,kg,False
Abamectin,1.2890908121131642e-10,kg,False
