Flow,Amount,Unit,Is input
Water,0.017136846583977194,m3,False
"Transformation, to industrial area",0.0001537005606401287,m2,True
"Transformation, to lake, artificial",9.332198765991576e-05,m2,True
"Water, turbine use, unspecified natural origin",14.352518921047166,m3,True
"Transformation, from forest, unspecified",0.000113035520880444,m2,True
"Energy, potential (in hydropower reservoir), converted",2.105073209529416,MJ,True
"Carbon dioxide, from soil or biomass stock",0.0034933935418497517,kg,False
Water,14.46074968018909,m3,False
"Methane, non-fossil",0.0002616382747937665,kg,False
"Volume occupied, reservoir",0.10147227565691343,m3*a,True
"Occupation, lake, artificial",0.012122255416261095,m2*a,True
Water,0.21666498846862392,m3,False
"Particulate Matter, > 2.5 um and < 10um",6.314730985821746e-05,kg,False
"Hydrocarbons, unspecified",1.2257425041931188e-06,kg,False
Cadmium II,3.1978322375058506e-08,kg,False
"Dioxins, measured as 2,3,7,8-tetrachlorodibenzo-p-dioxin",9.47813399728831e-13,kg,False
Selenium IV,7.776063188163494e-09,kg,False
Chromium VI,3.9447874099515535e-09,kg,False
Vanadium V,7.558414737453942e-10,kg,False
Copper ion,1.242243713079901e-06,kg,False
"TOC, Total Organic Carbon",0.00020451480645937995,kg,False
Ammonia,0.0005766000444265897,kg,False
Arsenic ion,4.8115932761329006e-08,kg,False
Chromium III,1.5733592904383267e-07,kg,False
Zinc II,1.2838187272041398e-06,kg,False
Nitrogen,2.843379809765024e-07,kg,False
"Water, unspecified natural origin",0.00664410972649339,m3,True
"AOX, Adsorbable Organic Halides",4.5909144193537e-08,kg,False
Benzene,4.5484876075811993e-07,kg,False
Rhodium III,3.32078187970898e-11,kg,False
Mercury II,1.3147589695968674e-09,kg,False
Chloride,0.008381094475063756,kg,False
Tin ion,6.711637350378396e-08,kg,False
Formaldehyde,1.1329275698770907e-06,kg,False
Nickel II,1.7832116749444672e-07,kg,False
Sulfate,0.000309125080504277,kg,False
Sulfide,1.8768675982688988e-06,kg,False
Selenium IV,1.539931541966924e-09,kg,False
"Suspended solids, unspecified",1.5198820291938327e-05,kg,False
Nitrogen oxides,0.004425930393075109,kg,False
Tellurium,5.1632360978878524e-11,kg,False
Platinum,3.32078187970898e-11,kg,False
"PAH, polycyclic aromatic hydrocarbons",3.9852102621754245e-10,kg,False
Beryllium II,2.808067937799726e-10,kg,False
Palladium II,3.407726310940636e-11,kg,False
Vanadium V,3.383976204990991e-07,kg,False
Copper ion,3.610577789090455e-07,kg,False
Antimony ion,8.211362141767191e-08,kg,False
Ammonium,8.592851292722323e-06,kg,False
Cobalt II,2.747743909789513e-08,kg,False
Arsenic ion,2.6381877588561895e-09,kg,False
Fluoride,3.928932034263611e-06,kg,False
Barium II,2.375127358985131e-07,kg,False
Hydrogen fluoride,7.632331999663934e-06,kg,False
Lead II,7.118684488328316e-07,kg,False
Hydrochloric acid,1.7261124086812707e-05,kg,False
Boron,1.5074928532612115e-08,kg,False
Chromium III,4.8440735927152785e-06,kg,False
Sodium I,0.005219613103262867,kg,False
"NMVOC, non-methane volatile organic compounds",0.0007522925751487344,kg,False
t-Butyl methyl ether,7.537464266306047e-10,kg,False
Cyanide,1.2100215177138115e-06,kg,False
"Heat, waste",0.058496398401673644,MJ,False
Nickel II,3.8117268363606537e-07,kg,False
Hydrogen sulfide,5.3064720202590855e-05,kg,False
Cobalt II,8.860893761648873e-10,kg,False
Mercury II,1.3350984277664964e-08,kg,False
Benzene,3.908462343063205e-06,kg,False
"Particulate Matter, < 2.5 um",0.00017944075645152932,kg,False
"Carbon monoxide, fossil",0.001852708628387952,kg,False
Cadmium II,6.7411975171413585e-09,kg,False
"Xylenes, unspecified",7.106325142289984e-07,kg,False
Dinitrogen monoxide,2.6126732562043822e-05,kg,False
Toluene,3.5001802198874963e-07,kg,False
"Particulate Matter, > 10 um",0.0003605677086932112,kg,False
Thallium I,1.2924661978068431e-09,kg,False
Aluminium III,1.809441124797631e-08,kg,False
Nitrate,1.0831337631699737e-06,kg,False
"Xylenes, unspecified",2.3674143372345142e-08,kg,False
Nitrite,3.0109114238544578e-09,kg,False
"BOD5, Biological Oxygen Demand",0.0006514462005963953,kg,False
Molybdenum VI,3.768732133153029e-10,kg,False
"Heat, waste",0.009940014974541259,MJ,False
Water,0.010155311854542296,m3,False
Benzo(a)pyrene,2.0931652459277347e-09,kg,False
"Water, cooling, unspecified natural origin",0.11310523473409821,m3,True
Manganese II,1.0355811727137261e-07,kg,False
Zinc II,2.1934870805163644e-07,kg,False
Iron ion,8.49542111898879e-06,kg,False
Manganese II,2.9805521640562464e-08,kg,False
Toluene,9.614205067789112e-08,kg,False
"PAH, polycyclic aromatic hydrocarbons",6.917880488118707e-07,kg,False
Lead II,1.5542020595692001e-07,kg,False
Tin ion,3.811036124385125e-10,kg,False
Phenol,4.595039225617708e-06,kg,False
"Carbon dioxide, fossil",0.23973173873317893,kg,False
"Methane, fossil",1.750831578833806e-05,kg,False
Phosphorus,3.71551531998462e-08,kg,False
"Carbon dioxide, non-fossil",0.0018706992561164845,kg,False
Sulfur dioxide,0.0005299744626314054,kg,False
"DOC, Dissolved Organic Carbon",0.00020513977426185446,kg,False
"COD, Chemical Oxygen Demand",0.0006542327723630013,kg,False
"Water, well, in ground",0.006546343125512418,m3,True
"DOC, Dissolved Organic Carbon",0.0029285615753312506,kg,False
Chloride,0.0014980508593380438,kg,False
"COD, Chemical Oxygen Demand",0.0018412174704897988,kg,False
Phenol,2.1600957921435238e-05,kg,False
Chlorine,2.69304007871128e-06,kg,False
"Water, river",0.014707344928292296,m3,True
Sodium I,0.006113356562917664,kg,False
"Carbon dioxide, fossil",0.2992440842243501,kg,False
Phenol,3.360440040011225e-08,kg,False
"TOC, Total Organic Carbon",0.0008706885977581085,kg,False
"BOD5, Biological Oxygen Demand",0.0006346760684189738,kg,False
Hydrogen,0.0003417984446043395,kg,False
Ammonia,7.777546690587806e-06,kg,False
Benzene,4.549675227967943e-06,kg,False
"NMVOC, non-methane volatile organic compounds",0.0011141494818906173,kg,False
Nickel II,4.4020843032359824e-05,kg,False
"PAH, polycyclic aromatic hydrocarbons",9.631195259155345e-07,kg,False
"Carbon dioxide, fossil",1.2793339541517867,kg,False
Selenium IV,5.214283140702917e-07,kg,False
Lead II,1.5926969326441612e-08,kg,False
"Methane, fossil",0.004782922925803743,kg,False
Sulfur dioxide,0.02643668546889591,kg,False
Cadmium II,2.324944925150881e-09,kg,False
Benzo(a)pyrene,2.112760638704243e-08,kg,False
Dinitrogen monoxide,2.2880940041283646e-05,kg,False
Copper ion,6.607466554064821e-06,kg,False
"Carbon monoxide, fossil",0.0008973306259047173,kg,False
Zinc II,3.6126510239352036e-07,kg,False
"Particulate Matter, < 2.5 um",0.001796056326752307,kg,False
Cadmium II,7.750422657190398e-06,kg,False
Chromium III,7.587346699769954e-06,kg,False
Nitrogen oxides,0.0036786716836941596,kg,False
Zinc II,2.1276267614050624e-05,kg,False
"Dioxins, measured as 2,3,7,8-tetrachlorodibenzo-p-dioxin",1.5724421103265215e-13,kg,False
Dinitrogen monoxide,4.783986269421947e-05,kg,False
"Carbon monoxide, fossil",0.0002231003798496033,kg,False
Sulfur dioxide,0.0010366339662784847,kg,False
"NMVOC, non-methane volatile organic compounds",0.0005664189914406364,kg,False
"Methane, fossil",0.000174435205453378,kg,False
Nitrogen oxides,0.0005609082903104561,kg,False
Oxygen,0.13744439653769194,kg,True
"Heat, waste",0.29587670626617996,MJ,False
Mercury II,4.769501951565238e-09,kg,False
Non-hazardous waste disposed,16.07197582984944,kg,False
"Occupation, dump site",0.0851493451141361,m2*a,True
"Transformation, from unspecified",0.0024972890056971526,m2,True
"Transformation, to dump site",0.0006658311059919033,m2,True
Sulfur hexafluoride,2.849394820839759e-07,kg,False
"Particulate Matter, > 10 um",0.0034423132121387885,kg,False
Nickel II,1.3360547794237032e-06,kg,False
"COD, Chemical Oxygen Demand",1.0098132252694807e-05,kg,False
Sulfate,0.008053863556502602,kg,False
Manganese II,2.5269542619712602e-05,kg,False
"DOC, Dissolved Organic Carbon",2.8500813949691184e-05,kg,False
"TOC, Total Organic Carbon",2.8500813949691184e-05,kg,False
Iron ion,0.0003542906183947611,kg,False
Chromium III,1.4997001782079745e-09,kg,False
Dissolved solids,7.514293590676545e-05,kg,False
Arsenic ion,6.128915896613797e-07,kg,False
Cadmium II,2.857246347203946e-07,kg,False
Lead II,3.67803069930443e-07,kg,False
"Occupation, industrial area",0.0071289717485622,m2*a,True
Selenium IV,1.0793962537525464e-07,kg,False
"BOD5, Biological Oxygen Demand",2.018207602113387e-06,kg,False
"Solids, inorganic",0.0005623039125397114,kg,False
Tin ion,5.853128510171281e-07,kg,False
Chloride,0.006102526882724551,kg,False
Copper ion,6.310824697981401e-06,kg,False
Uranium alpha,0.0008011997135759949,kBq,False
"Transformation, to mineral extraction site",0.0011581989092075645,m2,True
Uranium,4.936848763092874e-06,kg,True
Radon-222,2.6034660174138873,kBq,False
Radium-226,0.04492204442332234,kBq,False
Gangue,19.394529459621026,kg,True
"Suspended solids, unspecified",4.556504420790728e-05,kg,False
"Transformation, from industrial area",8.81028405271497e-07,m2,True
Molybdenum VI,1.1140288436296595e-06,kg,False
Sulfate,0.0034657251062253365,kg,False
Cadmium II,1.5408442418174867e-07,kg,False
Aluminium III,1.939300443351579e-05,kg,False
Nitrate,0.0003298630309573782,kg,False
Magnesium,0.00024518133847349876,kg,False
Lead II,2.048113207879571e-06,kg,False
Arsenic ion,8.159450814268086e-07,kg,False
Selenium IV,4.0325273970594547e-07,kg,False
Uranium alpha,4.833037419572016e-05,kBq,False
Ammonium,2.5161659046394954e-05,kg,False
"Occupation, mineral extraction site",0.038222251997639865,m2*a,True
Zinc II,4.088318144513095e-05,kg,False
Barium II,1.1161468042100535e-05,kg,False
Iron ion,4.110429207505146e-05,kg,False
Thorium-230,0.0017386358960313213,kBq,False
Vanadium V,5.394429749152951e-07,kg,False
Manganese II,1.2992295091564067e-06,kg,False
"Transformation, to unspecified",0.001399279271479563,m2,True
"Energy, solar, converted",0.036762406112771415,MJ,True
"Transformation, from pasture, man made",6.399628387684883e-05,m2,True
"Occupation, river, artificial",0.0018425523501061033,m2*a,True
"Transformation, from shrub land, sclerophyllous",3.2446775472799806e-05,m2,True
"Transformation, to river, artificial",2.099627308582032e-05,m2,True
Nitrobenzene,2.2724504762271248e-08,kg,False
Aniline,5.70469952836919e-09,kg,False
Chlorine,3.0353308557574472e-05,kg,False
Vinyl chloride,3.8167603161265806e-08,kg,False
"1,1,2-Trichloroethane",6.708877083989636e-10,kg,False
Zirconium-95,0.00022371699832198638,kBq,False
Niobium-95,0.0005481788878880993,kBq,False
"Hydrocarbons, unspecified",7.669037626428366e-06,kg,False
Technetium-99m,1.772363706886343e-06,kBq,False
Antimony-124,0.0004969615223705772,kBq,False
"Noble gases, radioactive, unspecified",28.45010031559415,kBq,False
Cobalt-58,0.00016099319219781954,kBq,False
Antimony-125,5.975066487506516e-06,kBq,False
Molybdenum-99,6.64212504758298e-08,kBq,False
Chromium-51,1.3892052275477953e-05,kBq,False
Zinc-65,4.1902092478200925e-05,kBq,False
Iodine-131,9.697887483886053e-05,kBq,False
Antimony-125,3.216373010711416e-09,kBq,False
Tritium,2.8242113980225483,kBq,False
Antimony-122,1.2425646161040805e-07,kBq,False
Cobalt-60,2.0151934579162043e-08,kBq,False
Ruthenium-103,4.0163280968898605e-08,kBq,False
Silver-110,4.302242531421816e-10,kBq,False
Strontium-89,1.447025190546676e-06,kBq,False
Water,0.0011015707846854137,m3,False
Barium-140,6.897552894017048e-08,kBq,False
Xenon-133,0.09848771332175581,kBq,False
Caesium-136,3.86239664961531e-08,kBq,False
Iodine-133,2.501623452775466e-07,kBq,False
Tellurium-132,1.1573444765039555e-08,kBq,False
Zirconium-95,8.003641945061288e-09,kBq,False
Krypton-85m,0.0019048966886325935,kBq,False
Tellurium-123m,2.447882746512541e-07,kBq,False
Cobalt-60,9.237423663718467e-05,kBq,False
Niobium-95,5.182630069470669e-07,kBq,False
Iodine-133,1.5094224983379465e-07,kBq,False
"Radioactive species, alpha emitters",2.739632545161068e-06,kBq,False
Carbon-14,5.481788145994791e-05,kBq,False
Lanthanum-140,2.3666253243283572e-07,kBq,False
Cerium-144,6.625178594714517e-08,kBq,False
Cobalt-57,1.2260703955362452e-06,kBq,False
Carbon-14,0.006358684275314118,kBq,False
Antimony-124,1.45339637321612e-10,kBq,False
"Aerosols, radioactive, unspecified",3.3275672151580404e-07,kBq,False
Manganese-54,4.581456681665308e-06,kBq,False
Caesium-137,1.4861161106166421e-08,kBq,False
Iron-59,0.00044712007578411766,kBq,False
Xenon-135,0.032389109468450424,kBq,False
Cerium-141,8.793505335790463e-08,kBq,False
Caesium-137,3.296469997590796e-05,kBq,False
Caesium-134,3.680303015829982e-06,kBq,False
Sodium-24,1.4180945836071754e-06,kBq,False
"Radioactive species, other beta emitters",1.4907302076634442e-08,kBq,False
Iodine-131,2.604917226655125e-05,kBq,False
Cobalt-58,3.00282601817964e-09,kBq,False
Strontium-90,0.0006339322181743903,kBq,False
Silver-110,4.91377605501521e-05,kBq,False
"Transformation, from dump site",1.5137165725063404e-05,m2,True
"Transformation, to forest, unspecified",3.2030190933526405e-05,m2,True
Vanadium V,7.416077232971232e-05,kg,False
"Transformation, from traffic area, road network",9.082352414985632e-06,m2,True
"Transformation, to traffic area, road network",2.3934580201743236e-05,m2,True
Silicon,0.055550004966597115,kg,False
"Transformation, to shrub land, sclerophyllous",2.3687934146988813e-05,m2,True
"Occupation, shrub land, sclerophyllous",0.00011843892849391596,m2*a,True
Hazardous waste disposed,15.246369064611864,kg,False
"Waste mass, total, placed in landfill",0.34184554120786165,kg,True
"Occupation, traffic area, road network",0.0037058669293756493,m2*a,True
Molybdenum VI,8.633016035534463e-05,kg,False
"Occupation, construction site",0.00030503166334783693,m2*a,True
"Transformation, to pasture, man made",1.044216538572582e-05,m2,True
Silicon,0.0002105115840706648,kg,False
Iron ion,0.15535502626748732,kg,False
Zinc II,8.052948435791382e-07,kg,False
Propylene,1.257309697233059e-06,kg,False
"Hydrocarbons, aliphatic, alkanes, cyclic",1.4835595306553723e-06,kg,False
"Particulate Matter, < 2.5 um",0.00023971753789138914,kg,False
Propylene oxide,7.962709479931232e-09,kg,False
"PAH, polycyclic aromatic hydrocarbons",2.2359242694822164e-07,kg,False
Methyl ethyl ketone,0.001860985497192489,kg,False
Heptane,2.955487221291547e-07,kg,False
Copper ion,3.8041001021714133e-07,kg,False
Ethane,1.2936924540838674e-06,kg,False
Nickel II,2.1982593042485085e-07,kg,False
Toluene,6.788160532344772e-07,kg,False
Benzene,2.015825852556301e-05,kg,False
Isohexane,1.993378908087752e-09,kg,False
Ethylene oxide,2.7002955756108145e-08,kg,False
1-Pentene,2.4522371088929113e-11,kg,False
o-Xylene,2.212782872930873e-10,kg,False
Pentane,2.6313422761339034e-06,kg,False
Ethylene,5.7133029856274245e-06,kg,False
Cadmium II,3.998783948349341e-09,kg,False
Propane,1.1140423042516956e-06,kg,False
Acetone,0.0005048405448928368,kg,False
m-Xylene,4.472671795999395e-08,kg,False
Acrolein,6.143022775963562e-10,kg,False
Chromium VI,2.7524016788739815e-09,kg,False
Formaldehyde,1.4252316328434838e-06,kg,False
Benzaldehyde,2.448786914771386e-10,kg,False
Butane,8.1780379823194e-07,kg,False
Selenium IV,1.43887102976994e-08,kg,False
Styrene,3.202106780559664e-07,kg,False
Hexane,4.4427073907466397e-07,kg,False
Acetaldehyde,6.420002521397003e-07,kg,False
Chromium III,3.3220075727356724e-08,kg,False
Ammonia,2.84570160637371e-05,kg,False
Lead II,1.257752355626002e-07,kg,False
Hydrogen,1.7029827721143338e-05,kg,False
Ethylene,1.3007801117024458e-10,kg,False
Lead II,5.711372159275896e-05,kg,False
Propane,1.4222692127941694e-05,kg,False
Arsenic ion,2.2350861253016432e-05,kg,False
"Dioxins, measured as 2,3,7,8-tetrachlorodibenzo-p-dioxin",1.5804816704671134e-12,kg,False
Propionic acid,6.895437163603948e-08,kg,False
Butane,2.129897363623731e-05,kg,False
Acenaphthene,4.8440027186772885e-09,kg,False
Beryllium II,1.5054440860979757e-08,kg,False
Hexane,1.0072803709575808e-05,kg,False
Manganese II,9.015008254364475e-06,kg,False
Acetaldehyde,1.0918837717071226e-06,kg,False
Formaldehyde,2.0731539429845952e-06,kg,False
Cobalt II,2.4614933732511035e-07,kg,False
Pentane,1.8008997606462825e-05,kg,False
Acetic acid,5.958307194793373e-07,kg,False
Toluene,2.0198639135574034e-06,kg,False
Ethane,2.342069838170067e-05,kg,False
Mercury II,2.3384786468637425e-07,kg,False
Scandium,8.481046682305541e-07,kg,False
Lead II,0.002289364071662748,kg,False
Cadmium II,5.833009859019479e-05,kg,False
Molybdenum VI,2.894077078453102e-06,kg,False
Vanadium V,8.448480083385565e-08,kg,False
Thallium I,1.7716820955636383e-08,kg,False
Antimony ion,3.403681046318381e-07,kg,False
Iodide,1.3637759458847858e-08,kg,False
Boron,5.261305468028152e-07,kg,False
Thallium I,8.541814161618544e-05,kg,False
Magnesium,0.0006122237106161813,kg,False
Potassium I,4.8003505830777324e-05,kg,False
Barium II,0.0032812922688056027,kg,False
Bromine,9.725897143433921e-06,kg,False
Aluminium III,0.00016014101343317795,kg,False
Phosphate,0.01069609045195119,kg,False
Mercury II,7.156646519736647e-09,kg,False
Cobalt II,2.29166866993747e-06,kg,False
Bromine,1.2689563110932637e-07,kg,False
Silicon,0.00010718250018480264,kg,False
Tungsten,1.7727800422240595e-05,kg,False
Beryllium II,2.6361230184834437e-05,kg,False
Copper ion,0.010616426550092747,kg,False
Iodide,1.188295555594889e-06,kg,False
Mercury II,5.09829425024369e-06,kg,False
Zinc II,1.829539861134585e-05,kg,False
Calcium II,0.06974655407805318,kg,False
Sodium I,0.02416788309231157,kg,False
Phosphate,0.0009677039579222528,kg,False
Tin ion,0.00041715227579951285,kg,False
Chromium VI,6.8937198416321e-05,kg,False
Nickel II,0.0004508696216785947,kg,False
Beryllium II,9.510014714913262e-08,kg,False
Zinc II,0.0029998655506804674,kg,False
Antimony ion,1.3247039895627534e-05,kg,False
Cobalt II,0.00022213773332759664,kg,False
Fluoride,1.9242808526219185e-05,kg,False
Chromium VI,2.969063324004143e-07,kg,False
Manganese II,0.0027845913957755485,kg,False
Chloride,0.004209488156084252,kg,False
Fluoride,0.006261219496338519,kg,False
Strontium II,6.742075907067774e-06,kg,False
Potassium I,0.01353626568532562,kg,False
Aluminium III,0.1803669621993646,kg,False
Titanium ion,0.0026766250827974275,kg,False
Arsenic ion,7.354654296873547e-05,kg,False
Magnesium,0.029907603098172277,kg,False
Strontium II,0.0016412415298478818,kg,False
Barium II,1.3783032889681486e-07,kg,False
Selenium IV,8.740192570491003e-06,kg,False
Scandium,0.00019836889493552996,kg,False
Boron,5.039572936033014e-05,kg,False
Tungsten,4.3406941608243893e-07,kg,False
Sodium I,0.00028971768127556324,kg,False
Sulfate,0.05745014176238157,kg,False
Calcium II,0.0011878156615274438,kg,False
Titanium ion,1.5894918175008762e-07,kg,False
"BOD5, Biological Oxygen Demand",0.005660650020395831,kg,False
Nitrate,0.00015027199241803168,kg,False
Titanium ion,3.70324040716348e-08,kg,False
Antimony ion,3.122288355929075e-06,kg,False
Magnesium,1.7525759056825649e-06,kg,False
"Heat, waste",0.22027177521159014,MJ,False
Silver I,0.0001345724222329299,kg,False
"TOC, Total Organic Carbon",0.02576625497864993,kg,False
Molybdenum VI,1.2201600034437928e-08,kg,False
Silver I,1.4853942365516713e-10,kg,False
"COD, Chemical Oxygen Demand",0.050367364934351684,kg,False
Aluminium III,1.7013797486883607e-06,kg,False
Nitrate,0.0008447865823996139,kg,False
Hydrochloric acid,0.0002343984862202501,kg,False
Nitrite,1.6467169791370637e-07,kg,False
"Nitrogen, organic bound",2.08283891761858e-05,kg,False
"Heat, waste",0.011708881598630106,MJ,False
"DOC, Dissolved Organic Carbon",0.02576625497864993,kg,False
Silicon,7.088779097416305e-07,kg,False
Barium II,5.594803028200132e-07,kg,False
Iron ion,1.2530787461102963e-07,kg,False
Ammonium,2.2680493786628665e-05,kg,False
Sodium I,1.2646984583866007e-07,kg,False
Nitrite,6.936035616918076e-07,kg,False
Thallium I,2.856067256355945e-12,kg,False
Strontium II,5.098160766229707e-07,kg,False
Hydrogen fluoride,2.661146125455289e-05,kg,False
"Organic carbon, placed in landfill",0.01380853759390384,kg,True
"Carbon dioxide, non-fossil",0.006822363405865541,kg,False
Ammonium,1.0821970145783502e-05,kg,False
Silver I,2.4139497470350558e-08,kg,False
Calcium II,1.4211381066285046e-06,kg,False
Hydrogen sulfide,0.0006324803095528738,kg,False
"Nitrogen, organic bound",4.945034167015594e-06,kg,False
Hydrogen sulfide,0.0005811380878551872,kg,False
Potassium I,7.830165323647774e-08,kg,False
Pentachlorobenzene,1.2255567590657727e-12,kg,False
Calcium II,0.0021417292463061124,kg,False
Phosphorus,1.875087975576864e-07,kg,False
Titanium ion,3.205452849416071e-07,kg,False
Water,0.0001358594302738672,m3,False
Phosphate,1.5171915666986642e-05,kg,False
Silicon,1.4323565586705334e-05,kg,False
Hexachlorobenzene,4.876588462651337e-13,kg,False
"Heat, waste",0.02418109489348489,MJ,False
Calcium II,3.7873016788386813e-06,kg,False
"Particulate Matter, > 2.5 um and < 10um",5.8597940897595643e-05,kg,False
Cyanide,2.0416292200834262e-07,kg,False
Titanium ion,3.6860909383142023e-07,kg,False
Iron ion,3.830030871644924e-06,kg,False
Pentachlorophenol,3.0590947304090075e-12,kg,False
Benzo(a)pyrene,2.534531268136483e-10,kg,False
"Carbon dioxide, non-fossil, resource correction",0.0022246045077399515,kg,True
"Carbon dioxide, non-fossil",0.042531782006492096,kg,False
"Carbon dioxide, to soil or biomass stock",6.501746930488866e-05,kg,False
"Carbon, organic, increase in soil or biomass stock",1.7987144381821002e-05,kg,True
"Transformation, to permanent crop",9.596071382893856e-06,m2,True
"Transformation, from arable land, unspecified use",0.00012585628892331147,m2,True
Ozone,9.841552748505436e-06,kg,False
"Aldehydes, unspecified",2.7937656589607845e-09,kg,False
Sulfide,5.185141627638812e-08,kg,False
"Particulate Matter, > 10 um",7.743594104952011e-05,kg,False
"Acidity, unspecified",7.636756152246449e-08,kg,False
Fluoride,8.542314186381292e-06,kg,False
Chromium III,3.750122584443894e-08,kg,False
"Oils, unspecified",1.6009989342866221e-06,kg,False
Nickel II,2.265207660865855e-06,kg,False
Dissolved solids,0.0002786400423507738,kg,False
Mercury II,4.734536093521031e-08,kg,False
Copper ion,5.4723340733342014e-06,kg,False
Thallium I,2.1010009576467735e-09,kg,False
Scandium,6.691002184688045e-09,kg,False
Chromium VI,1.2165378220143929e-06,kg,False
Potassium I,0.000985012779885224,kg,False
Silver I,7.90379548818876e-09,kg,False
Antimony ion,2.6006779603929785e-07,kg,False
Strontium II,4.439570599919631e-05,kg,False
Tin ion,1.716565362577632e-08,kg,False
Beryllium II,4.732626454322806e-10,kg,False
Tungsten,1.5749139971629706e-06,kg,False
Cobalt II,2.774312627358028e-07,kg,False
"Particulate Matter, > 2.5 um and < 10um",0.0014834551577859372,kg,False
"Energy, kinetic (in wind), converted",0.6636485556684872,MJ,True
"Water, salt, ocean",0.21668094980851896,m3,True
Hypochlorite,0.0007821821751657542,kg,False
Sodium I,0.0028891037499673665,kg,False
Argon,1.2229884835683614e-07,kg,False
Hexachlorobenzene,7.537985976032194e-11,kg,False
"Water, unspecified natural origin",0.0002870117738252924,m3,True
Polychlorinated biphenyls,6.914370423643208e-11,kg,False
"Hydrocarbons, aromatic",1.1879301084349949e-06,kg,False
Hydrochloric acid,4.336479740755553e-05,kg,False
Chromium VI,1.313474919829314e-10,kg,False
Polychlorinated biphenyls,8.498018868667627e-11,kg,False
Titanium ion,3.284675150500789e-08,kg,False
Platinum,1.3484823353886627e-11,kg,False
"Carbon monoxide, non-fossil",5.728660542519009e-05,kg,False
Arsenic ion,2.895889882114088e-08,kg,False
Boron,1.4792086683732953e-07,kg,False
Fluoride,7.714323200245147e-07,kg,False
Phosphorus,1.3241980218826307e-06,kg,False
Iron ion,4.3610534782235454e-05,kg,False
Strontium II,1.8998434620459964e-07,kg,False
Manganese II,8.580314064661306e-07,kg,False
Chromium III,2.786340144897036e-07,kg,False
Sodium I,3.3662653223831536e-05,kg,False
Carbon,0.00028854894053296094,kg,False
Barium II,7.251443097955775e-06,kg,False
Magnesium,1.4215569736771592e-05,kg,False
Potassium I,6.672976063095798e-06,kg,False
Sulfur,8.295733774575244e-05,kg,False
Chloride,6.120893049498777e-05,kg,False
Aluminium III,2.4583562927853547e-05,kg,False
Silicon,3.435860659298111e-05,kg,False
Arsenic ion,7.094481853202538e-09,kg,False
Calcium II,6.839732614581397e-05,kg,False
Zinc II,1.631674222222307e-06,kg,False
Isopropanol,1.3007346126923766e-07,kg,False
Protactinium-234,2.0535389558409835e-05,kBq,False
Uranium-238,8.089836764585011e-05,kBq,False
Protactinium-234,9.72168680870409e-06,kBq,False
Uranium-235,2.6519521871310768e-05,kBq,False
Thorium-234,9.722878375295651e-06,kBq,False
Uranium-238,0.00014416314966801777,kBq,False
Uranium-234,2.9982849850877675e-05,kBq,False
Radium-226,0.00018707587357511145,kBq,False
Thorium-230,1.5649144083647623e-05,kBq,False
Uranium-235,4.2429251599170206e-07,kBq,False
Thorium-234,2.0548126994388574e-05,kBq,False
Uranium-234,2.3767794307967634e-05,kBq,False
Boron,4.4203108999906284e-06,kg,False
"Carbon monoxide, non-fossil",3.575860165687879e-06,kg,False
Aluminium hydroxide,1.8633328110562162e-11,kg,False
"Transformation, to dump site, residual material landfill",7.301760443380495e-08,m2,True
Ethyl acetate,1.719710675478226e-05,kg,False
Ethyl acetate,4.1806112880896325e-07,kg,False
Oxygen,0.00043297094330993816,kg,False
Formic acid,2.3162441881328574e-08,kg,False
Methyl ethyl ketone,1.3639758648081931e-05,kg,False
Acetone,2.2155445457895546e-05,kg,False
Butane,1.2909367557432403e-05,kg,False
Acetic acid,2.7168262356511663e-06,kg,False
Acetone,1.8210562890501282e-06,kg,False
Methyl acetate,5.720818241846542e-07,kg,False
Methyl acetate,4.4641780470966816e-08,kg,False
Copper,0.03514837946347059,kg,True
Bromate,6.975693609884939e-07,kg,False
Fluorine,2.695980703024952e-08,kg,False
Hydrogen fluoride,1.70040167779682e-06,kg,False
"Hydrocarbons, chlorinated",4.2662477530525526e-08,kg,False
Dichloromethane,4.858873565712043e-09,kg,False
Ethylene dichloride,2.9682488252482364e-11,kg,False
Sulfate,2.358161882335135e-05,kg,False
Iron,0.054774010794182454,kg,True
Hydrogen sulfide,2.333248551283956e-07,kg,False
Granite,0.00420935172142555,kg,True
Shale,0.3787412063165793,kg,True
Aluminium,0.012830853565179559,kg,True
"Coal, brown",0.1566180826232291,kg,True
"Clay, unspecified",0.03723460489214272,kg,True
Manganese,0.0009781438009741062,kg,True
"Chlorinated solvents, unspecified",5.032742485490273e-08,kg,False
Gravel,0.23523358093322425,kg,True
Calcite,0.08733100649910111,kg,True
"Xylenes, unspecified",3.1095013653096936e-07,kg,False
Antimony ion,2.095159132609872e-09,kg,False
Titanium,0.0005760647811873066,kg,True
Sodium nitrate,2.1488791706774916e-06,kg,True
"Methane, non-fossil",3.679420398508747e-06,kg,False
Sylvite,0.0007114511812931584,kg,True
Mercury,2.766974287747379e-09,kg,True
"Hydrocarbons, aromatic",1.3207923217784725e-06,kg,False
Barium,0.0030596237403515106,kg,True
Lead,0.0010634781265806037,kg,True
"Sand, unspecified",0.020011210600244165,kg,True
Phosphorus,9.833419975084691e-06,kg,False
Carbon disulfide,7.926689257003813e-11,kg,False
Talc,9.085267950969469e-06,kg,True
Carbonate,3.540845604629864e-05,kg,False
Olivine,1.7485833276949593e-08,kg,True
"Carbon monoxide, non-fossil",8.459102180490106e-05,kg,False
"Clay, bentonite",0.0005670472544229011,kg,True
Vinyl chloride,3.9574669506477917e-10,kg,False
Sodium chloride,0.03693920098256962,kg,True
Feldspar,3.1493420556029927e-12,kg,True
"Gas, natural",0.19876243033028432,m3,True
Anhydrite,1.8307065369562904e-08,kg,True
"AOX, Adsorbable Organic Halides",4.5197983507264325e-05,kg,False
Dolomite,0.00187660793424718,kg,True
Ethyl benzene,2.1323347507384943e-07,kg,False
Fluorspar,0.003102669048841205,kg,True
Benzene,7.105844466505496e-05,kg,False
Peat,0.00034510859175221977,kg,True
Chlorine,6.434793674465813e-05,kg,False
Nitrogen,7.36204242333856e-05,kg,False
Cyanide,1.2414815992459224e-05,kg,False
Chromium,0.0015740532006640747,kg,True
Ethylene dichloride,2.7107623096966096e-09,kg,False
Sulfur,0.00783353393188232,kg,True
Nickel,0.0029965975940178225,kg,True
Chlorate,5.825588235354367e-06,kg,False
Vinyl chloride,1.39221042249129e-09,kg,False
Zinc,0.0047941941720029465,kg,True
"Oil, crude",0.12496606953025247,kg,True
Phosphorus,0.00041377435896069277,kg,True
"Energy, gross calorific value, in biomass",0.5210353313812561,MJ,True
Silver I,1.8444584294226746e-09,kg,False
"Wood, unspecified, standing",2.6732888627585533e-09,m3,True
Magnesite,0.0013011462894319092,kg,True
"Coal, hard",0.5549090940754882,kg,True
Ammonium carbonate,5.659033351571793e-08,kg,False
"Transformation, to heterogeneous, agricultural",0.00011590059065231026,m2,True
"Transformation, from mineral extraction site",0.000997549646521001,m2,True
Thorium-228,2.7944304156218443e-05,kBq,False
Cyanide,4.816207996595054e-07,kg,False
Radon-220,0.004367513943585505,kBq,False
Sulfate,6.273588595467e-08,kg,False
Potassium-40,0.0001918600874034684,kBq,False
Cumene,3.753956489572927e-10,kg,False
Chromium VI,1.9280574321306797e-07,kg,False
Vanadium V,3.5641003348433e-07,kg,False
"Hydrocarbons, aliphatic, unsaturated",1.4051488185744801e-06,kg,False
Ethyl benzene,8.161409140212709e-07,kg,False
"Hydrocarbons, chlorinated",1.39640182293091e-08,kg,False
Bromine,2.654891521427555e-06,kg,False
Dichloromethane,1.9982985148014084e-08,kg,False
Lead-210,0.0005776633613489323,kBq,False
Propylene,1.1698953634189635e-07,kg,False
Methylchloride,3.6535144174452823e-08,kg,False
Carbon disulfide,0.0003739120215884592,kg,False
"Xylenes, unspecified",5.992787469540504e-06,kg,False
Chloroform,6.755542114307732e-09,kg,False
"Hydrocarbons, aliphatic, alkanes, cyclic",3.988321324537437e-08,kg,False
Phenol,1.469493613951615e-06,kg,False
"Aldehydes, unspecified",6.779897594551213e-08,kg,False
Styrene,1.3051818499957145e-06,kg,False
"Actinides, radioactive, unspecified",0.00014295051400784573,kBq,False
"Hydrocarbons, aliphatic, alkanes, unspecified",1.660557638892725e-06,kg,False
Boron,5.921198744510033e-06,kg,False
Radium-228,5.006077677094963e-05,kBq,False
Thorium-232,5.0918703220956926e-05,kBq,False
Tetrachloroethylene,2.959829228960207e-09,kg,False
Iodine,1.3646841538682126e-06,kg,False
Polonium-210,0.0010215255943837609,kBq,False
"1,1,1-Trichloroethane",1.379472542352457e-09,kg,False
Acrolein,2.0443034236885036e-08,kg,False
Ethylene dichloride,2.750858314863377e-09,kg,False
Furan,1.008587312695012e-07,kg,False
Vanadium V,6.51952510816495e-07,kg,False
Cobalt II,2.537974490009802e-08,kg,False
Ethanol,2.750958108774792e-07,kg,False
Molybdenum VI,9.348401689948034e-09,kg,False
"Hydrocarbons, aliphatic, alkanes, unspecified",7.88171837854267e-05,kg,False
Manganese II,1.1470711881213773e-07,kg,False
Hypochlorite,1.7158913632876936e-07,kg,False
Sulfite,9.889242315218217e-07,kg,False
Acetic acid,6.884095553955534e-07,kg,False
Sodium I,1.3332558703836854e-06,kg,False
Beryllium II,1.0834123933413835e-09,kg,False
"Hydrocarbons, aliphatic, unsaturated",1.637723207743885e-06,kg,False
Methanol,3.924227029293207e-07,kg,False
Copper ion,7.723709722863611e-07,kg,False
Scandium,2.7187091161061723e-11,kg,False
Phosphorus,3.961706739679459e-09,kg,False
Silver I,2.597624222060731e-09,kg,False
Bromine,3.958218663499434e-08,kg,False
Scandium,1.4503047611833072e-11,kg,False
Vanadium V,1.318714511914228e-07,kg,False
Antimony ion,3.128305323865148e-08,kg,False
Polychlorinated biphenyls,2.7650154776332576e-10,kg,False
"Heat, waste",0.06558819354477055,MJ,False
Thallium I,2.7061221598948415e-10,kg,False
Cadmium II,4.976396391861452e-08,kg,False
Mercury II,1.2189891779781768e-09,kg,False
Titanium ion,5.413638877219818e-07,kg,False
Selenium IV,1.7763403484474312e-09,kg,False
Beryllium II,3.211022101710809e-10,kg,False
Tungsten,7.075571411044809e-11,kg,False
Nitrogen,2.0270804189822473e-06,kg,False
Nickel II,1.1182539565100913e-07,kg,False
"Dioxins, measured as 2,3,7,8-tetrachlorodibenzo-p-dioxin",1.6985762430951463e-13,kg,False
Tin ion,1.0503672713494629e-07,kg,False
Molybdenum VI,1.8794697729058296e-09,kg,False
Cobalt II,1.6946077871277174e-08,kg,False
Lead II,6.523153224969162e-07,kg,False
Tin ion,2.8271792442043534e-06,kg,False
Zinc II,5.660668848202745e-12,kg,False
"Particulate Matter, < 2.5 um",8.945028395012762e-11,kg,False
Cadmium II,5.660668848202744e-15,kg,False
"Carbon monoxide, fossil",1.1670675948038127e-09,kg,False
Sulfur dioxide,4.753063094317783e-10,kg,False
Nickel II,3.952198738323487e-14,kg,False
Chromium III,2.829981551100892e-14,kg,False
Water,4.329851289960762e-12,m3,False
Selenium IV,5.660668848202744e-15,kg,False
Mercury II,3.9521987383234866e-17,kg,False
"NMVOC, non-methane volatile organic compounds",9.793124048001276e-11,kg,False
Copper ion,9.520775383736371e-13,kg,False
"Carbon dioxide, fossil",1.7626327110944669e-06,kg,False
Nitrogen oxides,8.867997258698802e-09,kg,False
Lead II,1.1313202414643253e-11,kg,False
"1,1,1,2-Tetrafluoroethane",1.1047145371419396e-09,kg,False
Ethanol,2.7285260576282203e-07,kg,False
"Nitrogen, organic bound",2.177582421904392e-08,kg,False
Propylene,1.659463981518886e-06,kg,False
Ethylene,2.222558879931998e-06,kg,False
Formaldehyde,9.650077696120091e-09,kg,False
"Occupation, urban/industrial fallow (non-use)",2.4674372932086945e-06,m2*a,True
"Transformation, to urban/industrial fallow (non-use)",5.8825425541179196e-08,m2,True
Acetaldehyde,1.0712593863041817e-09,kg,False
Bromine,2.9643487521109563e-05,kg,False
Tin ion,2.580728801124191e-09,kg,False
Bromine,1.4939813308221276e-07,kg,False
Potassium I,9.658647811808673e-06,kg,False
Magnesium,3.3195946225260847e-06,kg,False
"Energy, geothermal, converted",0.141978140755966,MJ,True
Napropamide,7.573827871764145e-12,kg,False
Tebutam,2.0234475029705338e-11,kg,False
"Carbon dioxide, in air",0.04701387334625476,kg,True
Metaldehyde,6.534765265238208e-12,kg,False
Cypermethrin,2.3872976725883015e-09,kg,False
Copper ion,9.274784870603581e-08,kg,False
Carbetamide,7.267415105724309e-12,kg,False
Mercury II,1.0154612736288833e-10,kg,False
Nickel II,1.2139038640299898e-08,kg,False
"Transformation, from annual crop, non-irrigated",2.278256260149722e-05,m2,True
"Transformation, to annual crop, non-irrigated",2.278219196067166e-05,m2,True
"Transformation, from pasture, man made, intensive",2.2928260219149908e-07,m2,True
"Occupation, annual crop, non-irrigated",1.568651702780049e-05,m2*a,True
Chromium III,2.8827802550359196e-08,kg,False
"Oils, unspecified",0.00011291906062412597,kg,False
"COD, Chemical Oxygen Demand",0.0003584475166457648,kg,False
Nitrogen,4.196149918491961e-06,kg,False
"DOC, Dissolved Organic Carbon",0.0013822877992933046,kg,False
"TOC, Total Organic Carbon",0.00029323669808899204,kg,False
"AOX, Adsorbable Organic Halides",4.4108063818810114e-10,kg,False
Trifluoromethane,7.29443787891058e-09,kg,False
Bromotrifluoromethane,9.564998388415245e-10,kg,False
Sulfur,2.669839075473937e-09,kg,False
"BOD5, Biological Oxygen Demand",0.0003780514484542029,kg,False
Nitrogen,0.03129139628469982,kg,True
Nitrogen,0.009811807858512798,kg,False
Sodium hydroxide,2.590386769584068e-09,kg,False
Hydrogen peroxide,8.671746030697885e-10,kg,False
Sulfuric acid,5.892366659618757e-10,kg,False
"Transformation, to annual crop",0.0003038736297193893,m2,True
"Occupation, annual crop",0.00015150384015950015,m2*a,True
"Transformation, from annual crop",0.00032585267299226625,m2,True
Ethofumesate,1.363302859058383e-11,kg,False
Difenoconazole,2.2502993264700567e-10,kg,False
"Transformation, to arable land, unspecified use",0.00012926895602490237,m2,True
Lenacil,8.353112732383396e-14,kg,False
Desmedipham,1.531627669545134e-13,kg,False
Fenpropimorph,2.359784681492221e-12,kg,False
Fenpropidin,1.420597938252176e-12,kg,False
Glyphosate,1.2573195031954184e-07,kg,False
Kresoxim-methyl,4.887588626339075e-13,kg,False
Fenoxaprop-P ethyl ester,5.102011030951253e-14,kg,False
Water,0.0015804079587908987,m3,False
Epoxiconazole,1.1236314398026416e-11,kg,False
Metamitron,4.291758490622586e-12,kg,False
Phenmedipham,5.11626366792619e-13,kg,False
Butadiene,8.53232838378497e-08,kg,False
Fluorene,2.0445571343259936e-12,kg,False
Benzo(ghi)perylene,5.465946205576542e-15,kg,False
Acenaphthylene,5.768279825881969e-12,kg,False
Chrysene,9.380011512144783e-15,kg,False
Benz(a)anthracene,7.396838801466157e-14,kg,False
"Indeno(1,2,3-cd)pyrene",1.6682670939258007e-14,kg,False
Benzo(b)fluoranthene,8.728969733367079e-14,kg,False
Ethane,4.3608456925317055e-07,kg,False
"2,2,4-Trimethylpentane",5.978090828420211e-13,kg,False
Ethyl benzene,2.84906774914313e-10,kg,False
Benzo(k)fluoranthene,6.312245103956151e-14,kg,False
Naphthalene,1.5790213975445023e-10,kg,False
Acenaphthene,2.3123843841092853e-10,kg,False
Acetaldehyde,1.4115056887581117e-06,kg,False
Acrolein,1.1471020363141799e-07,kg,False
Anthracene,2.422169758995415e-16,kg,False
Fluoranthene,9.877131258255596e-13,kg,False
Propanal,6.363182270120468e-11,kg,False
Hexane,4.0159587458620643e-10,kg,False
Phenanthrene,1.6351671683945228e-11,kg,False
Styrene,2.2886718369265272e-08,kg,False
Pyrene,7.157571090582724e-13,kg,False
"Dibenz(a,h)anthracene",4.2324592566900333e-14,kg,False
"Occupation, bare area (non-use)",5.706778327880457e-07,m2*a,True
Nitrite,6.808683675391156e-09,kg,False
Propionic acid,1.8168332412710726e-08,kg,False
Heptane,1.1949155561635605e-08,kg,False
o-Xylene,1.4657496847084553e-08,kg,False
Pentane,3.884363299210466e-07,kg,False
Benzaldehyde,5.0193197661060456e-08,kg,False
m-Xylene,3.7000184757153096e-08,kg,False
Propane,5.720810497623363e-06,kg,False
Zirconium,8.984233791355539e-10,kg,False
Uranium,1.888069527406637e-12,kg,False
Thorium,7.423725271754594e-11,kg,False
"Water, lake",0.00031429772126195907,m3,True
Dichlorodifluoromethane,8.547531897495662e-09,kg,False
"Heat, waste",0.003636614094637731,MJ,False
Boron,1.1866113909990305e-08,kg,False
Tetrafluoromethane,1.3039897028018362e-06,kg,False
Hexafluoroethane,4.44774547464837e-08,kg,False
Sulfur,4.131312605552757e-06,kg,False
Antimony ion,8.514035278951502e-10,kg,False
Barium II,1.1360296625877583e-07,kg,False
Beryllium II,6.371546515690638e-11,kg,False
Strontium II,7.758280477857097e-08,kg,False
Manganese II,2.181194579756827e-06,kg,False
Arsenic ion,3.2038363997627308e-09,kg,False
Selenium IV,1.131349100409027e-09,kg,False
Cobalt II,4.177632370912169e-09,kg,False
Tin ion,5.6403018340906e-09,kg,False
Phthalic anhydride,8.293562745295833e-10,kg,False
o-Xylene,6.2887896797013534e-09,kg,False
Tungsten,2.181555631753393e-12,kg,False
Sodium I,9.021008887717581e-07,kg,False
Silver I,2.6123473875944745e-09,kg,False
Vanadium V,1.2889442274498746e-08,kg,False
Silicon,9.22876986412362e-06,kg,False
Thallium I,6.903868722078257e-11,kg,False
Aluminium III,2.231295139224874e-06,kg,False
Molybdenum VI,2.235941727465569e-09,kg,False
Calcium II,4.683575525407633e-05,kg,False
Iron ion,1.0455062019774057e-05,kg,False
Tungsten,4.298383208732936e-10,kg,False
Potassium I,5.765789796854734e-06,kg,False
Magnesium,3.8010092263350116e-06,kg,False
Titanium ion,1.5967917185945495e-07,kg,False
Scandium,1.1981950343635575e-09,kg,False
Ethylene dichloride,5.112227713769093e-08,kg,False
Ethylene dichloride,1.9937146118656585e-10,kg,False
Aluminium III,8.973554437836097e-06,kg,False
Hydrogen cyanide,5.209222410492903e-06,kg,False
Tributyltin compounds,1.0354020433464963e-10,kg,False
Copper ion,2.0659644395389615e-05,kg,False
"Fungicides, unspecified",6.787971012621207e-11,kg,False
"Hydrocarbons, unspecified",3.4717258229486795e-07,kg,False
Thiocyanate,1.1313272840307382e-11,kg,False
"Oils, unspecified",1.47633835158818e-05,kg,False
Propanol,1.5153421340750776e-11,kg,False
Chloroacetic acid,2.083679943656258e-09,kg,False
Propanol,3.7058325220045106e-10,kg,False
Acetic acid,4.0063037321936075e-08,kg,False
Chloroacetic acid,2.853311020451535e-10,kg,False
Chloramine,5.836954734872005e-10,kg,False
Bromide,9.223045927518227e-08,kg,False
Bromine,1.0089235142138072e-07,kg,True
Sulfur,9.349180411890197e-05,kg,False
Propyl amine,1.9619375525559984e-12,kg,False
"Water, salt, sole",2.630780811562424e-06,m3,True
Ethylene oxide,1.905293207586038e-08,kg,False
Chloramine,6.532904701881627e-11,kg,False
Propyl amine,4.708707027283414e-12,kg,False
Sodium I,7.984948538602243e-08,kg,False
Pentachlorophenol,3.932880183371028e-11,kg,False
Phosphorus,2.9626192953968847e-09,kg,False
Bromine,7.779386411000439e-09,kg,False
Magnesium,3.633837898192028e-09,kg,False
Potassium I,2.2274892592439283e-07,kg,False
Fluorine,1.905854241491988e-08,kg,False
"Methane, non-fossil",2.798021276410288e-07,kg,False
Calcium II,1.266313925996783e-07,kg,False
"Hydrocarbons, aliphatic, unsaturated",3.0770892232625135e-08,kg,False
"Hydrocarbons, aliphatic, alkanes, unspecified",3.4045289136147138e-06,kg,False
Methanol,3.828784391847901e-08,kg,False
Toluene,7.453352100011618e-07,kg,False
Acetone,6.951547441901793e-05,kg,False
Bromochlorodifluoromethane,1.4349525222519108e-10,kg,False
Methanol,7.652609889514215e-08,kg,False
Thorium,1.5889301224358392e-09,kg,False
Sulfur oxides,0.00017617177907017134,kg,False
Lead-210,6.261870814913813e-05,kBq,False
Isopropanol,2.6515721983948177e-11,kg,False
Thorium-228,5.587035903811201e-06,kBq,False
4-Methyl-2-pentanol,8.083671947190681e-17,kg,False
Strontium II,1.8051021795712906e-07,kg,False
Propanal,1.2086001216819715e-09,kg,False
Propanol,1.6733265510328567e-15,kg,False
Hydrogen sulfide,9.52617983982878e-06,kg,False
Methyl ethyl ketone,6.944351072322789e-12,kg,False
Barium II,1.3236224104731143e-07,kg,False
m-Xylene,8.021490644389229e-12,kg,False
Sulfuric acid,3.3070993009062327e-09,kg,False
Thallium I,1.3249635209027002e-09,kg,False
Fluorine,1.662392210764002e-06,kg,False
Radon-220,0.00012784824326963435,kBq,False
Scandium,1.0564325983650947e-09,kg,False
Potassium-40,1.7157212613371816e-05,kBq,False
Uranium-238,1.3481760896773293e-05,kBq,False
Pentachlorophenol,1.7089268766403575e-09,kg,False
"Hydrocarbons, aromatic",7.555150044352563e-09,kg,False
Polonium-210,0.00011462433055560107,kBq,False
Radon-222,7.235521783032357e-05,kBq,False
Radium-226,1.619370364839901e-05,kBq,False
Uranium,2.1153195273495e-09,kg,False
Hydrogen sulfide,6.2752480865401084e-09,kg,False
Radium-228,5.625501480020398e-05,kBq,False
Thorium-232,4.469437512056796e-06,kBq,False
Methyl isobutyl ketone,5.794833411581971e-13,kg,False
Acetone,4.311612738154505e-08,kg,False
Hexachlorobenzene,5.974132312584503e-15,kg,False
Chlorine,2.841136705171018e-08,kg,False
Boron,5.411173441426808e-07,kg,False
Acetylene,4.2641683638944943e-07,kg,False
Iodine,6.681860276207759e-08,kg,False
"PAH, polycyclic aromatic hydrocarbons",1.7440557111462684e-07,kg,False
Glyphosate,3.3214097063936545e-11,kg,False
Teflubenzuron,2.141686029570438e-10,kg,False
"Occupation, annual crop, non-irrigated, intensive",0.00018645654067594493,m2*a,True
Tebuconazole,2.9002217075199625e-13,kg,False
Atrazine,1.0518445417735313e-08,kg,False
"Transformation, from annual crop, non-irrigated, intensive",2.4576258738057167e-05,m2,True
Atrazine,6.972912413155368e-13,kg,False
Trifloxystrobin,3.27345273710773e-10,kg,False
Methomyl,6.04225328315227e-10,kg,False
Teflubenzuron,2.8322209099362393e-12,kg,False
Atrazine,3.812636415689603e-13,kg,False
Methomyl,6.777232155573995e-12,kg,False
Tebuconazole,4.9870852602529886e-11,kg,False
Glyphosate,8.248319836959241e-10,kg,False
Trifloxystrobin,2.0620993128474782e-10,kg,False
"Transformation, to annual crop, non-irrigated, intensive",7.485349226743197e-05,m2,True
Tebuconazole,1.109386121910118e-10,kg,False
Methomyl,9.837974720742425e-14,kg,False
Methomyl,7.136689669017632e-12,kg,False
Trifloxystrobin,1.1564819869732979e-11,kg,False
Teflubenzuron,1.2311055762542954e-13,kg,False
Trifloxystrobin,3.699051459276495e-13,kg,False
Tebuconazole,7.158636352614849e-13,kg,False
Trifloxystrobin,1.0293252013931983e-13,kg,False
Glyphosate,2.5930783871904195e-11,kg,False
Atrazine,3.1031979378961116e-14,kg,False
Tebuconazole,3.371867750214081e-12,kg,False
Teflubenzuron,5.2303130009215484e-11,kg,False
Atrazine,1.5534331867497783e-11,kg,False
Methomyl,1.1543820360968215e-10,kg,False
"Hydrocarbons, unspecified",4.291483915962087e-08,kg,False
Glyphosate,1.1355754614722679e-08,kg,False
"Transformation, from dump site, sanitary landfill",3.236439790513941e-06,m2,True
"Transformation, to dump site, sanitary landfill",3.236439790513941e-06,m2,True
Sodium sulfate,5.153422589874801e-05,kg,True
"Carbon, organic, decrease in soil or biomass stock",4.249241991513905e-05,kg,True
Propylene,6.557906540375172e-06,kg,False
o-Chlorotoluene,4.2544076417774316e-10,kg,False
o-Chlorotoluene,1.8781679545773176e-10,kg,False
Butanol,1.9127929386845846e-10,kg,False
Propionic acid,2.1536840023533905e-10,kg,False
Butanol,2.2097375433134464e-10,kg,False
"Hydrocarbons, chlorinated",6.318914685604781e-08,kg,False
Iron ion,3.0741075506088977e-06,kg,False
"Occupation, permanent crop, irrigated",6.407137738470778e-05,m2*a,True
"Transformation, from permanent crop, irrigated",1.1342351607057494e-05,m2,True
"Transformation, to permanent crop, irrigated",1.1342351607057494e-05,m2,True
"VOC, volatile organic compounds",4.416955726522992e-05,kg,False
"Transformation, from grassland, natural (non-use)",1.9942684460734354e-06,m2,True
"Hydrocarbons, unspecified",3.538596624809327e-07,kg,False
"Solids, inorganic",5.374978713893545e-07,kg,False
"Transformation, to annual crop, irrigated, intensive",9.823530143075667e-08,m2,True
Dicamba,2.3516754768969326e-10,kg,False
Prosulfuron,5.8719640637078e-14,kg,False
"2,4-D",1.3153623274161512e-08,kg,False
Metsulfuron-methyl,2.635527557370653e-11,kg,False
Metolachlor,2.0819899531708196e-09,kg,False
"Occupation, annual crop, irrigated, intensive",9.28759834643769e-08,m2*a,True
Phosphorus,9.423582564554367e-10,kg,False
Dimethenamide,1.363243287681239e-11,kg,False
Alachlor,1.5666498705009688e-11,kg,False
Terbufos,7.277357988300732e-12,kg,False
Chlorpyrifos,7.45725322008373e-09,kg,False
"Oils, unspecified",2.2031315888368846e-06,kg,False
Argon,0.0004083454111386895,kg,True
Dimethachlor,4.941339756339791e-16,kg,False
Chlorpyrifos,1.70066149066279e-11,kg,False
Sulfur,5.4215491570658747e-14,kg,False
Asulam,5.123710888653602e-16,kg,False
Dimethachlor,1.703910260806823e-17,kg,False
Lambda-cyhalothrin,8.383254918869665e-19,kg,False
"2,4-D",4.584559847728809e-11,kg,False
Sulfur,2.647008723048198e-16,kg,False
Metazachlor,4.858923505957792e-18,kg,False
Paclobutrazol,3.3059027991512202e-15,kg,False
Indoxacarb,2.1036151224522854e-13,kg,False
Pymetrozine,4.166366310333819e-19,kg,False
Picloram,2.0152419193405184e-20,kg,False
Pyridate,1.3011453261829045e-19,kg,False
Thiram,7.402161475096516e-12,kg,False
Bifenthrin,5.645800291486778e-13,kg,False
"Herbicides, unspecified",2.5599452694932586e-17,kg,False
Chlorpyrifos methyl,1.4887516980267153e-17,kg,False
Quizalofop-P,1.0532491838996164e-15,kg,False
Cycloxydim,4.8573923185642957e-17,kg,False
"2,4-D",1.0312554589637826e-15,kg,False
Picloram,2.0141924339199492e-16,kg,False
Mepiquat chloride,2.902353977117908e-13,kg,False
Pronamide,6.808012918815557e-19,kg,False
Lambda-cyhalothrin,5.494858906143314e-11,kg,False
Kaolin,9.433448179409376e-13,kg,False
Imazamox,1.4420047738782667e-15,kg,False
Cycloxydim,9.330423424565201e-13,kg,False
Acetamiprid,5.1702983568152277e-11,kg,False
Clopyralid,5.404761125631425e-18,kg,False
Cyproconazole,6.94158788413445e-11,kg,False
Imazamox,4.972430254752624e-17,kg,False
Fluazifop-P-butyl,9.656991272995466e-16,kg,False
Metaldehyde,6.53528636476231e-17,kg,False
Clomazone,1.3414616241670236e-15,kg,False
"2,4-D",1.171758454907497e-09,kg,False
Asulam,4.385825789216584e-21,kg,False
Pethoxamid,1.717310314808368e-14,kg,False
Pethoxamid,5.92175970623577e-16,kg,False
Alpha-cypermethrin,2.5921310386891874e-13,kg,False
Fluopyram,8.90679465596657e-14,kg,False
Azoxystrobin,1.2688548439967829e-17,kg,False
Bifenthrin,2.4509544484829866e-19,kg,False
Metconazole,1.9270481036145708e-13,kg,False
Prothioconazole,9.399452840734857e-12,kg,False
Dimethenamid-P,3.724160925781475e-11,kg,False
Pymetrozine,1.2082462299968054e-17,kg,False
Thiacloprid,5.991821544064435e-14,kg,False
Mepiquat chloride,4.3364868105213685e-18,kg,False
Tepraloxydim,1.0705360259545355e-13,kg,False
Acetamiprid,4.798372456431346e-12,kg,False
Terbuthylazin,3.638465460596836e-17,kg,False
Haloxyfop-P,8.718497791236095e-15,kg,False
Dicamba,1.0891648155166217e-17,kg,False
Quinmerac,3.843558960697689e-15,kg,False
Fluopyram,1.3794550311054296e-18,kg,False
Metazachlor,1.4090878167277568e-16,kg,False
Spinosad,6.717449717081445e-17,kg,False
Indoxacarb,4.527286203844268e-20,kg,False
Alpha-cypermethrin,9.127252212191395e-12,kg,False
Deltamethrin,8.907470167076003e-16,kg,False
Pronamide,7.823095201903312e-14,kg,False
Alpha-cypermethrin,5.7339858386106556e-18,kg,False
Haloxyfop-P,7.585551906268628e-16,kg,False
Cycloxydim,1.0339176764158916e-13,kg,False
Metconazole,7.235704436963851e-19,kg,False
Haloxyfop-P,7.592267369284787e-20,kg,False
Chlorpyrifos,4.876931650630057e-17,kg,False
Terbuthylazin,1.0551549835730846e-15,kg,False
Terbuthylazin,3.493533127707035e-10,kg,False
Acetamiprid,1.2191852463549518e-19,kg,False
Deltamethrin,3.628081216480474e-19,kg,False
Azoxystrobin,2.1479385726538408e-10,kg,False
Clopyralid,2.1698290461350586e-15,kg,False
Kaolin,4.449421987302275e-16,kg,False
Metconazole,2.0983542867195074e-17,kg,False
Dimethachlor,1.0813148294788446e-13,kg,False
Deltamethrin,1.0521435527793405e-17,kg,False
Clethodim,1.2404883891075079e-08,kg,False
Pyridate,1.3004677236396195e-15,kg,False
Indoxacarb,4.560980123372678e-15,kg,False
Metconazole,4.290411014217627e-15,kg,False
Dimethenamid-P,6.080115715972468e-13,kg,False
Asulam,4.9490753211209725e-17,kg,False
Dimethachlor,1.092288094167822e-12,kg,False
Pyridate,1.4951475385876977e-14,kg,False
Clethodim,3.3930004320556e-10,kg,False
S-Metolachlor,1.3854035144429463e-10,kg,False
Napropamide,1.0108699166213231e-16,kg,False
Azoxystrobin,1.0117120844912421e-11,kg,False
Cycloxydim,1.4086437723836488e-15,kg,False
Alpha-cypermethrin,2.0418717132885397e-11,kg,False
Etofenprox,2.3828492716587575e-14,kg,False
Pronamide,6.804467483286056e-15,kg,False
Tebuconazole,3.704449378601032e-17,kg,False
Spinosad,1.8241876219072482e-14,kg,False
Difenoconazole,2.527143773207471e-17,kg,False
Spinosad,2.316361971407388e-18,kg,False
Thiacloprid,1.0953028739054896e-18,kg,False
Fluazifop-P-butyl,1.0494543776907043e-11,kg,False
Cyproconazole,7.357510152867357e-11,kg,False
Pymetrozine,2.9801361901022177e-15,kg,False
Clomazone,1.2899061892322736e-13,kg,False
Indoxacarb,1.4132147380904134e-12,kg,False
Boscalid,1.459910215353452e-16,kg,False
S-Metolachlor,1.368925404895815e-15,kg,False
Picoxystrobin,6.974652448294877e-13,kg,False
Pyridate,3.7733214459304005e-18,kg,False
Kaolin,1.5342834438973388e-17,kg,False
Pronamide,1.9743237464565173e-17,kg,False
"Herbicides, unspecified",5.89936083836552e-12,kg,False
Quizalofop-P,1.122817544533376e-19,kg,False
Paclobutrazol,1.6183662274803337e-17,kg,False
Pethoxamid,6.00219629539646e-12,kg,False
Paclobutrazol,5.580573198208053e-19,kg,False
Quinmerac,3.3595233216537506e-16,kg,False
Paclobutrazol,2.9736383472766444e-14,kg,False
S-Metolachlor,2.057706015663556e-13,kg,False
Tepraloxydim,1.6269091430025715e-16,kg,False
Lambda-cyhalothrin,1.050411531072786e-10,kg,False
Clopyralid,4.796203425030963e-13,kg,False
Cyproconazole,2.3168276331658234e-19,kg,False
Bifenthrin,2.8054883063082794e-11,kg,False
Acetamiprid,5.2464524236207356e-11,kg,False
Etofenprox,1.2968365134113932e-17,kg,False
Dimethenamid-P,1.5957506837473837e-14,kg,False
Thiacloprid,3.176378334325919e-17,kg,False
Picloram,2.4755971930419647e-15,kg,False
S-Metolachlor,4.720432430675235e-17,kg,False
Metaldehyde,2.9160970005509004e-13,kg,False
Difenoconazole,4.169806437802202e-13,kg,False
Clethodim,4.562326891724123e-17,kg,False
Cypermethrin,4.6018389251051905e-20,kg,False
Pethoxamid,6.688846193905736e-13,kg,False
Thiacloprid,6.661230502984608e-15,kg,False
Prothioconazole,1.5467377729909054e-10,kg,False
Kaolin,1.0486723366378939e-13,kg,False
Cypermethrin,4.742561684896771e-12,kg,False
Chlorpyrifos methyl,3.044584459977949e-15,kg,False
Metazachlor,4.856393105349183e-14,kg,False
Prothioconazole,1.702666015063382e-10,kg,False
Deltamethrin,1.43801435667438e-14,kg,False
Clomazone,2.013539355739145e-12,kg,False
Thiram,9.484906719527046e-11,kg,False
Asulam,1.2718894788728078e-19,kg,False
Thiram,1.6718525293664872e-12,kg,False
Metazachlor,8.0535800389934e-13,kg,False
Clomazone,4.625729738506952e-17,kg,False
Fluazifop-P-butyl,8.175858293433597e-14,kg,False
Boscalid,3.838706522086021e-13,kg,False
Clethodim,1.1093759056078318e-07,kg,False
Etofenprox,4.471850046246172e-19,kg,False
Chlorpyrifos,2.2821080491367615e-10,kg,False
"Herbicides, unspecified",7.009119764409974e-18,kg,False
Quinmerac,3.38126524415041e-20,kg,False
Haloxyfop-P,2.201757537092596e-18,kg,False
Glyphosate,1.3496098927494377e-14,kg,False
Terbuthylazin,2.416093056350838e-13,kg,False
Tepraloxydim,1.188313734344678e-14,kg,False
Cyproconazole,4.016967202402809e-12,kg,False
Picoxystrobin,1.5936865774162228e-10,kg,False
Imazamox,1.15699250391755e-11,kg,False
Metaldehyde,1.8952330457810733e-15,kg,False
Chlorpyrifos methyl,6.334714937297351e-10,kg,False
Boscalid,3.7625603705892784e-14,kg,False
Fluazifop-P-butyl,3.329996990688086e-17,kg,False
Napropamide,2.93152275820184e-15,kg,False
Picoxystrobin,4.692505263709408e-20,kg,False
Picloram,5.844201566087493e-19,kg,False
Dicamba,7.823617289299743e-14,kg,False
Cypermethrin,3.9353088404128235e-13,kg,False
Fluopyram,8.17185740902065e-15,kg,False
Pymetrozine,4.439023761055287e-11,kg,False
Prothioconazole,3.4812616287915496e-18,kg,False
Difenoconazole,9.590425646494736e-12,kg,False
Quizalofop-P,3.2561708791467804e-18,kg,False
Bifenthrin,1.892792626342299e-11,kg,False
Imazamox,1.0479493153832179e-13,kg,False
Quinmerac,9.805669208036182e-19,kg,False
Spinosad,1.0938903553500605e-12,kg,False
Napropamide,2.9558995683940287e-13,kg,False
Mepiquat chloride,2.6634194665999957e-14,kg,False
Clopyralid,2.4270967271154945e-17,kg,False
Dimethenamid-P,5.502588564646174e-16,kg,False
Picoxystrobin,3.8487953193349486e-16,kg,False
"Herbicides, unspecified",5.651077833999789e-15,kg,False
Quizalofop-P,1.7982923284875123e-14,kg,False
Lambda-cyhalothrin,3.4260733507437433e-12,kg,False
Mepiquat chloride,1.257581175051196e-16,kg,False
Azoxystrobin,1.6690293962749923e-09,kg,False
Etofenprox,2.6491009185251506e-15,kg,False
Chlorpyrifos methyl,5.133626544919711e-19,kg,False
Boscalid,5.034173156391204e-18,kg,False
Dicamba,1.832638865001901e-16,kg,False
Tepraloxydim,5.6100315275950765e-18,kg,False
Thiram,5.913190143796617e-20,kg,False
Fluopyram,4.0004195902057527e-17,kg,False
"Oils, unspecified",0.0014204935371669768,kg,False
"Nitrogen, organic bound",2.101132893274596e-05,kg,False
Lead II,6.59624565815265e-08,kg,False
Arsenic ion,8.296802223647406e-08,kg,False
Nickel II,4.790421213613818e-06,kg,False
Zinc II,0.0001275231966067871,kg,False
tert-Butanol,8.712396616010265e-10,kg,False
Propylene oxide,1.3140306552072924e-08,kg,False
Isobutane,1.1657779950574823e-07,kg,False
tert-Butanol,5.033829155917048e-08,kg,False
Fluorine,1.3593303776685387e-07,kg,False
Oxygen,0.00016683426214952212,kg,False
Hydrogen,2.8128962170144112e-05,kg,False
Sulfur dichloride,8.224072770607174e-15,kg,False
Krypton-89,0.00012433644395572893,kBq,False
Thiobencarb,2.2264568454451445e-12,kg,False
Thiabendazole,4.0782397886087833e-13,kg,False
Lanthanum-140,5.892570492738274e-09,kBq,False
Cyprodinil,3.545309967656014e-20,kg,False
Acetyl chloride,6.567201801703762e-12,kg,False
Thorium-228,5.8549320148270464e-08,kBq,False
"Transformation, from grassland, natural, for livestock grazing",8.397462955601952e-06,m2,True
Potassium-40,3.479717654859408e-07,kBq,False
Maleic hydrazide,1.3253253885238667e-17,kg,False
Fentin hydroxide,1.381751997355103e-10,kg,False
Erbium,2.2075225886322634e-10,kg,True
Iodine,3.396319804431628e-09,kg,False
Triflumuron,2.00167125149947e-11,kg,False
Aluminium III,0.0014293077754944424,kg,False
Methyl formate,1.4074912468043804e-12,kg,False
Dimethenamide,1.3802457521785328e-18,kg,False
Permethrin,2.8025333483313754e-11,kg,False
Phenanthrene,6.412187556278173e-10,kg,False
Linuron,1.3997701970190814e-18,kg,False
"1,4-Butanediol",7.51516907264383e-09,kg,False
Mefenpyr-diethyl,1.4237467539904693e-20,kg,False
Metamitron,2.5631497605543624e-15,kg,False
Propanal,3.86148848643541e-10,kg,False
Chlorotoluron,1.0017696733587545e-16,kg,False
Isophoronenitrile,6.496773780554552e-10,kg,False
"1,1,1,2-Tetrafluoroethane",8.120648560703332e-09,kg,False
"2,4-D dimethylamine salt",2.0209657568100415e-22,kg,False
Methiocarb,3.6668276842833136e-28,kg,False
Fluoride,1.385077773453456e-06,kg,False
"Occupation, inland waterbody, unspecified",6.218257754181905e-08,m2*a,True
Cyproconazole,3.826587982775475e-13,kg,False
Metolachlor,3.5179427819882865e-15,kg,False
Metolachlor,1.6031109754388656e-16,kg,False
Calcium II,1.0813479534917462e-06,kg,False
Dichloromethane,3.4864310343092823e-07,kg,False
Trimethyl borate,8.018805470740898e-12,kg,False
"Occupation, pasture, man made, extensive",9.09931030238168e-12,m2*a,True
Primisulfuron,3.247651018167824e-13,kg,False
Palladium,4.874351197094373e-07,kg,True
"2,4-DB",2.240077596925214e-19,kg,False
Thiram,1.040131430573928e-14,kg,False
Dodecanol,2.1137910671763577e-16,kg,False
Triflumuron,3.053534175911802e-14,kg,False
Propiconazole,3.182549528964053e-14,kg,False
"1,1,1-Trichloroethane",1.10192511723547e-09,kg,False
Lead-210,2.676021790489087e-07,kBq,False
Dipropyl amine,6.351656826074725e-11,kg,False
Nicosulfuron,3.811746846186002e-15,kg,False
"VOC, volatile organic compounds",4.761325614739482e-09,kg,False
Flufenacet,4.0364651897408225e-16,kg,False
Prohexadione calcium,2.2780771903638333e-20,kg,False
Beta-cyfluthrin,1.7228975503657088e-14,kg,False
Tributyltin compounds,2.433562266339308e-12,kg,False
N-methyl-2-pyrrolidone,2.10321841400954e-24,kg,False
Bifenazate,6.243062023947593e-15,kg,False
Sulcotrione,2.328569405347801e-28,kg,False
Pendimethalin,1.1277396448796432e-09,kg,False
Glutaraldehyde,1.5772309587552926e-09,kg,False
Gibberellic acid,6.1009685447680344e-18,kg,False
Lithium I,5.084067819278228e-11,kg,False
Tin ion,6.274902354389612e-09,kg,False
Chromium-51,1.0710395423902944e-09,kBq,False
Quizalofop-p-ethyl,4.591481637230378e-20,kg,False
Glufosinate,5.266883023058346e-22,kg,False
Laminarin,1.9500023281535476e-16,kg,False
Bromine,1.5954075660947524e-09,kg,False
Diclofop-methyl,3.1626861437720984e-14,kg,False
Vinylidene fluoride,4.538662627201617e-11,kg,False
Antimony ion,2.271562212671228e-09,kg,False
"Discarded fish, pelagic, to ocean",2.1913961569207964e-20,kg,False
Diethylamine,1.0694084427533402e-10,kg,False
Mancozeb,5.760216940805552e-11,kg,False
"Hydrocarbons, aliphatic, alkanes, unspecified",4.78752891219443e-07,kg,False
Naphthalene,5.712810038658853e-11,kg,False
Yttrium,9.31023220988577e-09,kg,True
"Methane, from soil or biomass stock",1.4288271462803111e-07,kg,False
Potassium-40,6.317370838400688e-06,kBq,False
Isopropanol,2.711520015196092e-07,kg,False
Glyphosate,3.4724975603611114e-08,kg,False
Potassium I,4.485807996341089e-07,kg,False
Flutolanil,1.5712795055459084e-10,kg,False
Chlorothalonil,2.9177630125790712e-15,kg,False
Tralkoxydim,5.598166806324575e-16,kg,False
Silthiofam,7.17771478564318e-15,kg,False
Methyl acrylate,4.69009390997406e-11,kg,False
Thorium-232,1.4330645139310805e-05,kBq,False
Metsulfuron-methyl,1.6103520588737067e-15,kg,False
Dimethylamine,8.923651752739866e-12,kg,False
2-Methyl-2-butene,4.5970662950305804e-15,kg,False
Kaolinite,8.150506415169031e-05,kg,True
Maleic hydrazide,8.743867714612208e-10,kg,False
"Occupation, permanent crop, non-irrigated, intensive",4.540785785773452e-05,m2*a,True
Propamocarb HCl,6.9310958308626376e-12,kg,False
Aluminium III,2.6805180400279714e-06,kg,False
Sulfate,2.916819118444689e-07,kg,False
Lead-210,0.006016492948957516,kBq,False
Trimethylchlorosilane,3.1998785871310986e-10,kg,False
Samarium,9.016085746614135e-08,kg,True
Chlormequat,1.4545263534184567e-11,kg,False
Quizalofop-p-ethyl,4.6514515629376145e-12,kg,False
Tribenuron,1.3968768689423118e-12,kg,False
Acrylate,3.768162516408164e-10,kg,False
Acrinathrin,1.9826878484292727e-23,kg,False
Bentazone,3.5069638373052084e-11,kg,False
Strontium II,3.2635667599923934e-07,kg,False
Dichlorofluoromethane,2.8759803321801586e-12,kg,False
Tembotrione,1.816843370823411e-14,kg,False
Isobutanol,1.10957681367957e-11,kg,False
Benzo(b)fluoranthene,1.7447628597450362e-14,kg,False
Vanadium,4.283920630246641e-08,kg,True
"Transformation, from river, natural (non-use)",6.427725322742841e-07,m2,True
Tin ion,1.6119175914804079e-27,kg,False
Cyprodinil,4.30482165862785e-16,kg,False
Tritosulfuron,2.5347128181817414e-20,kg,False
"Occupation, forest, intensive",0.06473257353216601,m2*a,True
Copper oxide,4.438420203980921e-15,kg,False
Copper oxychloride,4.9591930410722705e-12,kg,False
"Pesticides, unspecified",1.703596511266022e-11,kg,False
Molybdenum VI,7.95768757600654e-08,kg,False
Mercury II,1.20995645523828e-09,kg,False
Chlorantraniliprole,6.381149588450754e-17,kg,False
Diuron,6.706472295338178e-13,kg,False
2-Aminopropanol,8.515839789183698e-12,kg,False
Kresoxim-methyl,2.7347634286429864e-20,kg,False
Nitrogen,9.949536377727526e-12,kg,False
Mancozeb,8.598351768952094e-12,kg,False
"Transformation, from heterogeneous, agricultural",4.9280091247509864e-08,m2,True
Prochloraz,1.427552142145443e-19,kg,False
"Fungicides, unspecified",3.276139046154462e-18,kg,False
Fluthiacet-methyl,3.6790782571461236e-13,kg,False
Procymidone,1.9107771348537965e-14,kg,False
Methiocarb,4.00603485385834e-23,kg,False
Acephate,7.655439588622317e-09,kg,False
Paraquat,8.928813370041969e-11,kg,False
Ametoctradin,4.699295425770274e-17,kg,False
Diquat,3.974818584287527e-09,kg,False
"Transformation, from forest, primary (non-use)",9.67308336210409e-06,m2,True
"Transformation, to wetland, inland (non-use)",5.024156923879883e-21,m2,True
Benzovindiflupyr,1.5419646596559278e-20,kg,False
Cerium-141,1.6714146491976353e-08,kBq,False
Thifensulfuron,1.5450879326954164e-15,kg,False
Calcium II,0.000581398542950131,kg,False
Trifluoromethane,3.4236913093681255e-08,kg,False
t-Butyl amine,3.886747251347779e-11,kg,False
2-Aminopropanol,3.516060581026907e-12,kg,False
Methoxyfenozide,1.3863562337496945e-11,kg,False
"Chlorinated solvents, unspecified",9.901179592451029e-10,kg,False
Xenon-137,0.00034025010034652694,kBq,False
Strontium-90,6.124190474050778e-05,kBq,False
Chlorantraniliprole,6.879295375048236e-14,kg,False
Krypton,3.463292889068182e-17,kg,True
Chlorosulfonic acid,4.352835695892286e-12,kg,False
Fluroxypyr,8.866225598677738e-18,kg,False
Hexamethylenediamine,1.2881636426787166e-10,kg,False
Diuron,2.6513960237383483e-11,kg,False
Potassium,0.0001333155126623964,kg,True
Fluroxypyr,7.30109122176583e-18,kg,False
Metrafenone,2.7799382630347607e-20,kg,False
Phosphine,9.816787011613397e-13,kg,False
Sulfuric acid,1.9167757779297759e-07,kg,False
"Aldehydes, unspecified",4.623992742106103e-10,kg,False
Pyroxsulam,1.152685418033685e-18,kg,False
Phosphorus trichloride,8.77689741025874e-17,kg,False
Diflubenzuron,2.697713221834399e-13,kg,False
Isophorone,5.748777626308973e-10,kg,False
Radium-224,0.000808853673340736,kBq,False
Chlorine,3.006943364740819e-08,kg,False
Chloridazon,1.3334652929497496e-16,kg,False
Diazinon,3.1882191422969265e-10,kg,False
Hexachloroethane,1.722702751942461e-13,kg,False
Linuron,2.7925302935718386e-09,kg,False
Urea,8.420551706881816e-13,kg,False
"Transformation, from pasture, man made, extensive",1.819889358680226e-13,m2,True
Pydiflumetofen,2.879580285221467e-12,kg,False
Pyraclostrobin,1.8654434083651316e-13,kg,False
Tetramethyl ammonium hydroxide,3.742681348756933e-13,kg,False
Metribuzin,2.151435672087113e-13,kg,False
Silver I,1.923552136363225e-09,kg,False
Azoxystrobin,3.110476853046905e-13,kg,False
"Volume occupied, final repository for low-active radioactive waste",1.1828892011659877e-08,m3,True
Cinidon-ethyl,3.3229025430436266e-18,kg,False
Hydroxide,5.892834670537522e-08,kg,False
"1,1-Difluoroethane",3.641345505406872e-11,kg,False
Pinoxaden,7.970434048628724e-20,kg,False
Sulfate,0.000135296180883462,kg,False
Lithium carbonate,5.1284639246245147e-11,kg,False
Tefluthrin,2.1776678529259546e-12,kg,False
"Radioactive species, other beta emitters",5.259422426352688e-05,kBq,False
"Occupation, forest, extensive",0.0023640150586794937,m2*a,True
Propylene oxide,8.567312110178522e-09,kg,False
Oxyfluorfen,5.897050283078011e-19,kg,False
MCPB,2.5355995947547796e-22,kg,False
"Transformation, from forest, secondary (non-use)",7.087567917858496e-07,m2,True
"Hydrocarbons, unspecified",1.6510154105094358e-11,kg,False
Florasulam,2.6100474961552146e-15,kg,False
Cyanide,1.3080574912159813e-11,kg,False
"1,3-Dichloropropene",7.733334803326491e-13,kg,False
Clodinafop-propargyl,8.343898977756602e-19,kg,False
Radium-226,0.0195315960333294,kBq,False
Triasulfuron,1.2790598856896987e-15,kg,False
Imidacloprid,1.1150288165439557e-17,kg,False
Ethephon,3.2118607442462284e-22,kg,False
Endosulfan,6.087937177015661e-10,kg,False
Vinyl chloride,2.9896992074144697e-10,kg,False
Rhenium,7.979528051387042e-08,kg,True
Methyl methacrylate,9.547731739097214e-09,kg,False
t-Butyl methyl ether,1.2010938108968897e-08,kg,False
Ioxynil,3.5813160761856365e-18,kg,False
Methanesulfonic acid,3.602271558309073e-12,kg,False
Dimethomorph,6.992295454930761e-18,kg,False
Fluosilicic acid,2.828478580408154e-09,kg,False
Fomesafen,7.313401126487841e-11,kg,False
Diafenthiuron,7.621977846157276e-14,kg,False
Trioctyltin,1.6532488117747772e-28,kg,False
Kresoxim-methyl,3.264196070345174e-16,kg,False
Cobalt,5.167738300851558e-05,kg,True
Hydrogen peroxide,7.177596462267962e-07,kg,False
Haloxyfop-ethoxyethyl,1.1735239679220872e-11,kg,False
Alpha-cypermethrin,1.3977678879714389e-14,kg,False
Quizalofop-p-ethyl,5.697122700376157e-21,kg,False
Zinc II,-3.3669049380965632e-09,kg,False
Manganese-54,5.484908383177846e-10,kBq,False
Benzo(ghi)perylene,8.272543627683542e-09,kg,False
Bensulfuron methyl ester,4.716209646397363e-14,kg,False
Monochloroethane,1.486911231379714e-12,kg,False
Strontium II,1.0669393520529176e-08,kg,False
Pyraclostrobin,1.5207598432033362e-10,kg,False
Novaluron,8.026869782446002e-20,kg,False
Phenyl isocyanate,8.998313795446628e-12,kg,False
Trifluralin,2.9708297161646654e-15,kg,False
"Transformation, to forest, secondary (non-use)",1.5865758706989051e-21,m2,True
"2,4-Dichlorophenol",8.459249864861764e-13,kg,False
Spirotetramat,1.575260352330324e-14,kg,False
Ketene,1.1621510735922318e-09,kg,False
Silicon,0.0027294656262539783,kg,True
Diethylene glycol,5.640088052942917e-17,kg,False
Metrafenone,3.0371019671922366e-15,kg,False
Dipropyl amine,2.646498646118549e-11,kg,False
o-Nitrotoluene,7.154349592381797e-12,kg,False
Silver I,1.2900913995864437e-09,kg,False
Dodecanol,8.621452729293909e-20,kg,False
"Transformation, to seabed, drilling and mining",2.050400246381881e-05,m2,True
Cumene,6.17351704118802e-05,kg,False
Sodium chlorate,1.4579273779319099e-08,kg,False
Hydrogen fluoride,1.6675501938521564e-09,kg,False
"Chlorides, unspecified",5.6772690908588084e-05,kg,False
Propaquizafop,1.2951653648455049e-15,kg,False
Polonium-210,7.984502131949136e-05,kBq,False
Triflumuron,1.0089079105377878e-12,kg,False
Nitrate,3.619823857757177e-07,kg,False
Isoxaflutole,9.337817201891995e-18,kg,False
Thiophanate-methyl,4.681090213986198e-10,kg,False
Esfenvalerate,4.735698133311823e-11,kg,False
Polonium-210,4.0717831771367895e-07,kBq,False
Sulfur,2.5308554668914016e-06,kg,False
Dimethomorph,5.526371420705826e-14,kg,False
Lambda-cyhalothrin,9.986986677132069e-16,kg,False
Copper oxychloride,5.709504544531921e-14,kg,False
Nicosulfuron,2.7260267972673528e-14,kg,False
Profenofos,1.7465956403554051e-10,kg,False
Lithium hexafluorophosphate,3.3552741212584646e-12,kg,False
Prochloraz,6.089483732532216e-13,kg,False
Butyric acid,7.601585417611218e-11,kg,False
Acetic acid,1.129759084540759e-08,kg,False
Benzyl alcohol,3.1698014814463754e-12,kg,False
Ytterbium,2.180269223340508e-10,kg,True
Manganese II,6.197154910894831e-08,kg,False
Isoprene,3.3619462265419135e-10,kg,False
Simazine,4.693100584170881e-13,kg,False
Pentachlorophenol,1.3085089104113308e-12,kg,False
Dichloromethane,2.953440875384244e-11,kg,False
Isoxaflutole,4.2671501508382105e-20,kg,False
Phosphoric acid,2.822943655787388e-17,kg,False
Epoxiconazole,1.5727852526346707e-13,kg,False
Pyraclostrobin,1.0143893013633196e-18,kg,False
Carfentrazone-ethyl,8.861052858618515e-19,kg,False
Carbon tetrachloride,9.668288222447252e-12,kg,False
Plutonium-238,4.037175843229003e-13,kBq,False
Thifensulfuron,1.3897889184639454e-14,kg,False
Titanium ion,3.0034317787605257e-06,kg,False
Fenpropidin,3.2059782781111216e-19,kg,False
Mandipropamid,6.367309252324542e-16,kg,False
Organic carbon,5.100941716302938e-09,kg,False
Flumetsulam,2.22108216609926e-12,kg,False
Metam-sodium,1.422490521319909e-07,kg,False
Sulfur,1.771359273066579e-05,kg,False
Rimsulfuron,9.799894759565452e-16,kg,False
MCPA,3.4031740123029823e-22,kg,False
Diflufenican,1.1727464937933163e-12,kg,False
"Carbon dioxide, to soil or biomass stock",1.2902694281381858e-06,kg,False
"Xylenes, unspecified",6.127345327431532e-07,kg,False
Gold,9.878466679676846e-06,kg,True
t-Butyl methyl ether,1.2099606051367583e-12,kg,False
Ethyl acetate,0.0018609854392995673,kg,False
Copper ion,1.6385215519565914e-07,kg,False
"Insecticides, unspecified",1.695102360921504e-17,kg,False
Haloxyfop-ethoxyethyl,1.5503435906493632e-14,kg,False
Iodosulfuron-methyl-sodium,1.225552783329618e-18,kg,False
Trimethylamine,3.945112263513179e-12,kg,False
Isopropanol,1.6024274595989123e-05,kg,False
Sodium tetrahydridoborate,1.0360692826900792e-14,kg,False
Amisulbrom,1.4567815819887821e-15,kg,False
"Particulate Matter, > 2.5 um and < 10um",1.6937383268435354e-05,kg,False
Quizalofop-p-ethyl,1.322931116230963e-13,kg,False
Rimsulfuron,2.340552878885386e-18,kg,False
Metsulfuron-methyl,8.527908407857537e-13,kg,False
Uranium-238,4.460130164210434e-08,kBq,False
Pendimethalin,2.1041093099657872e-12,kg,False
Aclonifen,1.7400873073417862e-11,kg,False
Diquat,1.1232752817753353e-15,kg,False
Cloquintocet-mexyl,4.979011791575339e-22,kg,False
Xenon-138,0.00253757626480443,kBq,False
Amisulbrom,5.345300692162198e-18,kg,False
Zinc II,5.215949355093874e-08,kg,False
Chromium VI,7.697111237713715e-13,kg,False
Lead II,2.9897095822198874e-08,kg,False
Bixafen,4.825351490729228e-18,kg,False
Sulfur trioxide,3.2248638603389746e-06,kg,False
Epoxiconazole,1.551347037415046e-12,kg,False
Phosmet,1.5895668746549878e-10,kg,False
Dodecanol,1.6445173484895098e-11,kg,False
Phosphorus pentachloride,4.9147259080217514e-11,kg,False
Pyroxsulam,4.825766953423184e-16,kg,False
"Transformation, to pasture, man made, extensive",1.819889358680226e-13,m2,True
Sulfentrazone,3.9831147021652586e-11,kg,False
Fluosilicic acid,6.234140441047427e-07,kg,False
Pinoxaden,2.311425874102321e-18,kg,False
Formamide,1.5289267399714823e-11,kg,False
Ametoctradin,1.7242905458587746e-19,kg,False
Fluoxastrobin,3.677291717465365e-15,kg,False
Sodium methoxide,2.0608348126244323e-10,kg,False
Scandium,8.920809253931688e-09,kg,False
Tembotrione,2.2925783006232193e-12,kg,False
Magnesium,1.7933980927192078e-18,kg,False
Thiram,7.351025024647979e-14,kg,False
Cyhalothrin,1.310789068412202e-14,kg,False
Sodium I,5.8320136660895745e-05,kg,False
Polonium-210,2.583727341962722e-06,kBq,False
Thionyl chloride,2.7569850385802736e-14,kg,False
Chlorosulfonic acid,1.730842625117657e-13,kg,False
Mesotrione,6.049635994629689e-17,kg,False
Cyanoacetic acid,3.564730596352056e-12,kg,False
"Carboxylic acids, unspecified",1.193185106785531e-05,kg,False
Thiodicarb,1.1770089769836776e-13,kg,False
Spiroxamine,7.23525464532192e-18,kg,False
Oxyfluorfen,1.2683440030436964e-12,kg,False
Acenaphthylene,1.4723042820857096e-10,kg,False
Indium,7.821515782876892e-08,kg,True
"2,4-D",2.728521132435868e-12,kg,False
Trinexapac-ethyl,7.009213429660273e-15,kg,False
Acetylene,1.6549366338371289e-09,kg,False
"Transformation, to grassland, natural (non-use)",6.460265117826066e-06,m2,True
"1,4-Butanediol",1.7284888858632276e-08,kg,False
Metalaxyl-M,1.7774347804632764e-16,kg,False
Sulfur trioxide,1.5906347154482406e-06,kg,False
Diquat,3.8733630406045816e-17,kg,False
"Transformation, to traffic area, rail network",1.319549124610131e-06,m2,True
Amidosulfuron,8.497184439085335e-21,kg,False
Aldicarb,8.896047151460313e-10,kg,False
Cyproconazole,1.0063080331654014e-13,kg,False
Chloropicrin,2.114867038319855e-19,kg,False
Dodecanol,2.349647712885137e-17,kg,False
Lanthanum,2.5453329429469107e-06,kg,True
Copper ion,-1.069527988965296e-09,kg,False
Carbon,6.916426767033025e-09,kg,False
Sulfentrazone,1.0499625390944464e-08,kg,False
Cupric hydroxide,1.8600313073437564e-15,kg,False
"Volume occupied, final repository for radioactive waste",2.473197870910313e-09,m3,True
Phosphorus oxychloride,9.775333109506247e-13,kg,False
Benzovindiflupyr,1.2222641289436462e-12,kg,False
Chlorosulfonic acid,1.0854436264231434e-11,kg,False
Benalaxyl-M,2.2588206150750014e-17,kg,False
Sethoxydim,1.8512345371610094e-11,kg,False
Kieserite,2.4755425284836653e-07,kg,True
"2-Chloro-1,1,1,2-tetrafluoroethane",2.762093585973967e-10,kg,False
Thiodicarb,4.06522715202585e-11,kg,False
Nicosulfuron,1.6263647579289468e-16,kg,False
"Hydrocarbons, aliphatic, unsaturated",1.596253367605297e-18,kg,False
Azadirachtin,1.0618154693328056e-10,kg,False
Mesosulfuron-methyl (prop),4.271930492403132e-16,kg,False
Cyclopropene,2.1498744221039515e-08,kg,False
"Dioxins, measured as 2,3,7,8-tetrachlorodibenzo-p-dioxin",2.8746500033235044e-15,kg,False
Benzal chloride,1.7872241774981112e-08,kg,False
Allyl chloride,4.518053268382226e-10,kg,False
Glufosinate,7.875798834811854e-11,kg,False
Vinclozolin,6.3691887251440325e-15,kg,False
Lactofen,9.585053654840697e-12,kg,False
Silver I,2.0928186261750146e-13,kg,False
"Wood, hard, standing",2.1629166308056166e-05,m3,True
Chloroform,1.6238184776453467e-07,kg,False
"Occupation, arable land, unspecified use",2.656417459066895e-08,m2*a,True
Mefentrifluconazole,4.6243313219853076e-14,kg,False
Novaluron,6.344048824789873e-16,kg,False
"Gas, mine, off-gas, process, coal mining",0.004630691265976958,m3,True
Ethephon,3.151603741376333e-17,kg,False
Triphenyltin,7.0263074500428e-29,kg,False
Sodium dichromate,2.5515870897396906e-10,kg,False
Amisulbrom,1.8432071352283416e-19,kg,False
Butanol,8.004799846992609e-11,kg,False
Boron,2.830484544416288e-06,kg,True
"Oils, non-fossil",3.735415232788454e-07,kg,False
Metsulfuron-methyl,6.513827991011884e-18,kg,False
Benthiavalicarb,3.10701548561397e-19,kg,False
Methylamine,9.976564548534386e-09,kg,False
"Transformation, from annual crop, irrigated",6.954296988971927e-06,m2,True
"Oils, non-fossil",4.867029269509601e-12,kg,False
Methomyl,2.878903452434315e-24,kg,False
Fluquinconazole,2.0854377363838384e-16,kg,False
"2,4-D ester",1.6561024915334643e-12,kg,False
Metalaxil,4.887000815251607e-10,kg,False
Propanil,1.0402898734714564e-11,kg,False
Phosphorus pentafluoride,5.6205778834568545e-12,kg,False
Metalaxyl-M,1.2384852465718552e-12,kg,False
Monobutyltin (III),6.406339145627259e-28,kg,False
Quintozene,8.67110948007258e-10,kg,False
Ammonia,4.267447116952118e-09,kg,False
Aclonifen,1.6289397489964696e-15,kg,False
"N,N-Dimethylformamide",4.543461890933852e-13,kg,False
Pyroxsulam,3.974777303564443e-20,kg,False
Prothioconazole,3.0597193186905463e-13,kg,False
Mecoprop-P,1.6192461057969816e-17,kg,False
Methoxyfenozide,1.5666891985928935e-13,kg,False
Fluxapyroxad,9.050605532846888e-20,kg,False
Beta-cyfluthrin,8.049854806564192e-11,kg,False
Tin,0.0007242108875154035,kg,True
Sodium formate,1.6410227838147276e-10,kg,False
Pendimethalin,9.761670685841532e-16,kg,False
Diuron,2.9663358144912196e-10,kg,False
"Transformation, to dump site, inert material landfill",5.148770511281761e-06,m2,True
"Pesticides, unspecified",8.097837150521501e-13,kg,False
Mancozeb,4.0909685074919886e-16,kg,False
Iron ion,6.21986734338051e-07,kg,False
Azoxystrobin,1.1707108521369046e-12,kg,False
Fluazinam,4.2544860082863653e-13,kg,False
Sulfuric acid,1.634621814817241e-07,kg,False
Isoproturon,4.507972273425682e-19,kg,False
Monoethanolamine,3.09441083192606e-09,kg,False
"Occupation, grassland, natural, for livestock grazing",3.766060315730388e-12,m2*a,True
Fludioxonil,4.333145589467105e-12,kg,False
Methacrylamide sulfate,6.107023991009668e-08,kg,False
Aluminium III,5.321423498973475e-05,kg,False
Carbendazim,1.1699493027000935e-12,kg,False
Emamectin benzoate,1.366489857053089e-15,kg,False
Diflubenzuron,1.1707115742478493e-15,kg,False
Uranium,1.7305430104651894e-13,kg,False
Carfentrazone-ethyl,1.414665712602833e-13,kg,False
Butyrolactone,5.139836830585867e-09,kg,False
Silver,9.199323304156746e-05,kg,True
Sulcotrione,2.8274187874147375e-24,kg,False
Methyl isobutyl ketone,3.147026405023123e-11,kg,False
"1,1,1-Trichloroethane",1.3329151351009877e-20,kg,False
Sodium formate,3.942457175750016e-10,kg,False
Fipronil,7.1115376439323055e-12,kg,False
Sodium,7.744600407838396e-07,kg,True
Gypsum,0.0009541950897950415,kg,True
"Hydrocarbons, aromatic",3.279877790569409e-06,kg,False
Manganese II,1.6358910024021064e-07,kg,False
Fluorene,2.8490431507229084e-10,kg,False
Tetrachloroethylene,8.820478307909651e-12,kg,False
Florasulam,2.8044831452731214e-16,kg,False
Rubidium,6.273502130806528e-08,kg,False
Prochloraz,4.922593593604968e-21,kg,False
Manganese II,1.3553062866047277e-07,kg,False
Mandipropamid,2.195623880111906e-17,kg,False
"1,1,2-Trichloro-1,2,2-trifluoroethane",2.762093585973967e-10,kg,False
Butadiene,2.181536276344294e-12,kg,False
Bixafen,2.0203746394133317e-15,kg,False
Spiromesifen,1.8012690470283933e-14,kg,False
Imidacloprid,1.5364514217473025e-11,kg,False
Holmium,8.448543240444466e-11,kg,True
Difenoconazole,3.5977591655158593e-14,kg,False
Dissolved solids,4.584796437070685e-11,kg,False
Propamocarb,7.905389730002025e-13,kg,False
Sodium I,2.673096505191052e-07,kg,False
"Occupation, traffic area, rail/road embankment",0.0016557566421965947,m2*a,True
Ethylene oxide,8.806610955424045e-11,kg,False
Nitric acid,1.0511203938925846e-13,kg,False
Silicon,5.651313400738235e-07,kg,False
Thiabendazole,3.3716133784705586e-15,kg,False
Bromoxynil,1.832190923293282e-20,kg,False
Magnesium,0.0011840945766605786,kg,True
Mesotrione,1.12704251934312e-17,kg,False
Dimethomorph,2.0277656819299233e-16,kg,False
Diquat,3.061318410754636e-13,kg,False
Molybdenum,0.0007611993480501273,kg,True
Chlormequat chloride,5.101997120621656e-15,kg,False
Fluxapyroxad,1.0989516594300925e-15,kg,False
Pentachlorobenzene,6.809946325661856e-15,kg,False
Octaethylene glycol monododecyl ether,9.772882515650293e-11,kg,False
Famoxadone,1.0393258247484563e-14,kg,False
Flumiclorac-pentyl,2.163483404383659e-12,kg,False
Tritosulfuron,3.0777242998937215e-16,kg,False
Carbaryl,1.561797994650198e-20,kg,False
Pendimethalin,1.519596236432877e-16,kg,False
Captan,7.50183917707257e-15,kg,False
Scandium,1.1095405243860731e-13,kg,False
Thiophanate-methyl,2.846005687738182e-12,kg,False
tau-Fluvalinate,3.273524019208848e-37,kg,False
Thallium I,1.0104105864509167e-11,kg,False
"Dioxins, measured as 2,3,7,8-tetrachlorodibenzo-p-dioxin",2.5854911316851727e-12,kg,False
Linuron,1.7710729231648296e-22,kg,False
Prohexadione calcium,2.7661096261176857e-16,kg,False
Paraffins,4.675874510499121e-11,kg,False
Simazine,1.1268642480421923e-11,kg,False
Phorate,1.4435323636219704e-09,kg,False
Abamectin,8.904299619654615e-14,kg,False
Cadmium II,4.342353505456249e-10,kg,False
Sulfur hexafluoride,6.241301625460568e-17,kg,False
Trinexapac-ethyl,1.674041923307435e-17,kg,False
Fenoxaprop-P,1.3266670599629277e-15,kg,False
Bromate,8.547456843965129e-10,kg,False
Teflubenzuron,3.0323730289240547e-21,kg,False
Phenol,3.415698814690254e-09,kg,False
Thiencarbazone-methyl,4.267327070871173e-19,kg,False
"1,1-Difluoroethane",2.38752984006673e-07,kg,False
Trichloroethylene,3.1898355581892334e-12,kg,False
Metosulam,2.4469387600842854e-16,kg,False
TCMTB,1.3459364186506329e-08,kg,False
"Discarded fish, demersal, to ocean",6.686014959993149e-30,kg,False
Sulfentrazone,6.594018973313816e-13,kg,False
Dicamba,1.1430379496970471e-15,kg,False
Emamectin benzoate,3.977060470920977e-12,kg,False
Epoxiconazole,8.999411231772736e-15,kg,False
Methylchloride,4.415508974743635e-09,kg,False
Chrysene,9.49681050240969e-14,kg,False
Flurochloridone,5.808882271135964e-17,kg,False
Benalaxyl-M,7.789036603706869e-19,kg,False
Glufosinate,1.527396076686915e-20,kg,False
Beryllium II,1.0882656856110074e-12,kg,False
Helium,3.8094852904417238e-06,kg,False
Butadiene,7.860320176014694e-15,kg,False
Cerium,5.2290697178925286e-06,kg,True
Clothianidin,4.601858105211868e-25,kg,False
Chromium VI,1.5630806918035963e-09,kg,False
Acephate,2.130042266890941e-09,kg,False
Cyclohexane,7.318792684877541e-09,kg,False
Silicon dioxide,0.0018002567180398104,kg,True
Furan,6.2518060122974535e-18,kg,False
Chlormequat chloride,4.201837539643363e-19,kg,False
"Indeno(1,2,3-cd)pyrene",2.698124844289266e-14,kg,False
Silver I,5.133877658112842e-12,kg,False
Methyl formate,3.52540502045879e-12,kg,False
Chloroacetyl chloride,1.1357164452665731e-11,kg,False
"Transformation, to permanent crop, non-irrigated, intensive",5.045206041018118e-05,m2,True
Methyl acrylate,1.2407234257584602e-09,kg,False
Cypermethrin,3.5963508187482902e-16,kg,False
"Transformation, from permanent crop",2.355360987148794e-06,m2,True
Vinylidene chloride,5.072013966651925e-10,kg,False
Thiabendazole,4.597723108536423e-14,kg,False
Pyrene,5.823238067756641e-10,kg,False
Methanol,4.584551819083775e-06,kg,False
Metalaxyl-M,8.869201688403416e-15,kg,False
Pentachlorophenol,6.177672617393568e-11,kg,False
Oxyfluorfen,7.338551463386016e-20,kg,False
Benz(a)anthracene,1.472373721303828e-13,kg,False
Dimethoate,2.2299698388101446e-10,kg,False
Xenon,4.063081043040885e-18,kg,True
Caesium-137,0.0005508350091185337,kBq,False
Strontium,1.5017738961340209e-06,kg,True
Plutonium-alpha,9.254712420283435e-13,kBq,False
Iodine,7.269342231495804e-14,kg,False
Rimsulfuron,2.1634603478959816e-11,kg,False
Carbendazim,9.55360005270909e-12,kg,False
Thiamethoxam,1.1511271859552626e-09,kg,False
Tin ion,2.614778353297628e-09,kg,False
Beta-cyfluthrin,2.697306111203995e-13,kg,False
Aluminium III,2.530065596783035e-06,kg,False
Thiophanate-methyl,5.933534094695775e-11,kg,False
Pyraflufen-ethyl,1.5756448091468107e-21,kg,False
Nicosulfuron,1.6184924867486778e-12,kg,False
Chromium III,3.5708029652801865e-11,kg,False
Alkylbenzene (c10-c15),1.7028560850567882e-12,kg,False
Imidacloprid,1.097659385724546e-09,kg,False
Isopropylamine,1.9030204508165907e-11,kg,False
Pyrethrins,4.751950502446877e-16,kg,False
Fluazinam,2.854830973696539e-12,kg,False
Thorium-232,3.9508013740520567e-07,kBq,False
"Volume occupied, underground deposit",1.3707345613252028e-07,m3,True
"Fish, demersal, in ocean",5.348844536758062e-29,kg,True
Dichlorprop,1.7974537901502577e-22,kg,False
Chlorothalonil,8.012544492200101e-13,kg,False
Europium,2.1548360861035518e-08,kg,True
2-Nitrobenzoic acid,8.285121337174448e-12,kg,False
"2,4-D",2.5991949463711224e-10,kg,False
Titanium ion,1.7874959419503936e-07,kg,False
Desmedipham,1.3925604450252332e-20,kg,False
Chlorodifluoromethane,4.21644325533196e-08,kg,False
Bromoxynil,1.3049699398800799e-17,kg,False
Carfentrazone-ethyl,4.9921972813363325e-12,kg,False
Isobutanol,2.6629380556296084e-11,kg,False
Ethoprop,7.984955531274956e-10,kg,False
Trifluralin,5.586553373306499e-10,kg,False
Metsulfuron-methyl,4.5469364721021595e-14,kg,False
Flurochloridone,1.2711594126708619e-14,kg,False
Pirimicarb,1.585562986037484e-11,kg,False
t-Butyl methyl ether,4.034807098869657e-09,kg,False
Trifluralin,1.615983551807119e-20,kg,False
Sulfadiazine,2.020783907059232e-12,kg,False
Bicyclopyrone,6.12657683974255e-14,kg,False
Phosphorus,5.36069921674711e-09,kg,False
"Transformation, to forest, extensive",1.8185328933263663e-05,m2,True
Thiamethoxam,1.652808212287016e-13,kg,False
Borate,1.10029599623229e-09,kg,False
Organic carbon,1.6357898226792397e-08,kg,False
Tefluthrin,8.015772654102453e-17,kg,False
Flufenacet,1.3253792401540642e-13,kg,False
Ethanol,1.2784508872019021e-06,kg,False
Carbonate,1.793453030200082e-05,kg,False
Mesotrione,4.552957431536051e-11,kg,False
Acenaphthene,1.513835531317858e-10,kg,False
Magnesium,2.5121398565383913e-06,kg,False
Alpha-cypermethrin,4.6068377631074045e-17,kg,False
Radium-226,3.001496330853297e-07,kBq,False
Isoproturon,1.3073119592934408e-17,kg,False
Sulfate,2.390471270028639e-06,kg,False
Beryllium II,3.17262833068317e-10,kg,False
Laminarin,5.875714832324758e-19,kg,False
Maleic hydrazide,3.8434436267191947e-16,kg,False
Methyl lactate,2.27497625041325e-11,kg,False
"2,4-DB",2.4579154299143278e-23,kg,False
Aniline,2.366842861153498e-10,kg,False
Chlorotoluron,4.1944095605800706e-14,kg,False
Flupyrsulfuron-methyl sodium,1.8134380175149314e-16,kg,False
Propaquizafop,5.162112267862823e-19,kg,False
Pinoxaden,9.677939992334875e-16,kg,False
Thiamethoxam,9.009392707976855e-12,kg,False
Chloridazon,4.892821986153768e-19,kg,False
Fenoxaprop,4.113871827948606e-12,kg,False
Polychlorinated biphenyls,2.8566488541677356e-13,kg,False
Dichloroethylene,7.946510583841866e-10,kg,False
Tetraconazole,4.6019502705368335e-12,kg,False
"Transformation, from dump site, inert material landfill",5.148770511281761e-06,m2,True
Fenoxaprop-P,1.2143327955855174e-20,kg,False
Bifenox,1.3727820411192858e-14,kg,False
MCPA,1.4456239902117953e-16,kg,False
Ethanol,1.2832082660384227e-09,kg,False
"Occupation, seabed, drilling and mining",2.050400246381881e-05,m2*a,True
Carbendazim,4.380865062032413e-09,kg,False
Molinate,4.0165794197986616e-12,kg,False
Ethalfluralin,9.467742108991434e-14,kg,False
Acetic anhydride,1.0161103275481408e-08,kg,False
Cyprodinil,2.1021594398015563e-11,kg,False
Bentazone,4.9145908571919905e-14,kg,False
"Transformation, to annual crop, non-irrigated, extensive",1.4766538346284975e-07,m2,True
Fipronil,2.5626294132444386e-08,kg,False
Helium,1.9621058157115344e-07,kg,False
Zoxamide,6.200392061013546e-14,kg,False
"2,4-D dimethylamine salt",9.301041669500861e-21,kg,False
"Transformation, to cropland fallow (non-use)",4.608082216932882e-06,m2,True
Cupric hydroxide,2.34538727426396e-19,kg,False
Fluxapyroxad,3.048663215876063e-16,kg,False
Sulcotrione,6.752851275508612e-27,kg,False
Ethylene diamine,1.191921243477617e-10,kg,False
Pyraflufen-ethyl,1.2453132878291225e-17,kg,False
Carfentrazone-ethyl,7.632934953977433e-15,kg,False
"Radioactive species, Nuclides, unspecified",0.0028739217867053924,kBq,False
Basalt,0.0003509671391457289,kg,True
Thiamethoxam,1.560752906942039e-10,kg,False
Tetrafluoromethane,5.90517049011908e-10,kg,False
"Occupation, grassland, natural (non-use)",0.00048451988383695354,m2*a,True
Chlorimuron-ethyl,2.626523546462864e-10,kg,False
Bromine,2.244144159090429e-06,kg,False
Anthranilic acid,6.396154733579151e-12,kg,False
Diflubenzuron,1.0723031319808128e-09,kg,False
Aniline,9.841171063652822e-11,kg,False
Lenacil,1.2356398266745248e-20,kg,False
Silicon,5.490297500180242e-07,kg,False
Strontium II,2.2265983322453222e-05,kg,False
Flurochloridone,1.1434425525481418e-13,kg,False
Boron,6.247356407044025e-07,kg,False
Lactic acid,4.9734410620171154e-11,kg,False
Acetone cyanohydrin,9.957995523239799e-08,kg,False
Acifluorfen,2.66017141139271e-11,kg,False
Lufenuron,1.738691321736264e-13,kg,False
Cloransulam-methyl,4.182207685487047e-12,kg,False
Iron ion,3.741170885869372e-05,kg,False
Propanal,1.1926477653947708e-11,kg,False
Prothioconazole,5.587854534388144e-14,kg,False
Sulfosulfuron,7.278498198674138e-22,kg,False
Acetochlor,6.360140281838306e-10,kg,False
Diclofop,2.7946733928334986e-14,kg,False
Lead-210,0.0030497786210091854,kBq,False
Barium II,2.4712272608056797e-07,kg,False
Chrysene,5.515029085122357e-09,kg,False
"Transformation, from seabed, infrastructure",2.3461180494794553e-08,m2,True
Monoethanolamine,3.4108575046029657e-06,kg,False
Phenoxy compounds,5.694896542728641e-18,kg,False
Copper oxide,5.615754544309073e-19,kg,False
Carfentrazone-ethyl,4.843488904688019e-11,kg,False
Flupyrsulfuron-methyl sodium,4.331115462675611e-19,kg,False
Pyraflufen-ethyl,1.5725118519854843e-10,kg,False
Beryllium II,3.169648150558458e-09,kg,False
Metsulfuron-methyl,8.240861107527715e-19,kg,False
Chromium III,1.8298003351777801e-09,kg,False
Chlorantraniliprole,4.568874007935211e-13,kg,False
Quizalofop-p-ethyl,7.11965434193956e-15,kg,False
Atrazine,2.3059709971420626e-16,kg,False
Chlorsulfuron,1.2790598856896987e-15,kg,False
Benzo(k)fluoranthene,3.054937181912536e-09,kg,False
Bromomethane,2.789749149135806e-24,kg,False
Pyrimethanil,5.039117136334434e-14,kg,False
Fludioxonil,4.314857663569273e-16,kg,False
Ethyl benzene,1.683808531258739e-07,kg,False
Cupric hydroxide,6.801623095365499e-18,kg,False
Lactic acid,2.0722567671269432e-11,kg,False
Hexafluoroethane,3.859583925387047e-09,kg,False
Barium-140,1.7937132820659533e-07,kBq,False
Triflusulfuron-methyl,1.2222733528946763e-21,kg,False
MCPB,3.2816885253969266e-15,kg,False
Propiconazole,1.0478330313303518e-19,kg,False
Lutetium,2.4528028762580712e-11,kg,True
Fluoranthene,7.729962036845097e-10,kg,False
Epoxiconazole,4.027210015831373e-15,kg,False
Tritosulfuron,7.350667172727015e-19,kg,False
Dimethyl ether,1.5466050289487592e-10,kg,False
Mecoprop,7.302356802114267e-14,kg,False
Hydrochloric acid,5.2872967038415626e-06,kg,False
"2,4-D ester",4.367310530164025e-20,kg,False
Nitrogen,1.6942107511693989e-07,kg,False
Chlorimuron-ethyl,1.6079662565157646e-12,kg,False
Malathion,7.068128165594909e-11,kg,False
Propiconazole,4.163101474474504e-13,kg,False
"Occupation, pasture, man made, intensive",8.917331321012096e-07,m2*a,True
Molybdenum VI,4.243235234415098e-09,kg,False
Imidacloprid,4.323413290572156e-13,kg,False
Diphenyltin,2.355879556779057e-28,kg,False
Isoproturon,1.2652672648430234e-11,kg,False
Dimethenamide,1.1041966017428265e-16,kg,False
Tebuthiuron,3.5385140681044136e-09,kg,False
Nitrogen oxides,3.6135320397668834e-11,kg,False
Nitric acid,3.451809453798099e-10,kg,False
Ammonia,2.3988452635732444e-10,kg,False
Diflufenican,1.435370673149448e-17,kg,False
Dichlorprop-P,2.1525797990739368e-08,kg,False
"2,4-D dimethylamine salt",4.63923163419033e-11,kg,False
Tellurium,4.7384641936987925e-06,kg,True
Fenpiclonil,5.442770744862582e-10,kg,False
Tefluthrin,3.9260439156968094e-22,kg,False
Diethyl ether,1.6666972937906984e-20,kg,False
Acephate,1.0426286473834419e-10,kg,False
Chlorothalonil,1.0061251767514058e-16,kg,False
Thiencarbazone-methyl,2.708079263390652e-15,kg,False
Niobium,1.2289302305088016e-06,kg,True
Butene,2.9388162604454922e-05,kg,False
Lufenuron,1.2475563051975619e-11,kg,False
Flurtamone,6.58808015562017e-13,kg,False
"Occupation, unspecified",8.181204185042862e-06,m2*a,True
Cymoxanil,4.050819802659143e-11,kg,False
Butene,6.971520304591455e-10,kg,False
"Occupation, permanent crop, non-irrigated",0.00022008737066585285,m2*a,True
Mancozeb,3.291999294063708e-08,kg,False
Benzo(k)fluoranthene,8.208483496268843e-15,kg,False
Metolachlor,1.7340702260058804e-13,kg,False
Naphthalene,9.239586524496331e-08,kg,False
"Particulate Matter, > 10 um",2.8228872648126877e-05,kg,False
Bitertanol,3.061769388205762e-16,kg,False
Styrene,6.144342140030938e-07,kg,False
Lauric acid,1.2406760266891013e-11,kg,False
Metribuzin,2.0488176447052736e-09,kg,False
Cadmium II,2.1245862660985718e-09,kg,False
Ethyl cellulose,3.7697341594541003e-06,kg,False
Isoxaflutole,2.5485781472153755e-11,kg,False
Iodide,8.325444402963037e-06,kg,False
o-Dichlorobenzene,4.513094869665653e-05,kg,False
Dichloromethane,1.1292797829752581e-09,kg,False
Nitric oxide,1.1917593413869283e-08,kg,False
Thorium,1.350632796071466e-13,kg,False
Quizalofop-ethyl,2.4457660083780403e-15,kg,False
Phenol,1.7419050133094138e-07,kg,False
Zirconium,0.00012840817999893573,kg,True
Calcium II,5.3415471850703085e-09,kg,False
Fluopicolide,1.4768548525280398e-16,kg,False
Benzovindiflupyr,5.777697048290129e-14,kg,False
Butene,1.0586447549680951e-11,kg,False
Imazethapyr,3.679659721162426e-12,kg,False
Dodecanol,2.9729147342392695e-21,kg,False
Lenacil,9.765898292533757e-17,kg,False
Emamectin benzoate,3.7611787898984234e-10,kg,False
"Occupation, cropland fallow (non-use)",2.531096889661608e-10,m2*a,True
Chlormequat chloride,4.5905368572976084e-14,kg,False
Gibberellic acid,1.4779351608448763e-15,kg,False
Triflusulfuron-methyl,9.66025616232243e-18,kg,False
Chloroform,1.2862789914425443e-09,kg,False
Pyraclostrobin,9.901187611069428e-14,kg,False
Toluene,3.749131350581016e-07,kg,False
Radium-224,0.0015828045876024872,kBq,False
Gamma-cyhalothrin,7.99629587096245e-14,kg,False
Flumioxazin,5.394707673845238e-13,kg,False
Mercury II,1.1467562646352094e-10,kg,False
Fluquinconazole,6.189476219811683e-14,kg,False
"Occupation, annual crop, irrigated",4.5010227437658734e-06,m2*a,True
Fluosilicic acid,3.4634113561374594e-07,kg,False
Chlormequat chloride,1.2185328864965717e-17,kg,False
Kresoxim-methyl,7.930813943064657e-19,kg,False
Buprofezin,1.4000441004377076e-15,kg,False
Quinoxyfen,4.670562742442207e-15,kg,False
Iodosulfuron-methyl-sodium,5.131389428228731e-16,kg,False
"Pesticides, unspecified",1.2504590442114901e-09,kg,False
Foramsulfuron,1.057580959974647e-18,kg,False
Butatriene,5.444913326666929e-12,kg,False
Lithium I,1.6629527876386662e-06,kg,False
Ethyl acetate,8.903422633450939e-07,kg,False
Cyazofamid,9.681891414997024e-17,kg,False
"Carbon monoxide, from soil or biomass stock",2.1852650472522396e-06,kg,False
Sulfuric acid,6.6912410552393545e-06,kg,False
Thiodicarb,1.337872472367117e-13,kg,False
Propiconazole,6.664191169680422e-11,kg,False
Lithium,1.1202922359837421e-09,kg,True
Trimethylamine,9.468269432431632e-12,kg,False
Tantalum,0.0005876854310011781,kg,True
Ametoctradin,5.945829468478527e-21,kg,False
Benzal chloride,7.446884576683576e-09,kg,False
Carbaryl,8.991784927744997e-17,kg,False
Isophorondiamine,6.3294000743759e-10,kg,False
Metolachlor,1.4029900326444522e-14,kg,False
Fenpropimorph,2.0464672398227568e-15,kg,False
"Water, unspecified natural origin",6.03073249748064e-09,m3,True
Spirotetramat,3.621010146303424e-18,kg,False
MCPB,2.472578498994288e-13,kg,False
"PAH, polycyclic aromatic hydrocarbons",1.525225835011062e-10,kg,False
Benalaxyl-M,6.156077007759041e-15,kg,False
Cloquintocet-mexyl,6.193890668719743e-23,kg,False
Iodine-129,2.9594551732144816e-06,kBq,False
Chlorine,2.0288017305990932e-08,kg,False
Ioxynil,2.94945449291269e-22,kg,False
Copper oxychloride,2.045618865010459e-14,kg,False
Dimethyl carbonate,9.952415869596261e-10,kg,False
Clethodim,1.7576275879453688e-11,kg,False
Zineb,5.933151112741328e-10,kg,False
o-Dichlorobenzene,3.036228346129948e-11,kg,False
"Dioxins, measured as 2,3,7,8-tetrachlorodibenzo-p-dioxin",1.510443921385885e-18,kg,False
Dinitrogen monoxide,1.7207295427439397e-10,kg,False
Mesosulfuron,8.161111522655719e-21,kg,False
Fluxapyroxad,1.7569538047217192e-15,kg,False
Oxydemeton-methyl,2.599180735418684e-13,kg,False
"1,4-Diisopropylbenzene",6.08296865256878e-08,kg,False
"Oils, non-fossil",2.41159988466335e-09,kg,False
"Transformation, from unspecified, natural (non-use)",1.8823836396318797e-07,m2,True
Mancozeb,1.486989655571171e-09,kg,False
Strontium II,5.497707247396732e-09,kg,False
Pyriproxyfen,1.8322825463766688e-11,kg,False
Methanol,3.664376324368926e-06,kg,False
Ethanol,8.86515387485786e-06,kg,False
Propionic acid,3.8009223800112583e-10,kg,False
Fluazinam,3.444121719616187e-17,kg,False
Diethylamine,4.45580177634663e-11,kg,False
Diquat dibromide,1.108986422533673e-14,kg,False
Boric acid,7.974186472793596e-19,kg,False
Laminarin,2.02610856287061e-20,kg,False
Propoxycarbazone-sodium (prop),5.340871373813038e-16,kg,False
Methylamine,1.6983574218357674e-08,kg,False
Iodide,4.523763665881665e-12,kg,False
Iodine,1.1254938909287195e-09,kg,False
Thulium,2.4528028762580712e-11,kg,True
Cyclohexane,6.082528032796319e-07,kg,False
Bromuconazole,9.27815394421172e-16,kg,False
Sulfite,8.663789127181735e-09,kg,False
Dimethylamine,6.0878890955809e-11,kg,False
Silver I,3.7678689975993605e-10,kg,False
Chloridazon,8.400217954841243e-14,kg,False
"Occupation, annual crop, non-irrigated, extensive",1.2079755352945355e-07,m2*a,True
Thallium I,5.488030658542677e-10,kg,False
Aclonifen,1.9388601406541945e-12,kg,False
Monoethanolamine,1.7011290046099883e-11,kg,False
Benthiavalicarb,9.010344908280492e-18,kg,False
"Fish, pelagic, in ocean",5.816153953680712e-19,kg,True
"Carbon dioxide, from soil or biomass stock",2.1065324687166892e-05,kg,False
"Hydrocarbons, aliphatic, unsaturated",3.8471042727264495e-08,kg,False
Formamide,2.652722527134234e-09,kg,False
"Transformation, to permanent crop, irrigated, intensive",2.7291091398878676e-09,m2,True
Dimethyl malonate,4.470256128019922e-12,kg,False
1-Pentene,6.31737968014682e-12,kg,False
Fluroxypyr,1.619593323369993e-13,kg,False
Metalaxyl-M,1.4065868085553893e-13,kg,False
Benz(a)anthracene,7.86040340994693e-09,kg,False
Carbon,1.0506373685106895e-06,kg,False
Chlorpyrifos,1.429313036137688e-13,kg,False
Dithianon,2.4520566175239457e-13,kg,False
Xenon-135m,0.010772304087788108,kBq,False
Sulfur,8.570375148489815e-08,kg,False
Mesotrione,2.7042089031989213e-15,kg,False
Thiophanate-methyl,1.4782380815371415e-20,kg,False
Ruthenium-103,1.4305234026390875e-11,kBq,False
Cumene,2.1243770622730148e-07,kg,False
Carbon disulfide,5.50162778924384e-11,kg,False
Spiroxamine,2.4949153949385973e-19,kg,False
Simazine,8.932761498373563e-16,kg,False
Propamocarb,7.135850722127961e-12,kg,False
Cadmium,5.50755024432703e-07,kg,True
Cloquintocet-mexyl,4.572251462580536e-15,kg,False
Nickel II,5.346293666954322e-10,kg,False
Dichlorvos,9.117444627504113e-15,kg,False
Fludioxonil,2.1111828323032975e-14,kg,False
Ametryn,9.160646063958785e-12,kg,False
Molybdenum VI,4.0074002840900515e-11,kg,False
Chromium III,8.884140876767404e-10,kg,False
Pyrene,1.7437349150946126e-08,kg,False
"VOC, volatile organic compounds",1.1220720795452144e-06,kg,False
MCPA,1.1618998826486165e-15,kg,False
Prosulfocarb,1.1151685596407936e-11,kg,False
Cymoxanil,2.3614023757915504e-17,kg,False
Silicon,8.362686682343008e-05,kg,False
Ethephon,1.31957695373601e-14,kg,False
Carbonate,6.575130404726373e-08,kg,False
Chlorantraniliprole,4.664960465578642e-15,kg,False
Carbaryl,1.3090664570192346e-11,kg,False
Selenium IV,8.270132924859993e-09,kg,False
Cobalt II,1.2677144240562624e-08,kg,False
Tribenuron,1.7991813286239467e-20,kg,False
Tebuthiuron,3.966523959564573e-10,kg,False
Selenium,7.051623437280751e-05,kg,True
Diatomite,3.2791020017602343e-11,kg,True
"Transformation, from dump site, residual material landfill",7.278218527359235e-08,m2,True
Pyroxsulam,4.341997824889778e-15,kg,False
Isopropylamine,4.567290745744239e-11,kg,False
Carbosulfan,1.7728364553480268e-13,kg,False
"PAH, polycyclic aromatic hydrocarbons",6.992112015680322e-08,kg,False
Fenoxaprop-P,3.5215651071979935e-19,kg,False
Imazethapyr,8.71645094119449e-14,kg,False
Sulfosulfuron,2.082070193685847e-15,kg,False
Triflumuron,4.667262685315998e-14,kg,False
Acetaldehyde,1.1218945128609076e-07,kg,False
Abamectin,2.0839850173659733e-13,kg,False
Fenamidone,7.403739943301071e-14,kg,False
Lithium I,9.543672633508588e-12,kg,False
Pyriproxyfen,1.3513616811144011e-12,kg,False
Iodide,3.734897064771928e-06,kg,False
Radium-228,0.006277266232085013,kBq,False
Pirimicarb,1.385381841820417e-16,kg,False
Metolachlor,1.4846772528901378e-16,kg,False
Foramsulfuron,2.1293788592741497e-13,kg,False
Gadolinium,7.313005402136865e-08,kg,True
Chlorodifluoromethane,1.8010079345625618e-09,kg,False
"Transformation, to seabed, infrastructure",9.55391711253659e-08,m2,True
Benzo(a)pyrene,4.6709388780106714e-14,kg,False
Flupyrsulfuron-methyl sodium,1.7557521470717779e-15,kg,False
Phenyltin,7.0263074500428016e-31,kg,False
Sulfosulfuron,2.110764477615502e-20,kg,False
Benzene,2.385845833135853e-07,kg,False
Paraquat,1.063099061403841e-16,kg,False
Metalaxyl-M,1.9329951060319045e-18,kg,False
"Hydrocarbons, aliphatic, alkanes, cyclic",3.979083790701344e-09,kg,False
Diflufenican,9.969685070658527e-18,kg,False
Thiodicarb,9.324914953191582e-15,kg,False
"Transformation, to grassland, natural, for livestock grazing",1.244978616770375e-13,m2,True
Iron ion,3.2895597148002187e-06,kg,False
Steatite,3.9356609970169775e-11,kg,True
Phenmedipham,1.0230180588372158e-18,kg,False
Copper oxide,1.628568817849628e-17,kg,False
Silicon tetrafluoride,8.374568319886244e-10,kg,False
Benalaxyl-M,5.538132596002044e-14,kg,False
Bromoxynil,4.8561665232059165e-11,kg,False
Pyraclostrobin,2.936530547800614e-10,kg,False
"Oils, non-fossil",1.8619340677296527e-21,kg,False
Radon-222,4.250296000393016e-06,kBq,False
"Energy, gross calorific value, in biomass, primary forest",0.0009566281905006514,MJ,True
Zoxamide,5.310203831120416e-15,kg,False
"Hydrocarbons, aromatic",9.852804768751745e-13,kg,False
Butadiene,2.133836879737133e-09,kg,False
Clothianidin,2.4195338326464617e-10,kg,False
Antimony ion,6.411840454544082e-10,kg,False
Simazine,1.3671206049541259e-14,kg,False
Difluoromethane,1.8697023546173757e-09,kg,False
"Acidity, unspecified",1.4735091226100737e-14,kg,False
"Particulate Matter, < 2.5 um",1.1291714774653696e-05,kg,False
Gibberellic acid,1.0277032575411399e-14,kg,False
2-Chlorophenol,1.5282801132149669e-12,kg,False
Imazethapyr,1.7501783001963965e-10,kg,False
Nitric acid,8.195238581991141e-08,kg,False
Tribenuron,5.217625853009427e-19,kg,False
Rhodium,5.470684311664085e-08,kg,True
Ozone,2.137036841259355e-10,kg,False
Metribuzin,2.721458933369763e-17,kg,False
Diflufenican,6.086677549351296e-15,kg,False
Gallium,4.232964187777934e-06,kg,True
Fluorine,4.501407732286651e-05,kg,True
Phosphorus,8.580205176170636e-07,kg,False
"Indeno(1,2,3-cd)pyrene",8.272543627683542e-09,kg,False
Propamocarb,2.9006877707709264e-15,kg,False
Triclopyr,1.3084212373779653e-09,kg,False
Cyazofamid,2.6386543815700098e-14,kg,False
Trichloroethylene,7.939527464095777e-09,kg,False
"1-Chloro-1,1-difluoroethane",7.254337736320866e-10,kg,False
Diflubenzuron,1.432648931166373e-14,kg,False
Formate,4.991531488591852e-09,kg,False
Boron,4.108675778390289e-09,kg,False
Fludioxonil,5.9276606260749765e-19,kg,False
Foramsulfuron,1.2838086862767232e-14,kg,False
Ethyl benzene,4.438670341682522e-07,kg,False
Ethylamine,4.410342995653836e-11,kg,False
Radium-228,0.0032078437794084047,kBq,False
Thorium-228,3.280648608182853e-09,kBq,False
Dimethylamine,1.4981905275586743e-10,kg,False
"Transformation, to annual crop, irrigated",6.954296988971927e-06,m2,True
Dichlorprop,9.258635090499955e-21,kg,False
Borate,6.925807305997751e-09,kg,False
Bisphenol A,1.1651538257443678e-05,kg,False
Methylamine,3.500780916798472e-12,kg,False
Fenpropimorph,5.0746425667650424e-18,kg,False
Acenaphthene,4.795452989190109e-10,kg,False
Flusilazole,3.069671484690963e-19,kg,False
Abamectin,2.747071159255148e-12,kg,False
Chromium III,3.644994353194431e-08,kg,False
Iodine,4.2209590216874727e-08,kg,True
Cadmium II,3.6194990593433484e-07,kg,False
Barium II,2.0524237029571202e-08,kg,False
Aclonifen,4.723925272089764e-14,kg,False
Uranium-238,2.8420446902479916e-05,kBq,False
Hydroxide,4.232376078397723e-05,kg,False
"Carboxylic acids, unspecified",8.388729117443357e-07,kg,False
Saflufenacil,9.41104577400431e-13,kg,False
Nickel II,2.2816715690421896e-08,kg,False
Methyl formate,6.097252717933576e-11,kg,False
Mefenpyr,1.580356280952825e-14,kg,False
Tetrachloroethylene,4.301675403418625e-11,kg,False
Krypton-87,0.00022251758324432812,kBq,False
Zoxamide,6.718787299380766e-19,kg,False
Lithium I,5.084067819278228e-11,kg,False
Chlorimuron-ethyl,7.78197465908105e-12,kg,False
Flumioxazin,1.0218311991895533e-11,kg,False
Titanium ion,6.122260437725195e-10,kg,False
Formamide,6.3704501278352474e-12,kg,False
Methoxyfenozide,3.5370928333018794e-14,kg,False
Pyrimethanil,1.2847279477780933e-28,kg,False
Methyl acrylate,2.3450462983741446e-09,kg,False
Pirimicarb,1.0054053163927976e-14,kg,False
Uranium-238,1.3729049299107372e-07,kBq,False
Ethofumesate,4.071348879480704e-16,kg,False
Rubidium,3.205920227272041e-08,kg,False
Nitrate,3.1408044706957064e-08,kg,False
Molybdenum VI,3.72067234428539e-09,kg,False
"Transformation, from permanent crop, irrigated, intensive",2.7291091398878676e-09,m2,True
Quizalofop-p-ethyl,4.4060981412916146e-11,kg,False
Sulfentrazone,2.653915741033161e-11,kg,False
Metamitron,3.223965933139618e-19,kg,False
Isopropanol,1.0538965871265752e-10,kg,False
Sulcotrione,2.5439783378516535e-23,kg,False
Sulfide,3.8268926133280285e-09,kg,False
Imidacloprid,2.5799132354038156e-10,kg,False
Iprodione,2.824541240174892e-10,kg,False
Calcium,0.000649407165500286,kg,True
Methiocarb,4.452372113515154e-24,kg,False
Trinexapac-ethyl,1.1998821184555616e-12,kg,False
Pyraclostrobin,7.339902796043976e-12,kg,False
Lithium I,8.495688602270909e-07,kg,False
Succinic acid,1.6289685867363344e-10,kg,False
Thiabendazole,5.903115432015264e-17,kg,False
"Transformation, to forest, intensive",0.0008083462619902158,m2,True
Pencycuron,7.82173866578352e-18,kg,False
Metsulfuron-methyl,1.3261722837783468e-13,kg,False
Formic acid,2.3113380307475662e-08,kg,False
Organic carbon,1.6357898226792397e-08,kg,False
Flumioxazin,1.5298079733130722e-10,kg,False
Tembotrione,4.265216546700973e-19,kg,False
Krypton-88,0.0002934584278610677,kBq,False
Krypton-85,0.00044401796825085146,kBq,False
Acetylene,9.436126489946148e-08,kg,False
Sodium hydroxide,2.446494854586651e-05,kg,False
Fluopicolide,4.024946532172232e-14,kg,False
"Transformation, to permanent crop, non-irrigated",1.0988474468804393e-05,m2,True
Ethylene oxide,5.5675989738068504e-15,kg,False
Fipronil,3.0669551053798396e-13,kg,False
Monocrotophos,1.2841173783732121e-10,kg,False
"1,1,2-Trichloroethane",3.85763074080097e-10,kg,False
Formaldehyde,5.413580856812056e-10,kg,False
"Dibenz(a,h)anthracene",1.71899631962222e-15,kg,False
Pyrimethanil,1.5599551930564046e-24,kg,False
Hexamethylene diisocyanate,1.7624329357400028e-11,kg,False
Lauric acid,4.3826350568885634e-12,kg,False
Flusilazole,2.2381020173623655e-13,kg,False
Amidosulfuron,2.4641834873347474e-19,kg,False
Cymoxanil,1.8663379839246955e-13,kg,False
Ethofumesate,5.15131396322152e-20,kg,False
Ethephon,1.1804296344246068e-11,kg,False
Diquat dibromide,7.131416807646497e-09,kg,False
Carbofuran,1.8668501567293824e-09,kg,False
Fluopicolide,5.092602939751864e-18,kg,False
Carbon disulfide,2.2023790438278616e-10,kg,False
"Transformation, to dump site, slag compartment",9.277593485611398e-08,m2,True
Phosphorus trichloride,4.661192139684569e-13,kg,False
Perlite,1.6552280092207782e-07,kg,True
Nitrate,8.260342535626375e-07,kg,False
Thorium-232,2.0758333471586467e-08,kBq,False
"2,4-Dichlorophenol",9.75324621591646e-12,kg,False
Thiencarbazone-methyl,1.2375248505526396e-17,kg,False
Copper oxychloride,1.44836678279721e-20,kg,False
Ethofumesate,1.493881049334238e-18,kg,False
Ammonium bisulfate,6.46452236591642e-08,kg,False
Ulexite,8.240964658945643e-07,kg,True
Phenmedipham,3.527648478749008e-20,kg,False
"2,4-di-tert-butylphenol",2.3172849441286096e-15,kg,False
1-Pentanol,3.4832116505232933e-12,kg,False
Diethanolamine,1.2344939461722268e-11,kg,False
Chlorine,8.609089150993563e-08,kg,False
"Transformation, from annual crop, irrigated, intensive",5.750830540181371e-08,m2,True
Potassium I,7.507997188235793e-05,kg,False
Sulfentrazone,1.0861490108146062e-09,kg,False
Potassium I,2.861630054338727e-13,kg,False
Chlorodifluoromethane,8.095095261273951e-11,kg,False
Prochloraz,5.977160731134509e-17,kg,False
Chloro-fluoromethane,1.2557368263582978e-09,kg,False
Benthiavalicarb,2.2091388977390145e-14,kg,False
"Occupation, seabed, infrastructure",3.6651321294795175e-06,m2*a,True
Dichromate,6.555122807839233e-09,kg,False
Imazethapyr,7.047071950095641e-13,kg,False
Imidacloprid,1.4090927613375647e-11,kg,False
Boron,8.190668550378812e-09,kg,False
Fluorene,1.251716132954315e-08,kg,False
"Actinides, radioactive, unspecified",4.806976321810804e-06,kBq,False
Ammonium sulfate,1.0795115643442161e-11,kg,False
Florasulam,2.309680362514569e-20,kg,False
"Occupation, permanent crop, irrigated, intensive",6.361559766639156e-08,m2*a,True
Fenamidone,2.7166197550005094e-16,kg,False
"PAH, polycyclic aromatic hydrocarbons",1.525225835011062e-10,kg,False
Ethyl benzene,8.604689889998159e-08,kg,False
Triallate,4.3168372096925484e-15,kg,False
"Transformation, to inland waterbody, unspecified",6.218257754181908e-10,m2,True
"Transformation, from forest, intensive",0.000777322233858773,m2,True
Thifensulfuron,7.638802631945791e-18,kg,False
Ethylene oxide,1.4049347588384057e-10,kg,False
Nitrate,2.890152962542895e-11,kg,False
Mineral oil,3.237674489305927e-08,kg,False
Prohexadione calcium,2.585151289070152e-15,kg,False
Dichlorofluoromethane,1.076017236306475e-10,kg,False
"Hydrocarbons, aromatic",1.685295535755085e-06,kg,False
"Transformation, to unspecified, natural (non-use)",9.992239759627996e-09,m2,True
Ferrocyanide,2.766588071973014e-13,kg,False
Fluazinam,7.59075135015176e-11,kg,False
Mesotrione,9.122964848826958e-14,kg,False
Thiencarbazone-methyl,9.139138348753487e-14,kg,False
MCPA,8.485043228818837e-13,kg,False
Ethylene carbonate,1.024177908605432e-08,kg,False
Acephate,2.7433270533750913e-12,kg,False
Graphite,9.958237776075339e-06,kg,True
Chlorpyrifos,9.85461116555154e-14,kg,False
Desmedipham,4.038425290573194e-19,kg,False
"Fungicides, unspecified",3.8003212935391787e-19,kg,False
Cobalt II,2.789574265408767e-09,kg,False
Thifensulfuron,2.634069873084751e-19,kg,False
Difenoconazole,4.3530827389753184e-14,kg,False
Sulfate,9.791871989839576e-08,kg,False
Fenpropidin,3.828825731080068e-15,kg,False
Phenanthrene,8.244925047503026e-08,kg,False
Copper oxide,4.100882986825954e-14,kg,False
"Occupation, urban, discontinuously built",5.572602861544852e-06,m2*a,True
Flumioxazin,1.1772124119331788e-14,kg,False
Formic acid,4.4383047692603425e-12,kg,False
Zeta-cypermethrin,2.0293990446793564e-13,kg,False
Prohexadione calcium,6.606423852055099e-19,kg,False
Acetamide,2.7281024259652917e-12,kg,False
Diflubenzuron,6.308121794068353e-12,kg,False
Phosphate,9.834998245966587e-07,kg,False
Isoproturon,5.473715092947691e-15,kg,False
"Wood, soft, standing",2.4712350721362335e-05,m3,True
Isocyanic acid,1.2177964984176106e-08,kg,False
Diquat dibromide,9.738182084559927e-10,kg,False
Trichlorfon,1.3168778260974098e-10,kg,False
Flumioxazin,2.2262050937671354e-13,kg,False
Butanol,1.8517746156034675e-07,kg,False
Metamitron,9.349501206104857e-18,kg,False
t-Butyl amine,1.6194614714082407e-11,kg,False
"Suspended solids, unspecified",5.770550626471268e-05,kg,False
Anthracene,3.901790361455144e-11,kg,False
Flusilazole,1.1263402362232447e-21,kg,False
Monochlorobenzene,6.531963769919731e-05,kg,False
Urea,1.851837566908446e-11,kg,False
Lenacil,3.58335549735612e-19,kg,False
Acetamiprid,2.152473317638177e-14,kg,False
Pentachlorobenzene,6.341779901909012e-10,kg,False
Caesium I,6.2735021308065285e-09,kg,False
Fluxapyroxad,2.8115513610721163e-12,kg,False
Propamocarb,1.0002371623347986e-16,kg,False
Nitrate,5.858821078750556e-08,kg,False
Nitrogen fluoride,1.5605698516640788e-17,kg,False
Bromoxynil,3.1035787221196206e-20,kg,False
Iodosulfuron-methyl-sodium,4.694424656569581e-15,kg,False
Monochloroethane,2.3320185517489687e-10,kg,False
"Transformation, to traffic area, rail/road embankment",9.37273500357036e-06,m2,True
Triadimenol,1.3577121043500106e-13,kg,False
Platinum,1.8259707710151363e-14,kg,False
Nitrogen dioxide,1.5519866492282528e-10,kg,False
Clodinafop-propargyl,1.9473381777247745e-14,kg,False
Fluroxypyr,3.126368860568896e-15,kg,False
Mandipropamid,1.7353146959934698e-13,kg,False
Fenbuconazole,6.408657374537856e-14,kg,False
Acenaphthylene,2.0194863693507325e-08,kg,False
Ioxynil,8.553418029446747e-21,kg,False
Radon-222,92.75654112936539,kBq,False
Diflufenzopyr-sodium,5.790929746546734e-13,kg,False
Radon-220,7.567523679178976e-06,kBq,False
Carbon,5.4359646352171156e-06,kg,False
"Xylenes, unspecified",3.131094049167512e-07,kg,False
Thiodicarb,4.708328752482396e-12,kg,False
Chrysotile,6.646722456640897e-07,kg,True
Benzaldehyde,4.4648851888748596e-09,kg,False
Propiconazole,9.397698734765727e-12,kg,False
Cinidon-ethyl,7.936237382329978e-21,kg,False
Acrylate,1.8537140261298185e-09,kg,False
"Transformation, to urban, discontinuously built",1.1104536884102427e-07,m2,True
Tritium,1.1444367114916114,kBq,False
Bixafen,1.6639143071480172e-19,kg,False
EPTC,3.446632339429842e-09,kg,False
Thorium-228,0.0006412627636141196,kBq,False
"Occupation, seabed, unspecified",-9.147592575039346e-27,m2*a,True
Thifensulfuron-methyl,6.438589502221639e-13,kg,False
Triflumuron,1.1782903300706921e-10,kg,False
Fenamidone,9.367654327587958e-18,kg,False
Phenmedipham,2.788872588144419e-16,kg,False
Trichlorofluoromethane,1.18711652876895e-10,kg,False
Fenpropidin,9.297337006522229e-18,kg,False
Phosphorus,5.013194429722647e-10,kg,False
Carbon,2.0397386432042772e-09,kg,False
Sulfosate,1.0175486529872867e-10,kg,False
Carbon tetrachloride,1.0355423151229583e-09,kg,False
Chlorotoluron,3.4543781839957104e-18,kg,False
Ethylene diamine,4.9529297754143386e-11,kg,False
Silicon,3.987408585173107e-09,kg,False
Glufosinate,6.395207278902913e-18,kg,False
Phosphorus trichloride,4.2484856639303187e-11,kg,False
Pyriproxyfen,3.0618226209100588e-15,kg,False
Dibutyltin,3.7198098264932486e-30,kg,False
Pencycuron,6.181923132600792e-14,kg,False
"Hydrocarbons, aliphatic, unsaturated",7.531480299028557e-08,kg,False
Hafnium,2.3690126981146504e-06,kg,True
Aldrin,1.1923451205869644e-08,kg,False
"Hydrocarbons, aliphatic, alkanes, unspecified",9.368471672018622e-07,kg,False
Amidosulfuron,2.544888950956304e-14,kg,False
Maneb,2.033121443719708e-11,kg,False
Cyazofamid,3.338583246550704e-18,kg,False
"Solids, inorganic",7.185043717985604e-05,kg,False
Propylene oxide,1.787247246907576e-08,kg,False
"2,4-D ester",1.7908034407197013e-22,kg,False
"Carboxylic acids, unspecified",2.308648784136803e-05,kg,False
Mancozeb,2.603584600543328e-12,kg,False
Metrafenone,8.061820962800803e-19,kg,False
Flonicamid,4.862749633959834e-15,kg,False
Methyl acetate,1.9184140069611606e-12,kg,False
Chlorotoluron,1.071483673032998e-12,kg,False
Dimethenamide,3.128574370050414e-16,kg,False
Vanadium V,6.839687137832562e-08,kg,False
Methoxyfenozide,3.1257771069672898e-12,kg,False
Radium-228,1.1346987893628873e-07,kBq,False
Methyl ethyl ketone,2.460723271946648e-07,kg,False
Methylchloride,2.6048519602229113e-13,kg,False
"VOC, volatile organic compounds",2.237328138809739e-06,kg,False
Tribenuron,2.1846199124811289e-16,kg,False
Isobutanol,2.6540911288201015e-10,kg,False
Polonium-210,6.126048708786428e-05,kBq,False
Cinidon-ethyl,2.7366335801137894e-22,kg,False
Halosulfuron-methyl,1.3403602858200247e-14,kg,False
Bentazone,7.969947346946235e-14,kg,False
Fipronil,1.5917040923642014e-10,kg,False
Cypermethrin,2.047890726386449e-15,kg,False
Beta-cyfluthrin,7.782453887436244e-12,kg,False
Barium II,5.540930429609741e-06,kg,False
Foramsulfuron,3.0669847839264637e-17,kg,False
2-Methyl-2-butene,1.1828625935259302e-15,kg,False
Fluxapyroxad,2.4210788457618715e-18,kg,False
Isophorondiisocyanate,7.099566755686137e-11,kg,False
Methyl acrylate,2.423789561380326e-08,kg,False
"2,4-D ester",1.5822391429511978e-20,kg,False
Dichlorprop,4.3752770945860456e-20,kg,False
Clodinafop-propargyl,1.9880542281302864e-21,kg,False
Uranium-238,3.0412034239432e-07,kBq,False
Fluorine,1.4769787892889914e-07,kg,False
Fluoxastrobin,9.76116961973558e-19,kg,False
"Pesticides, unspecified",2.1682763053969361e-16,kg,False
Acetonitrile,2.9849599818063573e-12,kg,False
Dimethomorph,8.814478656035044e-12,kg,False
Pirimicarb,4.7771787648979905e-18,kg,False
Copper ion,5.017565843913969e-08,kg,False
"1,1-Difluoroethane",2.793421146687176e-11,kg,False
Tebuthiuron,1.3358259054082e-11,kg,False
Metribuzin,7.8922309067723e-16,kg,False
Iodosulfuron-methyl-sodium,4.226044080446956e-20,kg,False
Topramezone,2.996077333833238e-14,kg,False
Benzo(b)fluoranthene,6.258581135275455e-09,kg,False
Amisulbrom,1.3105504616493362e-14,kg,False
Lithium I,3.8491885313675146e-13,kg,False
Quinclorac,1.7374786423583392e-13,kg,False
Thallium I,1.2623786005103438e-10,kg,False
Azinphos-methyl,8.409687138163389e-11,kg,False
Antimony ion,3.671497951869007e-10,kg,False
Acenaphthylene,7.49800622754385e-11,kg,False
Tebuthiuron,1.4679967720163463e-11,kg,False
Scandium,8.676424639311405e-09,kg,False
Terpenes,3.151824587383039e-09,kg,False
Butyl acrylate,7.38258950545609e-11,kg,False
Phosphoric acid,1.0063852438042893e-13,kg,False
Triclopyr,5.027065582745295e-17,kg,False
Boron,1.1511586444786407e-07,kg,False
"Transformation, from dump site, slag compartment",9.277593485611398e-08,m2,True
Pyrimethanil,3.7257110485564686e-27,kg,False
Chloroform,2.741932213685666e-10,kg,False
Copper oxychloride,1.1484176084269239e-11,kg,False
Chlorothalonil,2.3436705780433018e-08,kg,False
Tritium,0.015254404077627527,kBq,False
Fenoxaprop ethyl ester,2.3288850248962813e-15,kg,False
Argon-41,0.00012754956928954324,kBq,False
Thorium-228,0.0012547004261613058,kBq,False
Prosulfocarb,1.239598882624243e-12,kg,False
Triflusulfuron-methyl,8.690563726031531e-17,kg,False
Carbonyl sulfide,7.881495131426333e-07,kg,False
Pyriproxyfen,4.6460689326523386e-11,kg,False
Clothianidin,1.3345388505114404e-23,kg,False
"Transformation, from wetland, inland (non-use)",1.5703158612592726e-06,m2,True
Pyroxasulfone,1.625515781875483e-11,kg,False
Cupric chloride dihydrate,2.1274911451880684e-14,kg,False
Magnesium,0.00012855450009132563,kg,False
"Occupation, pasture, man made",6.859585645895497e-12,m2*a,True
Desmedipham,1.1008722596177277e-16,kg,False
Methylamine,8.401820248309894e-12,kg,False
Fludioxonil,3.1079807810867666e-13,kg,False
Zoxamide,1.9484483168204218e-17,kg,False
Cu-HDO,4.725358346138844e-15,kg,False
Fluoxastrobin,3.3659205585295145e-20,kg,False
Parathion,6.988066338423392e-13,kg,False
Fluazinam,6.953654016703836e-11,kg,False
m-Xylene,2.924283482642511e-11,kg,False
Mesosulfuron,2.3667223415701527e-19,kg,False
Haloxyfop-ethoxyethyl,5.300949735907268e-14,kg,False
"Transformation, from seabed, unspecified",2.0599541634944178e-05,m2,True
Potassium-40,7.664649350616508e-05,kBq,False
"Occupation, permanent crop",3.375844132807267e-05,m2*a,True
Chloridazon,1.6871799952254304e-20,kg,False
Orbencarb,3.1466023934883145e-09,kg,False
Borax,3.533109657752926e-10,kg,True
1-Pentanol,8.359816679756412e-12,kg,False
"1,4-Diethylbenzene",5.0445020796069436e-08,kg,False
Trifloxystrobin,2.1725657458743185e-20,kg,False
Propargite,4.630506526733915e-10,kg,False
Piperonyl butoxide,4.736248817756135e-12,kg,False
Imidacloprid,1.2878582831082696e-18,kg,False
Hexachlorobenzene,3.5531461247367954e-10,kg,False
Pyraflufen-ethyl,4.56936994652575e-20,kg,False
Xenon-133m,4.2407765785257935e-05,kBq,False
Simazine,1.0111704640290886e-14,kg,False
Monopotassium phosphite,4.4461479185060576e-13,kg,False
Amidosulfuron,1.03175361095194e-16,kg,False
Pendimethalin,2.8301457198201564e-14,kg,False
Phenoxy compounds,1.459094475989952e-14,kg,False
Florasulam,6.698073051292223e-19,kg,False
Prosulfocarb,4.547535636621377e-15,kg,False
Flupyrsulfuron-methyl sodium,1.4934880905778003e-20,kg,False
Nickel II,6.941848576451316e-09,kg,False
Phosphate,1.960532344444496e-11,kg,False
Tefluthrin,6.5432332054964005e-24,kg,False
Tetrachloroethylene,4.241689113425791e-06,kg,False
Benthiavalicarb,2.4556344470941007e-15,kg,False
Thiamethoxam,1.5255093505426843e-11,kg,False
Formic acid,7.593825570326452e-10,kg,False
Cinidon-ethyl,2.97520693539216e-14,kg,False
"Pesticides, unspecified",3.7269247340125374e-12,kg,False
Flufenacet,1.3918845481864897e-17,kg,False
Bicarbonate,3.5414003174176553e-06,kg,False
Chlorate,6.516130313627737e-06,kg,False
Clodinafop-propargyl,3.1617644717447163e-22,kg,False
Arsine,1.274667312012028e-14,kg,False
Cadmium II,7.780259913385326e-11,kg,False
"Transformation, to seabed, unspecified",2.3461180494794553e-08,m2,True
Carbendazim,6.30069998881151e-10,kg,False
Cyazofamid,2.460006050356194e-13,kg,False
Radium-226,3.649441706249389e-07,kBq,False
Titanium ion,7.120210204866532e-07,kg,False
Tritosulfuron,2.769191456058891e-15,kg,False
Carbon tetrachloride,2.184075099882461e-08,kg,False
Novaluron,2.327792236909348e-18,kg,False
Methiocarb,1.0633800284421551e-26,kg,False
"1,1,1-Trifluoroethane",8.47125090519871e-36,kg,False
"1,1,1-Trichloroethane",2.528117911584861e-09,kg,False
Platinum,4.457879523997486e-07,kg,True
Clothianidin,5.58771408479853e-21,kg,False
"Fungicides, unspecified",5.628985142889196e-14,kg,False
Bifenthrin,8.500236694830456e-17,kg,False
Boron trifluoride,5.629939449938362e-15,kg,False
Arsenic,1.0698418565133006e-06,kg,True
Chloroform,3.0728203657098397e-10,kg,False
Chloride,0.005125251698613172,kg,False
"Solids, inorganic",5.411865925335866e-23,kg,False
"Radioactive species, Nuclides, unspecified",5.548355058972766e-06,kBq,False
Beta-cyfluthrin,1.5146685748077112e-16,kg,False
Nitrate,1.623660741076642e-07,kg,False
Mandipropamid,3.4662977792943597e-12,kg,False
Vanadium V,2.083848147726827e-11,kg,False
Abamectin,5.11523595171648e-15,kg,False
Alkylbenzene (c10-c15),8.007813763904833e-11,kg,False
Fenoxaprop-P,1.474479288668455e-16,kg,False
Carbaryl,1.2541600937288163e-18,kg,False
Propaquizafop,1.4970125576802117e-17,kg,False
"Chlorinated solvents, unspecified",1.4331715631314061e-12,kg,False
Ethephon,1.0867618572743022e-18,kg,False
Flucarbazone sodium salt,7.994023330500504e-17,kg,False
Maleic hydrazide,1.0474729504041921e-13,kg,False
Hypochlorite,1.5817184354040705e-05,kg,False
Rimsulfuron,8.07087199615652e-20,kg,False
"Water, in air",4.2551937106445196e-07,m3,True
Bromoxynil,1.0905662790645622e-21,kg,False
"2,4-DB",5.961513446295085e-21,kg,False
Formic acid,8.18030201313369e-11,kg,False
Isoxaflutole,1.471431086495933e-21,kg,False
Benzo(ghi)perylene,2.455183180274133e-15,kg,False
Magnesium,3.0696627989687465e-07,kg,False
Thorium-232,9.154025361864661e-08,kBq,False
Potassium I,3.980604941416288e-06,kg,False
Laterite,0.00018307502253552953,kg,True
Fluoxastrobin,4.087001659592106e-16,kg,False
Iodosulfuron,3.715226377410531e-15,kg,False
"Transformation, from permanent crop, non-irrigated",6.144053487898557e-05,m2,True
Zinc-65,2.7387481724099355e-09,kBq,False
Decanoic acid,1.6994714597263543e-11,kg,False
Oxamyl,6.751656352470416e-10,kg,False
Methyl acetate,4.6042060222290035e-12,kg,False
Endothall,2.6598332763373877e-12,kg,False
Vanadium V,1.7286438783460177e-08,kg,False
Acetonitrile,3.78218950485965e-09,kg,False
Calcium II,9.75274529383837e-06,kg,False
Praseodymium,6.361887161194009e-07,kg,True
Spirotetramat,1.2486241883804891e-19,kg,False
Ethylene,5.355824840973682e-07,kg,False
Thiabendazole,1.146376444189839e-15,kg,False
Anthracene,1.9336615098716988e-08,kg,False
Nicosulfuron,2.354983057527118e-18,kg,False
Arsenic ion,7.484165825721994e-09,kg,False
Fluazinam,2.9763893885130956e-12,kg,False
Paraquat,8.537406504661674e-16,kg,False
Chlorantraniliprole,1.0410221631881304e-15,kg,False
Imazapyr,1.2990334177298726e-14,kg,False
Acephate,3.0080314410557676e-11,kg,False
Fenamidone,6.66055565267269e-13,kg,False
Potassium-40,3.2343263451481705e-08,kBq,False
Spirotetramat,9.868520394117552e-16,kg,False
Neodymium,1.9043457757792888e-06,kg,True
Terbium,1.1399633664209553e-09,kg,True
Maleic anhydride,9.133871855579539e-11,kg,False
Prosulfocarb,1.568115736765996e-16,kg,False
Acetamiprid,2.820208464175243e-14,kg,False
Arsenic ion,1.2861738848711707e-08,kg,False
Trinexapac-ethyl,5.772558356232532e-19,kg,False
2-Methyl-2-butanol,5.461701744096382e-16,kg,False
Ammonium,5.504143713102785e-06,kg,False
Sulfosulfuron,8.837770737618111e-18,kg,False
Selenium IV,1.2279632941362672e-09,kg,False
Spodumene,5.213163037204362e-07,kg,True
Nicosulfuron,1.1724107472146776e-13,kg,False
Hydrogen peroxide,1.1507871004360359e-09,kg,False
Acetone cyanohydrin,2.8276749828021046e-08,kg,False
"2,4-D dimethylamine salt",4.921838902788088e-20,kg,False
Triethylammonium,3.0825833948800924e-24,kg,False
Spiroxamine,3.029401075380875e-15,kg,False
Fluoranthene,2.850139805124378e-08,kg,False
Triflusulfuron-methyl,3.544592723394552e-20,kg,False
Tembotrione,5.178953811227839e-15,kg,False
Bifenthrin,5.750444234213702e-14,kg,False
Cyanide,3.359493393253062e-05,kg,False
"Transformation, to pasture, man made, intensive",4.559475990256275e-08,m2,True
Scandium,8.659189482302041e-09,kg,True
Chloride,8.599396088116956e-05,kg,False
Phenoxy compounds,1.311476559428136e-13,kg,False
Peracetic acid,9.01976841237483e-08,kg,False
Fludioxonil,6.8745425935186545e-18,kg,False
"Transformation, from traffic area, rail/road embankment",5.5285164512047035e-06,m2,True
"1,1,1,2-Tetrafluoroethane",6.030329071079069e-08,kg,False
Methoxyfenozide,5.633819222336941e-15,kg,False
"Occupation, unspecified, natural (non-use)",4.0968183014474795e-07,m2*a,True
Mecoprop-P,3.624568483550991e-14,kg,False
Chlorine,2.0288017305990932e-08,kg,False
Bromomethane,1.4625320763832773e-08,kg,False
Phosphorous acid,3.1097972230118017e-13,kg,False
"Transformation, from annual crop, non-irrigated, extensive",1.0771123329425418e-07,m2,True
Hydrochloric acid,7.03295907726991e-07,kg,False
Propionic acid,4.1053356952888635e-11,kg,False
Mesosulfuron,9.909466298212894e-17,kg,False
Flufenacet,1.2007213273911454e-12,kg,False
Tebupirimfos,2.7432290234078535e-12,kg,False
Ioxynil,1.4010804954382223e-12,kg,False
Pencycuron,2.2683042130772234e-16,kg,False
"Oils, non-fossil",6.309245022963871e-07,kg,False
Bromotrifluoromethane,1.55918085377815e-15,kg,False
Triethylene glycol,2.0411285820208997e-09,kg,False
Bromine,7.795621889017482e-10,kg,False
Mecoprop-P,9.982996547623717e-13,kg,False
Fipronil,1.9377219749182065e-11,kg,False
Antimony,4.274487657601005e-08,kg,True
Bentazone,1.744077704550757e-15,kg,False
Flurochloridone,2.003062852115847e-18,kg,False
Phenoxy compounds,1.651519997391301e-16,kg,False
Benzovindiflupyr,1.6386115491567278e-12,kg,False
Ametoctradin,4.2275821343527084e-16,kg,False
Pentafluoroethane,1.0998561583442609e-34,kg,False
Benzovindiflupyr,1.8722997211197837e-16,kg,False
Fluquinconazole,3.8394492510353833e-19,kg,False
Propaquizafop,1.1641001946805925e-14,kg,False
Cyclohexane,8.613958528646707e-07,kg,False
Diuron,1.4036802478614791e-14,kg,False
Fenpropimorph,1.7498767471603605e-19,kg,False
Epoxiconazole,1.836198359488185e-19,kg,False
"1,1,2-Trichloro-1,2,2-trifluoroethane",2.6731902765706053e-10,kg,False
Chlorimuron-ethyl,4.414451215254561e-14,kg,False
Benomyl,3.1394705513844447e-12,kg,False
Cyprodinil,1.0281398906202451e-18,kg,False
Gibberellic acid,1.7063136625206858e-17,kg,False
Benzo(a)pyrene,2.7358734634896372e-15,kg,False
Antimony ion,4.334172817650879e-11,kg,False
Radium-226,7.51937015221555e-08,kBq,False
Diethyl ether,6.656523494297176e-17,kg,False
"2,4-DB",1.4399003783888955e-20,kg,False
Flusilazole,3.883931849045664e-23,kg,False
MCPB,1.1321653913859135e-16,kg,False
Lead-210,1.4140291032501923e-06,kBq,False
Thiophanate-methyl,2.3384079462311417e-13,kg,False
"Transformation, from forest, extensive",4.911925580804182e-05,m2,True
Pinoxaden,8.707754862886772e-15,kg,False
Anthraquinone,2.0582161748676534e-14,kg,False
Chloride,2.80169964936184e-07,kg,False
Caesium I,3.2059202272720415e-09,kg,False
Fluopicolide,3.6209240980730845e-13,kg,False
Chlorantraniliprole,3.642415132389959e-19,kg,False
Fluoride,1.3280464473169184e-07,kg,False
Metrafenone,3.37548438741235e-16,kg,False
MCPB,2.223721967972155e-12,kg,False
Spiroxamine,1.9920070096254262e-12,kg,False
Novaluron,2.823508917386629e-13,kg,False
Carbendazim,3.270062413553813e-11,kg,False
Diquat dibromide,1.8512680601641677e-12,kg,False
Trifluralin,3.6928421753332354e-16,kg,False
Cobalt II,2.6007848475415717e-09,kg,False
Pyriproxyfen,1.5465089044686913e-14,kg,False
Sulfur dichloride,9.90504131274017e-15,kg,False
Mercury II,2.1754211856507823e-10,kg,False
Barium II,3.004018140114168e-07,kg,False
Propiconazole,3.5857617111610683e-14,kg,False
Lambda-cyhalothrin,8.053954021250022e-14,kg,False
Zinc II,2.9201893625442614e-07,kg,False
Tungsten,9.802380067362877e-10,kg,False
Lead II,6.491072026570778e-11,kg,False
"1,1,2-Trichloro-1,2,2-trifluoroethane",5.1899058087626656e-11,kg,False
Mecoprop-P,4.695813706811234e-16,kg,False
Bentazone,3.5797980645674497e-12,kg,False
Fluquinconazole,5.535817277757822e-18,kg,False
Glufosinate ammonium,5.4108417359089255e-11,kg,False
Phosphorus,4.2353694005081987e-07,kg,False
Cymoxanil,6.84806688979551e-16,kg,False
Lead II,4.0974407164867705e-08,kg,False
Triclopyr,4.04321628639032e-16,kg,False
Tribenuron-methyl,1.4779329928235582e-15,kg,False
Diquat dibromide,4.081685448532516e-11,kg,False
"Radioactive species, other beta emitters",7.0149093418925585e-12,kBq,False
Pencycuron,5.561384297740971e-13,kg,False
Ethylamine,1.0584955584054096e-10,kg,False
Metalaxyl-M,6.116271413209646e-15,kg,False
Barite,1.2775570765917875e-05,kg,False
Thiophanate-methyl,1.0333747413893204e-13,kg,False
Dichlorprop,1.4170149970760353e-18,kg,False
Pentachlorobenzene,6.5687417167629e-15,kg,False
Choline chloride,1.7633332455333269e-13,kg,False
Cupric hydroxide,2.4245941311184716e-14,kg,False
Emamectin benzoate,5.3803718821125406e-14,kg,False
Tebuthiuron,2.3255826828910695e-13,kg,False
Dysprosium,2.207901971831773e-09,kg,True
"Dibenz(a,h)anthracene",1.7505330611051945e-09,kg,False
Phosgene,5.975523266876604e-05,kg,False
Linuron,5.1361114771780056e-21,kg,False
Mesosulfuron,8.916071334934782e-16,kg,False
Caesium-134,8.005001424092015e-10,kBq,False
Alkylbenzene (c10-c15),6.105134905772564e-10,kg,False
Myclobutanil,2.0331007387935963e-13,kg,False
Nitrite,7.45851130359257e-09,kg,False
Carnallite,0.0003726374638578246,kg,True
"Occupation, traffic area, rail network",0.0005704817523939071,m2*a,True
Xenon-131m,0.0011701070446124072,kBq,False
Bixafen,1.8178380011798724e-14,kg,False
Chlorimuron-ethyl,3.1094218395589284e-11,kg,False
Laminarin,1.7543942627693391e-15,kg,False
Abamectin,2.453663575712324e-11,kg,False
