Flow,Amount,Unit,Is input
Water,0.007422911881257246,m3,False
"Transformation, to industrial area",4.090786618642467e-05,m2,True
"Transformation, to lake, artificial",3.287732425053061e-05,m2,True
"Water, turbine use, unspecified natural origin",3.747671851316234,m3,True
"Transformation, from forest, unspecified",0.0007957041866087645,m2,True
"Energy, potential (in hydropower reservoir), converted",0.49667163883584275,MJ,True
"Carbon dioxide, from soil or biomass stock",0.003858372168293853,kg,False
Water,3.7936193209562323,m3,False
"Methane, non-fossil",4.9684194496754566e-05,kg,False
"Volume occupied, reservoir",0.02172338458707064,m3*a,True
"Occupation, lake, artificial",0.0032977161070659572,m2*a,True
Water,0.07675819089348773,m3,False
"Particulate Matter, > 2.5 um and < 10um",0.00041727077501041464,kg,False
"Hydrocarbons, unspecified",0.00010914498085322637,kg,False
Cadmium II,5.241077949019726e-08,kg,False
"Dioxins, measured as 2,3,7,8-tetrachlorodibenzo-p-dioxin",5.186471136763012e-13,kg,False
Selenium IV,5.8037195685646984e-08,kg,False
Chromium VI,1.6602342823595045e-08,kg,False
Vanadium V,1.2407565884007444e-08,kg,False
Copper ion,1.1083197929694135e-05,kg,False
"TOC, Total Organic Carbon",1.534521537457959e-05,kg,False
Ammonia,3.2617310373859856e-05,kg,False
Arsenic ion,5.217137113225771e-08,kg,False
Chromium III,3.82315222156355e-07,kg,False
Zinc II,5.320196554294102e-06,kg,False
Nitrogen,3.3968275312205846e-06,kg,False
"Water, unspecified natural origin",0.005573359618046813,m3,True
"AOX, Adsorbable Organic Halides",1.3665187315965164e-07,kg,False
Benzene,2.7475467426099574e-07,kg,False
Rhodium III,3.954801190265644e-10,kg,False
Mercury II,5.401709972062557e-09,kg,False
Chloride,0.0004797662229445288,kg,False
Tin ion,1.5101616738111915e-06,kg,False
Formaldehyde,3.8656077660241535e-06,kg,False
Nickel II,4.790595055291087e-07,kg,False
Sulfate,0.0006652951632185676,kg,False
Sulfide,3.2545275400920495e-07,kg,False
Selenium IV,2.4819355816050106e-08,kg,False
"Suspended solids, unspecified",4.368871901783871e-05,kg,False
Nitrogen oxides,0.004650927199380364,kg,False
Tellurium,5.604601008145132e-10,kg,False
Platinum,3.954801190265644e-10,kg,False
"PAH, polycyclic aromatic hydrocarbons",4.5778098399278176e-10,kg,False
Beryllium II,5.93958162993985e-10,kg,False
Palladium II,3.9551161829155677e-10,kg,False
Vanadium V,3.991386593516736e-06,kg,False
Copper ion,4.5166506087426373e-07,kg,False
Antimony ion,2.0984329763487195e-06,kg,False
Ammonium,1.975804019279102e-06,kg,False
Cobalt II,9.502686966810142e-08,kg,False
Arsenic ion,1.177417359809157e-08,kg,False
Fluoride,1.051866436226945e-06,kg,False
Barium II,1.5459671449393597e-07,kg,False
Hydrogen fluoride,2.115162609268451e-06,kg,False
Lead II,1.7259500830787554e-06,kg,False
Hydrochloric acid,9.737537091141127e-06,kg,False
Boron,2.4814695898227445e-07,kg,False
Chromium III,9.949196593578933e-06,kg,False
Sodium I,7.706057876968406e-05,kg,False
"NMVOC, non-methane volatile organic compounds",0.0015178721462149871,kg,False
t-Butyl methyl ether,1.2407347949113707e-08,kg,False
Cyanide,2.907253599977088e-07,kg,False
"Heat, waste",0.6456485627429576,MJ,False
Nickel II,5.5229200254039045e-06,kg,False
Hydrogen sulfide,7.163201130947222e-06,kg,False
Cobalt II,9.41068293854862e-10,kg,False
Mercury II,2.955459093423558e-08,kg,False
Benzene,9.938453416221453e-06,kg,False
"Particulate Matter, < 2.5 um",0.0004045003339372354,kg,False
"Carbon monoxide, fossil",0.0043013713014537274,kg,False
Cadmium II,3.130014490500257e-08,kg,False
"Xylenes, unspecified",8.83083213866787e-06,kg,False
Dinitrogen monoxide,2.727102216708623e-05,kg,False
Toluene,1.4151713287879488e-06,kg,False
"Particulate Matter, > 10 um",0.001466647160737274,kg,False
Thallium I,1.2594413602358794e-08,kg,False
Aluminium III,1.0067533258636514e-07,kg,False
Nitrate,1.8603400114498856e-06,kg,False
"Xylenes, unspecified",3.6225953952822602e-09,kg,False
Nitrite,3.795025737995197e-08,kg,False
"BOD5, Biological Oxygen Demand",4.1182232795209657e-05,kg,False
Molybdenum VI,6.203673974556864e-09,kg,False
"Heat, waste",0.10226847327338068,MJ,False
Water,0.0030076462343262395,m3,False
Benzo(a)pyrene,1.698247541132468e-09,kg,False
"Water, cooling, unspecified natural origin",0.04771426464033988,m3,True
Manganese II,4.272470900017859e-06,kg,False
Zinc II,5.665473682425578e-07,kg,False
Iron ion,2.2810265384103365e-05,kg,False
Manganese II,1.3373482223547904e-07,kg,False
Toluene,4.9451930572380095e-08,kg,False
"PAH, polycyclic aromatic hydrocarbons",1.2783282531726324e-07,kg,False
Lead II,3.697056713590639e-07,kg,False
Tin ion,6.20405487816377e-09,kg,False
Phenol,9.027390052394683e-08,kg,False
"Carbon dioxide, fossil",1.0815446413826426,kg,False
"Methane, fossil",4.630279082426878e-05,kg,False
Phosphorus,3.7736752406627156e-07,kg,False
"Carbon dioxide, non-fossil",0.001833900661855755,kg,False
Sulfur dioxide,0.0013806439899758033,kg,False
"DOC, Dissolved Organic Carbon",1.516112362499479e-05,kg,False
"COD, Chemical Oxygen Demand",7.620910638073213e-05,kg,False
"Water, well, in ground",0.001423857430956215,m3,True
"DOC, Dissolved Organic Carbon",0.016350720885667244,kg,False
Chloride,0.0020235902652463956,kg,False
"COD, Chemical Oxygen Demand",0.0006481916183758012,kg,False
Phenol,2.2377612073921055e-06,kg,False
Chlorine,1.6398633322261668e-06,kg,False
"Water, river",0.001771945660163237,m3,True
Sodium I,0.029893485110671546,kg,False
"Carbon dioxide, fossil",0.11030327180208303,kg,False
Phenol,7.424547241431202e-09,kg,False
"TOC, Total Organic Carbon",0.0026048376671630844,kg,False
"BOD5, Biological Oxygen Demand",0.0005153514968040563,kg,False
Hydrogen,2.666547608086454e-05,kg,False
Ammonia,0.0005798175322888684,kg,False
Benzene,4.474548758099901e-06,kg,False
"NMVOC, non-methane volatile organic compounds",0.017911800250928266,kg,False
Nickel II,3.1956567677816176e-05,kg,False
"PAH, polycyclic aromatic hydrocarbons",3.239632932073363e-06,kg,False
"Carbon dioxide, fossil",6.422996578341414,kg,False
Selenium IV,5.334968762151049e-07,kg,False
Lead II,7.663892016302264e-09,kg,False
"Methane, fossil",0.02386628964073002,kg,False
Sulfur dioxide,0.019566577545763016,kg,False
Cadmium II,2.4239586172417923e-09,kg,False
Benzo(a)pyrene,5.463311858432067e-08,kg,False
Dinitrogen monoxide,0.0003477493297571064,kg,False
Copper ion,1.0020518991918672e-06,kg,False
"Carbon monoxide, fossil",0.0062968040121295305,kg,False
Zinc II,8.450846027592387e-08,kg,False
"Particulate Matter, < 2.5 um",0.01317228792565065,kg,False
Cadmium II,1.4202037847656542e-07,kg,False
Chromium III,2.1464129098120217e-06,kg,False
Nitrogen oxides,0.14121360212787074,kg,False
Zinc II,2.233039206661871e-06,kg,False
"Dioxins, measured as 2,3,7,8-tetrachlorodibenzo-p-dioxin",1.834818015466493e-13,kg,False
Dinitrogen monoxide,5.792806957816805e-06,kg,False
"Carbon monoxide, fossil",0.000155665708422375,kg,False
Sulfur dioxide,0.0004571541277511099,kg,False
"NMVOC, non-methane volatile organic compounds",0.00012954549797810407,kg,False
"Methane, fossil",1.8445958949230763e-05,kg,False
Nitrogen oxides,0.00021604320710527568,kg,False
Oxygen,0.2481048170365128,kg,True
"Heat, waste",0.09858533895593344,MJ,False
Mercury II,1.8387404892510648e-09,kg,False
Non-hazardous waste disposed,3.5094999029024,kg,False
"Occupation, dump site",0.005179514360660699,m2*a,True
"Transformation, from unspecified",0.0005218447089067002,m2,True
"Transformation, to dump site",4.0302196903126414e-05,m2,True
Sulfur hexafluoride,7.570384750491805e-08,kg,False
"Particulate Matter, > 10 um",0.0012047629718196923,kg,False
Nickel II,1.2421910627749262e-07,kg,False
"COD, Chemical Oxygen Demand",1.5292384259138508e-06,kg,False
Sulfate,0.0009193275255660978,kg,False
Manganese II,2.0240662411139095e-06,kg,False
"DOC, Dissolved Organic Carbon",1.7153578835645336e-06,kg,False
"TOC, Total Organic Carbon",1.7153578835645336e-06,kg,False
Iron ion,8.746072199413817e-05,kg,False
Chromium III,2.600049781178375e-08,kg,False
Dissolved solids,2.94574382445984e-05,kg,False
Arsenic ion,1.0487395259157922e-07,kg,False
Cadmium II,1.0883792483703834e-08,kg,False
Lead II,1.9187476811031778e-07,kg,False
"Occupation, industrial area",0.013693426346370505,m2*a,True
Selenium IV,3.609645468756614e-08,kg,False
"BOD5, Biological Oxygen Demand",3.719999026147784e-07,kg,False
"Solids, inorganic",0.00018641231147317435,kg,False
Tin ion,1.0105707332742236e-08,kg,False
Chloride,0.002360218840750889,kg,False
Copper ion,3.005833799348599e-07,kg,False
Uranium alpha,0.0003274778917970278,kBq,False
"Transformation, to mineral extraction site",0.0007338546319142183,m2,True
Uranium,1.9903186120261487e-06,kg,True
Radon-222,1.0962557418230334,kBq,False
Radium-226,0.24899362213290238,kBq,False
Gangue,0.5750958630357822,kg,True
"Suspended solids, unspecified",0.00020534382966168313,kg,False
"Transformation, from industrial area",3.920538968828821e-07,m2,True
Molybdenum VI,5.751924901611444e-07,kg,False
Sulfate,0.001041852665309326,kg,False
Cadmium II,2.0092455192478852e-08,kg,False
Aluminium III,7.556984885495687e-06,kg,False
Nitrate,5.2478849229318406e-05,kg,False
Magnesium,0.0012029885915586709,kg,False
Lead II,8.126153921934593e-08,kg,False
Arsenic ion,1.0698200755352233e-07,kg,False
Selenium IV,4.187333404161757e-08,kg,False
Uranium alpha,1.975374242578956e-05,kBq,False
Ammonium,7.248920974383866e-05,kg,False
"Occupation, mineral extraction site",0.0027910210885262426,m2*a,True
Zinc II,6.63739573473757e-06,kg,False
Barium II,7.038821187412822e-05,kg,False
Iron ion,2.2720889425176412e-05,kg,False
Thorium-230,0.0007106205075011672,kBq,False
Vanadium V,5.857227332572416e-07,kg,False
Manganese II,2.4865357591857108e-06,kg,False
"Transformation, to unspecified",1.3219599170061002e-05,m2,True
"Energy, solar, converted",0.008267967289837527,MJ,True
"Transformation, from pasture, man made",0.00011220008671263427,m2,True
"Occupation, river, artificial",0.017545319843022125,m2*a,True
"Transformation, from shrub land, sclerophyllous",6.464034293155998e-05,m2,True
"Transformation, to river, artificial",0.0001501257727798565,m2,True
Nitrobenzene,2.480463980333783e-08,kg,False
Aniline,6.193421434680787e-09,kg,False
Chlorine,1.5173634169367148e-06,kg,False
Vinyl chloride,1.623341251934251e-08,kg,False
"1,1,2-Trichloroethane",2.9742653085843126e-10,kg,False
Zirconium-95,5.273955149692834e-05,kBq,False
Niobium-95,0.00012917201029097943,kBq,False
"Hydrocarbons, unspecified",2.6334234646108415e-07,kg,False
Technetium-99m,6.7920135512404e-07,kBq,False
Antimony-124,0.00011786054148929027,kBq,False
"Noble gases, radioactive, unspecified",9.68539057842213,kBq,False
Cobalt-58,5.561047561337977e-05,kBq,False
Antimony-125,2.1279455541774795e-06,kBq,False
Molybdenum-99,2.620064578724544e-08,kBq,False
Chromium-51,5.460242241104241e-06,kBq,False
Zinc-65,1.0953372383456255e-05,kBq,False
Iodine-131,2.301910527785625e-05,kBq,False
Antimony-125,1.0947267426867488e-09,kBq,False
Tritium,0.7189912333618399,kBq,False
Antimony-122,4.229200749525788e-08,kBq,False
Cobalt-60,7.3928696950552e-09,kBq,False
Ruthenium-103,1.3724206132582708e-08,kBq,False
Silver-110,1.464313976328979e-10,kBq,False
Strontium-89,5.443956218549554e-07,kBq,False
Water,0.00021036551213916006,m3,False
Barium-140,2.725274028257975e-08,kBq,False
Xenon-133,0.034498969460111904,kBq,False
Caesium-136,1.314607755107084e-08,kBq,False
Iodine-133,8.514541332007996e-08,kBq,False
Tellurium-132,3.939144945907677e-09,kBq,False
Zirconium-95,2.7273526406724137e-09,kBq,False
Krypton-85m,0.0006795628279006033,kBq,False
Tellurium-123m,9.696688498537276e-08,kBq,False
Cobalt-60,3.298707017016151e-05,kBq,False
Niobium-95,1.8177299244302636e-07,kBq,False
Iodine-133,5.651122398759145e-08,kBq,False
"Radioactive species, alpha emitters",7.070707578400985e-07,kBq,False
Carbon-14,1.2917198183301072e-05,kBq,False
Lanthanum-140,8.97880523564078e-08,kBq,False
Cerium-144,2.2549499571588473e-08,kBq,False
Cobalt-57,4.1730609165674025e-07,kBq,False
Carbon-14,0.002332166229781397,kBq,False
Antimony-124,5.385313851463631e-11,kBq,False
"Aerosols, radioactive, unspecified",2.535581320825038e-07,kBq,False
Manganese-54,1.744607331484242e-06,kBq,False
Caesium-137,5.817451730567813e-09,kBq,False
Iron-59,0.00010536661075801742,kBq,False
Xenon-135,0.011589751566930801,kBq,False
Cerium-141,3.342158690768331e-08,kBq,False
Caesium-137,1.2106323954075375e-05,kBq,False
Caesium-134,1.0697973047882263e-06,kBq,False
Sodium-24,4.852013244861563e-07,kBq,False
"Radioactive species, other beta emitters",6.2379878833381436e-09,kBq,False
Iodine-131,1.8184618316141283e-05,kBq,False
Cobalt-58,1.0630539440874358e-09,kBq,False
Strontium-90,0.000465945353917369,kBq,False
Silver-110,1.9837115791886926e-05,kBq,False
"Transformation, from dump site",6.302592514648536e-06,m2,True
"Transformation, to forest, unspecified",7.006896442261494e-05,m2,True
Vanadium V,7.498625077758897e-05,kg,False
"Transformation, from traffic area, road network",3.7815775678077797e-06,m2,True
"Transformation, to traffic area, road network",0.00019584720544061086,m2,True
Silicon,0.016796972110403666,kg,False
"Transformation, to shrub land, sclerophyllous",6.235851248455696e-05,m2,True
"Occupation, shrub land, sclerophyllous",0.0003117921980666938,m2*a,True
Hazardous waste disposed,0.47323771449073027,kg,False
"Waste mass, total, placed in landfill",0.13879454662686794,kg,True
"Occupation, traffic area, road network",0.07052736597169343,m2*a,True
Molybdenum VI,4.239797331876271e-06,kg,False
"Occupation, construction site",0.00040825510687197026,m2*a,True
"Transformation, to pasture, man made",4.145101974643012e-06,m2,True
Silicon,7.254859400447055e-05,kg,False
Iron ion,0.004350024851312323,kg,False
Zinc II,2.261400715181803e-07,kg,False
Propylene,4.946132943134055e-07,kg,False
"Hydrocarbons, aliphatic, alkanes, cyclic",2.837068588389511e-07,kg,False
"Particulate Matter, < 2.5 um",0.00010249262191814079,kg,False
Propylene oxide,8.662678751662421e-08,kg,False
"PAH, polycyclic aromatic hydrocarbons",4.041212065171568e-08,kg,False
Methyl ethyl ketone,2.0626731878277596e-06,kg,False
Heptane,2.0456204027445947e-07,kg,False
Copper ion,9.513673596027669e-08,kg,False
Ethane,6.721672971876889e-07,kg,False
Nickel II,1.2157460687930864e-07,kg,False
Toluene,2.7450477686684234e-07,kg,False
Benzene,9.200233143681584e-07,kg,False
Isohexane,6.873710950413216e-10,kg,False
Ethylene oxide,1.554700636469263e-08,kg,False
1-Pentene,2.0058187317351448e-11,kg,False
o-Xylene,1.1089741819951796e-10,kg,False
Pentane,1.6122134050117956e-06,kg,False
Ethylene,1.1632137237335643e-06,kg,False
Cadmium II,4.764439432436827e-09,kg,False
Propane,1.0146882658460755e-06,kg,False
Acetone,6.350646888206375e-07,kg,False
m-Xylene,2.2241982160725623e-08,kg,False
Acrolein,2.710969318295049e-09,kg,False
Chromium VI,1.0706477797699665e-09,kg,False
Formaldehyde,4.2001620460702316e-07,kg,False
Benzaldehyde,1.2600132464397343e-09,kg,False
Butane,7.515962379978718e-07,kg,False
Selenium IV,6.796383868145277e-09,kg,False
Styrene,5.286685436618356e-08,kg,False
Hexane,1.7910784160603354e-06,kg,False
Acetaldehyde,1.2226969214190252e-07,kg,False
Chromium III,1.3704866774492691e-08,kg,False
Ammonia,4.948323864606812e-06,kg,False
Lead II,6.114999897210232e-08,kg,False
Hydrogen,1.3699287389824907e-05,kg,False
Ethylene,1.6831146603634913e-10,kg,False
Lead II,1.4134509030254626e-06,kg,False
Propane,0.00013235630087830665,kg,False
Arsenic ion,8.980081301388037e-07,kg,False
"Dioxins, measured as 2,3,7,8-tetrachlorodibenzo-p-dioxin",2.1245344095133713e-12,kg,False
Propionic acid,2.3184035244457526e-08,kg,False
Butane,0.00027002712226458777,kg,False
Acenaphthene,1.2211296782556852e-08,kg,False
Beryllium II,5.188435901140272e-10,kg,False
Hexane,0.00011598564332725404,kg,False
Manganese II,2.071537998441126e-07,kg,False
Acetaldehyde,5.481393255384593e-07,kg,False
Formaldehyde,1.0330163749902683e-06,kg,False
Cobalt II,9.428082571678036e-08,kg,False
Pentane,0.00020472251433912853,kg,False
Acetic acid,6.087758586605958e-07,kg,False
Toluene,1.570053233594641e-06,kg,False
Ethane,1.2128262616896018e-05,kg,False
Mercury II,6.65880569585798e-08,kg,False
Scandium,1.868175293770963e-08,kg,False
Lead II,7.570203243334896e-05,kg,False
Cadmium II,1.605120303113518e-06,kg,False
Molybdenum VI,1.647226344842194e-07,kg,False
Vanadium V,8.108917852105034e-09,kg,False
Thallium I,3.23915580519831e-10,kg,False
Antimony ion,2.6958451479471907e-08,kg,False
Iodide,4.225838435293038e-09,kg,False
Boron,4.332720475778685e-08,kg,False
Thallium I,1.6275456553469163e-06,kg,False
Magnesium,3.691520628767115e-05,kg,False
Potassium I,1.1171853443132122e-05,kg,False
Barium II,7.957961002680357e-05,kg,False
Bromine,2.2174568007360296e-06,kg,False
Aluminium III,3.4404964219032314e-06,kg,False
Phosphate,0.0009906134274255127,kg,False
Mercury II,2.681167421648869e-10,kg,False
Cobalt II,6.631147092901178e-08,kg,False
Bromine,5.9588727716739726e-08,kg,False
Silicon,1.2341084820773097e-05,kg,False
Tungsten,2.42317355699517e-06,kg,False
Beryllium II,8.579377447324039e-07,kg,False
Copper ion,0.0003163736668620737,kg,False
Iodide,3.0992514327703354e-07,kg,False
Mercury II,2.1817840781779896e-07,kg,False
Zinc II,8.228389361122098e-06,kg,False
Calcium II,0.01298038060005073,kg,False
Sodium I,0.0031372599949309387,kg,False
Phosphate,0.00010338433317201699,kg,False
Tin ion,9.855435090259753e-06,kg,False
Chromium VI,4.469964628045907e-05,kg,False
Nickel II,6.914693818155525e-05,kg,False
Beryllium II,2.2945258969629086e-09,kg,False
Zinc II,0.00013628276612594453,kg,False
Antimony ion,3.0989574775105285e-06,kg,False
Cobalt II,2.5263555685129325e-05,kg,False
Fluoride,1.0076690089338599e-06,kg,False
Chromium VI,4.6581048361816305e-08,kg,False
Manganese II,0.0002556277233330579,kg,False
Chloride,0.0010762576969885493,kg,False
Fluoride,0.00018989574700413396,kg,False
Strontium II,1.601998014329464e-06,kg,False
Potassium I,0.002008414482539456,kg,False
Aluminium III,0.006360456475167549,kg,False
Titanium ion,0.00017063915808166046,kg,False
Arsenic ion,1.204341530130465e-05,kg,False
Magnesium,0.00331162413888023,kg,False
Strontium II,0.00011459337599885071,kg,False
Barium II,1.5184265037764304e-07,kg,False
Selenium IV,1.2006089860609525e-06,kg,False
Scandium,4.697667447438272e-06,kg,False
Boron,1.011710826169849e-05,kg,False
Tungsten,1.5374475981051495e-08,kg,False
Sodium I,3.167918707354057e-05,kg,False
Sulfate,0.02009498937961789,kg,False
Calcium II,8.742682803038208e-05,kg,False
Titanium ion,4.062527295755334e-07,kg,False
"BOD5, Biological Oxygen Demand",0.0020513196177113203,kg,False
Nitrate,8.527757585196391e-05,kg,False
Titanium ion,1.6012797382344466e-08,kg,False
Antimony ion,4.255997241415444e-08,kg,False
Magnesium,2.141830043555945e-07,kg,False
"Heat, waste",0.09967645651210177,MJ,False
Silver I,2.905040299816907e-06,kg,False
"TOC, Total Organic Carbon",0.005428043142259074,kg,False
Molybdenum VI,3.13322404274519e-09,kg,False
Silver I,1.0879379464057265e-11,kg,False
"COD, Chemical Oxygen Demand",0.016569062973168684,kg,False
Aluminium III,1.0852814444836218e-07,kg,False
Nitrate,0.0002503171970691373,kg,False
Hydrochloric acid,0.0001370232124688681,kg,False
Nitrite,2.712403690160869e-08,kg,False
"Nitrogen, organic bound",1.0255318456646218e-05,kg,False
"Heat, waste",0.0018964353306564743,MJ,False
"DOC, Dissolved Organic Carbon",0.005428043142259074,kg,False
Silicon,1.826391992895843e-07,kg,False
Barium II,1.1791191221123005e-07,kg,False
Iron ion,8.69381602936538e-08,kg,False
Ammonium,6.399093524220858e-06,kg,False
Sodium I,6.343614393517844e-08,kg,False
Nitrite,3.4151230504305584e-07,kg,False
Thallium I,4.0218291506996045e-12,kg,False
Strontium II,1.062045219463124e-07,kg,False
Hydrogen fluoride,1.4468258710378933e-05,kg,False
"Organic carbon, placed in landfill",0.005377196264329062,kg,True
"Carbon dioxide, non-fossil",0.0029447743889156374,kg,False
Ammonium,9.699894563381761e-07,kg,False
Silver I,1.124577546109405e-09,kg,False
Calcium II,1.6788652054189717e-07,kg,False
Hydrogen sulfide,1.6026543605724083e-05,kg,False
"Nitrogen, organic bound",8.145256161068961e-07,kg,False
Hydrogen sulfide,4.3790371447264046e-05,kg,False
Potassium I,3.009230255779937e-08,kg,False
Pentachlorobenzene,3.7941297670185474e-13,kg,False
Calcium II,0.007217297135333622,kg,False
Phosphorus,8.972187727132439e-08,kg,False
Titanium ion,1.419467620539331e-07,kg,False
Water,1.6053009474141256e-05,m3,False
Phosphate,6.341345897948852e-06,kg,False
Silicon,5.430042615428483e-06,kg,False
Hexachlorobenzene,1.5146788198202013e-13,kg,False
"Heat, waste",0.006584441045753191,MJ,False
Calcium II,1.7164825252684548e-06,kg,False
"Particulate Matter, > 2.5 um and < 10um",3.360501109766398e-05,kg,False
Cyanide,3.572095850074745e-08,kg,False
Titanium ion,1.349821624233115e-07,kg,False
Iron ion,1.5182288749893282e-06,kg,False
Pentachlorophenol,1.5055246544483367e-12,kg,False
Benzo(a)pyrene,1.40859533296282e-10,kg,False
"Carbon dioxide, non-fossil, resource correction",0.0031294688881045663,kg,True
"Carbon dioxide, non-fossil",0.01921834564385714,kg,False
"Carbon dioxide, to soil or biomass stock",1.5602659743153786e-05,kg,False
"Carbon, organic, increase in soil or biomass stock",4.450221391266932e-06,kg,True
"Transformation, to permanent crop",5.902897942522057e-06,m2,True
"Transformation, from arable land, unspecified use",0.0007774000629839945,m2,True
Ozone,5.747914545574775e-06,kg,False
"Aldehydes, unspecified",1.6642291851119032e-09,kg,False
Sulfide,1.134040688462082e-07,kg,False
"Particulate Matter, > 10 um",4.692677534799561e-05,kg,False
"Acidity, unspecified",4.786359912775568e-08,kg,False
Fluoride,5.161511058041644e-06,kg,False
Chromium III,5.086963649752609e-08,kg,False
"Oils, unspecified",8.643770992188819e-06,kg,False
Nickel II,3.090614042701346e-07,kg,False
Dissolved solids,0.0005240675953966736,kg,False
Mercury II,3.3281228379267443e-09,kg,False
Copper ion,2.456575963287924e-07,kg,False
Thallium I,8.888446388861138e-10,kg,False
Scandium,1.9522704465904112e-09,kg,False
Chromium VI,3.838838302424289e-07,kg,False
Potassium I,0.0010124478987877069,kg,False
Silver I,2.5965240530646287e-08,kg,False
Antimony ion,2.7403036731684637e-07,kg,False
Strontium II,0.00027818533031961646,kg,False
Tin ion,4.560247146752871e-09,kg,False
Beryllium II,1.3807355756879997e-10,kg,False
Tungsten,3.0869199259875623e-06,kg,False
Cobalt II,2.1155005142169918e-07,kg,False
"Particulate Matter, > 2.5 um and < 10um",0.0016272610828656925,kg,False
"Energy, kinetic (in wind), converted",0.2466116554721479,MJ,True
"Water, salt, ocean",0.07616026509023599,m3,True
Hypochlorite,0.0002754054217085933,kg,False
Sodium I,0.014876092726905736,kg,False
Argon,2.896108728542828e-07,kg,False
Hexachlorobenzene,2.2782256154898015e-10,kg,False
"Water, unspecified natural origin",0.0006711393876343137,m3,True
Polychlorinated biphenyls,1.5383202491715964e-11,kg,False
"Hydrocarbons, aromatic",1.8289051812914937e-06,kg,False
Hydrochloric acid,1.5935963852487006e-05,kg,False
Chromium VI,9.660245788549037e-09,kg,False
Polychlorinated biphenyls,3.0002461600026076e-10,kg,False
Titanium ion,8.784419780459872e-07,kg,False
Platinum,6.642570928494796e-13,kg,False
"Carbon monoxide, non-fossil",1.4435207420543553e-05,kg,False
Arsenic ion,1.29751002223036e-08,kg,False
Boron,9.66415478852583e-07,kg,False
Fluoride,4.839070270874257e-06,kg,False
Phosphorus,4.95471945555298e-06,kg,False
Iron ion,0.0001958251130252559,kg,False
Strontium II,9.821236192732057e-07,kg,False
Manganese II,3.918156835440588e-06,kg,False
Chromium III,5.214222315100653e-07,kg,False
Sodium I,0.00019492665018976357,kg,False
Carbon,0.00037382459042784635,kg,False
Barium II,4.8307684402814176e-05,kg,False
Magnesium,7.770562235669788e-05,kg,False
Potassium I,3.406241141150189e-05,kg,False
Sulfur,6.635099527331292e-05,kg,False
Chloride,0.0003455039938741788,kg,False
Aluminium III,9.823352373888128e-05,kg,False
Silicon,1.8069462872155633e-05,kg,False
Arsenic ion,3.8997936966426684e-08,kg,False
Calcium II,0.0003894192498927161,kg,False
Zinc II,1.7712195314220605e-06,kg,False
Isopropanol,4.436206987881306e-07,kg,False
Protactinium-234,8.39328635917086e-06,kBq,False
Uranium-238,4.7361000321292834e-05,kBq,False
Protactinium-234,2.1877239546895645e-06,kBq,False
Uranium-235,1.0839138967449106e-05,kBq,False
Thorium-234,2.1882358226125393e-06,kBq,False
Uranium-238,3.133337888168207e-05,kBq,False
Uranium-234,8.06950667714371e-06,kBq,False
Radium-226,4.936908628518639e-05,kBq,False
Thorium-230,3.926938967203626e-06,kBq,False
Uranium-235,1.7341811688760886e-07,kBq,False
Thorium-234,8.398758050761273e-06,kBq,False
Uranium-234,9.71444457799209e-06,kBq,False
Boron,8.046875755400895e-06,kg,False
"Carbon monoxide, non-fossil",3.1491891807398164e-06,kg,False
Aluminium hydroxide,2.98941757713192e-12,kg,False
"Transformation, to dump site, residual material landfill",2.346019549815409e-08,m2,True
Ethyl acetate,1.9426273449300463e-08,kg,False
Ethyl acetate,4.722520892249886e-10,kg,False
Oxygen,8.061893402662901e-05,kg,False
Formic acid,6.467526108846476e-11,kg,False
Methyl ethyl ketone,3.090761625622541e-08,kg,False
Acetone,1.7391361262672624e-07,kg,False
Butane,5.249720878727011e-08,kg,False
Acetic acid,2.0843306050874534e-08,kg,False
Acetone,2.0312468842840535e-08,kg,False
Methyl acetate,3.8937744937653926e-09,kg,False
Methyl acetate,6.442944469192153e-11,kg,False
Copper,0.0005894426935912908,kg,True
Bromate,4.8675175010746906e-08,kg,False
Fluorine,1.5842016240048643e-08,kg,False
Hydrogen fluoride,7.059720739912996e-07,kg,False
"Hydrocarbons, chlorinated",1.1066303372346645e-06,kg,False
Dichloromethane,2.527192683321516e-10,kg,False
Ethylene dichloride,1.4819013051241385e-10,kg,False
Sulfate,9.857380710564464e-06,kg,False
Iron,0.14608578638958605,kg,True
Hydrogen sulfide,9.19605034390132e-08,kg,False
Granite,0.054116248892394574,kg,True
Shale,0.14337128058625573,kg,True
Aluminium,0.000949963306343508,kg,True
"Coal, brown",0.051642463958951404,kg,True
"Clay, unspecified",0.014045048238121752,kg,True
Manganese,0.001957043044777186,kg,True
"Chlorinated solvents, unspecified",1.2856411055775451e-06,kg,False
Gravel,1.5374525893355417,kg,True
Calcite,0.11173801859703218,kg,True
"Xylenes, unspecified",2.329018402163541e-07,kg,False
Antimony ion,1.3496500329997164e-09,kg,False
Titanium,0.0011044424451560207,kg,True
Sodium nitrate,7.205088686629385e-07,kg,True
"Methane, non-fossil",7.920648440643219e-07,kg,False
Sylvite,7.750369367990129e-05,kg,True
Mercury,1.2746024042587614e-09,kg,True
"Hydrocarbons, aromatic",4.772887495683295e-08,kg,False
Barium,0.014286519452517469,kg,True
Lead,0.00012432592343515416,kg,True
"Sand, unspecified",0.03331828501528768,kg,True
Phosphorus,3.8703172328271944e-06,kg,False
Carbon disulfide,2.8881803315698946e-11,kg,False
Talc,6.051501719498481e-07,kg,True
Carbonate,0.0002267189583480599,kg,False
Olivine,8.298328674318232e-10,kg,True
"Carbon monoxide, non-fossil",3.9094772840722966e-05,kg,False
"Clay, bentonite",0.0025899206852574037,kg,True
Vinyl chloride,1.0668310507482689e-08,kg,False
Sodium chloride,0.00615834554235134,kg,True
Feldspar,1.5031508486599437e-13,kg,True
"Gas, natural",0.2086452259517829,m3,True
Anhydrite,3.5261519505490573e-10,kg,True
"AOX, Adsorbable Organic Halides",8.28418890720098e-08,kg,False
Dolomite,0.0017895347751808414,kg,True
Ethyl benzene,5.858610841204033e-08,kg,False
Fluorspar,0.0004827148761560132,kg,True
Benzene,3.137191732548225e-06,kg,False
Peat,0.00018310254894154295,kg,True
Chlorine,4.045298314949526e-05,kg,False
Nitrogen,6.208631468824226e-05,kg,False
Cyanide,2.202011518410447e-07,kg,False
Chromium,0.0003905387274187785,kg,True
Ethylene dichloride,5.656637784783373e-09,kg,False
Sulfur,0.0005692522248368932,kg,True
Nickel,0.0012742727965059538,kg,True
Chlorate,7.509322650491722e-07,kg,False
Vinyl chloride,2.775158950734054e-09,kg,False
Zinc,0.0005663809739470625,kg,True
"Oil, crude",2.12160726002765,kg,True
Phosphorus,0.00010481545977371104,kg,True
"Energy, gross calorific value, in biomass",0.24326447728694206,MJ,True
Silver I,4.0245950364955066e-10,kg,False
"Wood, unspecified, standing",7.636431675866793e-10,m3,True
Magnesite,0.0017036675138520667,kg,True
"Coal, hard",0.22196002440853388,kg,True
Ammonium carbonate,6.667722304106507e-09,kg,False
"Transformation, to heterogeneous, agricultural",0.0001246874722007313,m2,True
"Transformation, from mineral extraction site",1.948451870875429e-05,m2,True
Thorium-228,5.744729143296482e-06,kBq,False
Cyanide,1.1526655398951396e-06,kg,False
Radon-220,0.0009182233448498721,kBq,False
Sulfate,2.3697464458033165e-08,kg,False
Potassium-40,3.902115615711246e-05,kBq,False
Cumene,7.559391594784348e-11,kg,False
Chromium VI,4.977530845812046e-08,kg,False
Vanadium V,8.171090400713515e-08,kg,False
"Hydrocarbons, aliphatic, unsaturated",3.3941515754536683e-07,kg,False
Ethyl benzene,3.1594943581427817e-07,kg,False
"Hydrocarbons, chlorinated",2.812110959916714e-09,kg,False
Bromine,5.676635549790343e-07,kg,False
Dichloromethane,4.024086845011727e-09,kg,False
Lead-210,0.00011836442140793054,kBq,False
Propylene,1.3534583904306572e-07,kg,False
Methylchloride,7.357020529023011e-09,kg,False
Carbon disulfide,5.848976405741252e-06,kg,False
"Xylenes, unspecified",1.7105601417530152e-06,kg,False
Chloroform,1.360381333319993e-09,kg,False
"Hydrocarbons, aliphatic, alkanes, cyclic",8.03159074822747e-09,kg,False
Phenol,3.541142708492395e-06,kg,False
"Aldehydes, unspecified",1.4136499969412872e-08,kg,False
Styrene,4.997655877384981e-07,kg,False
"Actinides, radioactive, unspecified",2.8784450541100732e-05,kBq,False
"Hydrocarbons, aliphatic, alkanes, unspecified",3.2378514196310684e-06,kg,False
Boron,1.559141394098952e-06,kg,False
Radium-228,1.0298341574705744e-05,kBq,False
Thorium-232,3.558596061058075e-05,kBq,False
Tetrachloroethylene,5.960381774699151e-10,kg,False
Iodine,2.915846929891913e-07,kg,False
Polonium-210,0.00020896149217957164,kBq,False
"1,1,1-Trichloroethane",2.7778198215882386e-10,kg,False
Acrolein,4.304606694899774e-09,kg,False
Ethylene dichloride,5.539619328748744e-10,kg,False
Furan,9.303186166317298e-07,kg,False
Vanadium V,3.3797059449513527e-07,kg,False
Cobalt II,1.4254899219466665e-08,kg,False
Ethanol,1.1988328250873324e-07,kg,False
Molybdenum VI,5.432116549679183e-09,kg,False
"Hydrocarbons, aliphatic, alkanes, unspecified",2.7083928701365198e-05,kg,False
Manganese II,5.016804993535019e-08,kg,False
Hypochlorite,7.438079577742932e-08,kg,False
Sulfite,4.058559926844422e-07,kg,False
Acetic acid,2.617956931094632e-07,kg,False
Sodium I,6.227018187363422e-07,kg,False
Beryllium II,4.230392346098487e-10,kg,False
"Hydrocarbons, aliphatic, unsaturated",7.953456497585117e-07,kg,False
Methanol,1.9347083249229123e-07,kg,False
Copper ion,1.2712984494254935e-07,kg,False
Scandium,1.526815698231142e-11,kg,False
Phosphorus,1.613770313873112e-09,kg,False
Silver I,2.022679855266573e-10,kg,False
Bromine,2.4697026950263282e-08,kg,False
Scandium,7.93177883820835e-13,kg,False
Vanadium V,1.0113975391496493e-07,kg,False
Antimony ion,7.298898129549865e-09,kg,False
Polychlorinated biphenyls,1.0597440100479847e-10,kg,False
"Heat, waste",0.007891607155002277,MJ,False
Thallium I,8.55685477297182e-11,kg,False
Cadmium II,1.2465548436108226e-08,kg,False
Mercury II,3.3542166387843784e-10,kg,False
Titanium ion,1.8958773945500566e-07,kg,False
Selenium IV,3.623606094898368e-10,kg,False
Beryllium II,1.0147697164851108e-10,kg,False
Tungsten,3.850502945826185e-12,kg,False
Nitrogen,9.655832060027566e-07,kg,False
Nickel II,2.5507250180699946e-08,kg,False
"Dioxins, measured as 2,3,7,8-tetrachlorodibenzo-p-dioxin",1.7087619618162282e-13,kg,False
Tin ion,2.320753597922514e-08,kg,False
Molybdenum VI,3.6474257254993804e-10,kg,False
Cobalt II,5.865746646768115e-09,kg,False
Lead II,1.4335933160853284e-07,kg,False
Tin ion,8.228206094492435e-08,kg,False
Zinc II,9.406872030566296e-14,kg,False
"Particulate Matter, < 2.5 um",1.4867596100635011e-12,kg,False
Cadmium II,9.4068720305663e-17,kg,False
"Carbon monoxide, fossil",1.9410523711157082e-11,kg,False
Sulfur dioxide,7.898625730282318e-12,kg,False
Nickel II,6.567791066044065e-16,kg,False
Chromium III,4.702851215394634e-16,kg,False
Water,7.195331872469893e-14,m3,False
Selenium IV,9.4068720305663e-17,kg,False
Mercury II,6.567791066044063e-19,kg,False
"NMVOC, non-methane volatile organic compounds",1.6289184941574164e-12,kg,False
Copper ion,1.582204085123728e-14,kg,False
"Carbon dioxide, fossil",2.9291417495879886e-08,kg,False
Nitrogen oxides,1.4735211872438851e-10,kg,False
Lead II,1.880026159000017e-13,kg,False
"1,1,1,2-Tetrafluoroethane",4.734325471515751e-10,kg,False
Ethanol,2.869084453561902e-07,kg,False
"Nitrogen, organic bound",1.3977510651110574e-08,kg,False
Propylene,3.842032913658902e-07,kg,False
Ethylene,1.990827577524229e-06,kg,False
Formaldehyde,8.22777790095745e-09,kg,False
"Occupation, urban/industrial fallow (non-use)",6.65659081600411e-07,m2*a,True
"Transformation, to urban/industrial fallow (non-use)",1.586137967799543e-08,m2,True
Acetaldehyde,2.0361114197796317e-09,kg,False
Bromine,2.892112957322757e-05,kg,False
Tin ion,1.3333285105265513e-09,kg,False
Bromine,5.964717417439503e-08,kg,False
Potassium I,4.6769530997739845e-06,kg,False
Magnesium,1.304658846406173e-06,kg,False
"Energy, geothermal, converted",0.047166917760741195,MJ,True
Napropamide,1.8000831999871825e-10,kg,False
Tebutam,5.198119786600366e-10,kg,False
"Carbon dioxide, in air",0.021423560872624606,kg,True
Metaldehyde,1.6694435628784963e-10,kg,False
Cypermethrin,6.4962284282352915e-09,kg,False
Copper ion,1.6943692533394227e-08,kg,False
Carbetamide,1.865424875987864e-10,kg,False
Mercury II,1.820071619914366e-11,kg,False
Nickel II,6.808512528353337e-09,kg,False
"Transformation, from annual crop, non-irrigated",0.00027123731394716245,m2,True
"Transformation, to annual crop, non-irrigated",0.00027123660306259607,m2,True
"Transformation, from pasture, man made, intensive",1.8941297130012772e-06,m2,True
"Occupation, annual crop, non-irrigated",0.00026182566599653655,m2*a,True
Chromium III,1.2186176121169736e-08,kg,False
"Oils, unspecified",0.0020037656534384295,kg,False
"COD, Chemical Oxygen Demand",0.006324633640406703,kg,False
Nitrogen,1.9579076411439676e-05,kg,False
"DOC, Dissolved Organic Carbon",0.010127192609715075,kg,False
"TOC, Total Organic Carbon",0.0030115862076165152,kg,False
"AOX, Adsorbable Organic Halides",1.1129737788745472e-10,kg,False
Trifluoromethane,3.383525536791046e-08,kg,False
Bromotrifluoromethane,8.08676073501413e-09,kg,False
Sulfur,2.1497759336885684e-08,kg,False
"BOD5, Biological Oxygen Demand",0.006456058045186139,kg,False
Nitrogen,0.032992894665097444,kg,True
Nitrogen,0.0015097781172616997,kg,False
Sodium hydroxide,8.732220315155915e-09,kg,False
Hydrogen peroxide,2.905649091772408e-09,kg,False
Sulfuric acid,1.9519453714063757e-09,kg,False
"Transformation, to annual crop",0.0012538104867704984,m2,True
"Occupation, annual crop",0.0006155669893228585,m2*a,True
"Transformation, from annual crop",0.004163912921722501,m2,True
Ethofumesate,6.935543614962804e-10,kg,False
Difenoconazole,8.933273747816537e-10,kg,False
"Transformation, to arable land, unspecified use",0.0008218135974550337,m2,True
Lenacil,7.853529721115027e-14,kg,False
Desmedipham,1.4396683668815594e-13,kg,False
Fenpropimorph,4.142128050879758e-12,kg,False
Fenpropidin,2.3112125354398445e-12,kg,False
Glyphosate,7.208426969162474e-07,kg,False
Kresoxim-methyl,8.07930080855967e-13,kg,False
Fenoxaprop-P ethyl ester,4.793746140467815e-14,kg,False
Water,0.0002869181867024202,m3,False
Epoxiconazole,5.5704941291146406e-11,kg,False
Metamitron,4.0341231463001665e-12,kg,False
Phenmedipham,4.808614674332975e-13,kg,False
Butadiene,2.4325448945660155e-08,kg,False
Fluorene,4.293711319841497e-12,kg,False
Benzo(ghi)perylene,8.89854396168896e-15,kg,False
Acenaphthylene,1.0835694028688374e-11,kg,False
Chrysene,1.4382193313570554e-14,kg,False
Benz(a)anthracene,1.218850575874641e-13,kg,False
"Indeno(1,2,3-cd)pyrene",2.8254034484592413e-14,kg,False
Benzo(b)fluoranthene,1.4410761563751456e-13,kg,False
Ethane,4.290684541373291e-08,kg,False
"2,2,4-Trimethylpentane",1.5473969190070862e-13,kg,False
Ethyl benzene,2.5356880414689713e-10,kg,False
Benzo(k)fluoranthene,1.0421451541716432e-13,kg,False
Naphthalene,1.2528241946561478e-10,kg,False
Acenaphthene,1.449207668653093e-10,kg,False
Acetaldehyde,1.9067682009330779e-06,kg,False
Acrolein,4.0951661961232694e-07,kg,False
Anthracene,6.254824776840335e-17,kg,False
Fluoranthene,1.852170851891142e-12,kg,False
Propanal,8.137686911039754e-12,kg,False
Hexane,4.198032717287859e-11,kg,False
Phenanthrene,3.187596696555943e-11,kg,False
Styrene,1.2842151689597822e-07,kg,False
Pyrene,1.3509761521916465e-12,kg,False
"Dibenz(a,h)anthracene",7.184519772564653e-14,kg,False
"Occupation, bare area (non-use)",5.9048492660588295e-08,m2*a,True
Nitrite,2.1363882971743895e-08,kg,False
Propionic acid,2.867744293794008e-09,kg,False
Heptane,6.864095047731146e-08,kg,False
o-Xylene,9.118188181203813e-08,kg,False
Pentane,2.3362264793208836e-07,kg,False
Benzaldehyde,3.1228383438578425e-07,kg,False
m-Xylene,2.2431274578218115e-07,kg,False
Propane,7.953387351757904e-08,kg,False
Zirconium,1.151172651795611e-09,kg,False
Uranium,2.8381020529414205e-12,kg,False
Thorium,2.2763148747369563e-11,kg,False
"Water, lake",5.984253493183997e-05,m3,True
Dichlorodifluoromethane,1.4837147023197607e-10,kg,False
"Heat, waste",0.000849328538982935,MJ,False
Boron,2.9690457859207032e-09,kg,False
Tetrafluoromethane,8.554963099309053e-08,kg,False
Hexafluoroethane,2.927486751577481e-09,kg,False
Sulfur,2.851987950403058e-06,kg,False
Antimony ion,1.745486672306619e-10,kg,False
Barium II,2.1341866920136262e-08,kg,False
Beryllium II,1.2324226776967947e-11,kg,False
Strontium II,1.7248928356551708e-08,kg,False
Manganese II,9.046724558259908e-07,kg,False
Arsenic ion,2.1920728920965436e-09,kg,False
Selenium IV,1.8142125614514118e-10,kg,False
Cobalt II,1.62561586961209e-09,kg,False
Tin ion,1.1586762396110894e-09,kg,False
Phthalic anhydride,6.683160749024238e-08,kg,False
o-Xylene,5.067664360541307e-07,kg,False
Tungsten,8.792811030648014e-13,kg,False
Sodium I,2.4805950381305243e-07,kg,False
Silver I,5.384725648580611e-10,kg,False
Vanadium V,3.757873790440836e-09,kg,False
Silicon,3.835684253825769e-06,kg,False
Thallium I,1.4781513429284175e-11,kg,False
Aluminium III,9.423317850868167e-07,kg,False
Molybdenum VI,5.475016463307911e-10,kg,False
Calcium II,2.064147728223155e-05,kg,False
Iron ion,2.636322803616113e-06,kg,False
Tungsten,8.171501105896181e-11,kg,False
Potassium I,2.4294405136926454e-06,kg,False
Magnesium,1.5070723269873634e-06,kg,False
Titanium ion,6.795448243146425e-08,kg,False
Scandium,2.4843785728399506e-10,kg,False
Ethylene dichloride,1.812323520482163e-08,kg,False
Ethylene dichloride,6.124460719495718e-11,kg,False
Aluminium III,3.492718837721494e-06,kg,False
Hydrogen cyanide,1.6813543610376732e-07,kg,False
Tributyltin compounds,1.5476153004763505e-07,kg,False
Copper ion,1.1841245332439728e-06,kg,False
"Fungicides, unspecified",1.0145967855907375e-07,kg,False
"Hydrocarbons, unspecified",6.0474603558218145e-05,kg,False
Thiocyanate,1.6909911145666984e-08,kg,False
"Oils, unspecified",3.3945990514038697e-06,kg,False
Propanol,4.555233694413864e-11,kg,False
Chloroacetic acid,9.07331209440192e-09,kg,False
Propanol,1.912748568552451e-10,kg,False
Acetic acid,2.341062751791608e-08,kg,False
Chloroacetic acid,1.6141451366953166e-09,kg,False
Chloramine,8.029542608277061e-10,kg,False
Bromide,2.3124510267783648e-07,kg,False
Bromine,2.6634426855820325e-07,kg,True
Sulfur,5.580091387988504e-05,kg,False
Propyl amine,4.99960942938235e-12,kg,False
"Water, salt, sole",1.4919983572592894e-06,m3,True
Ethylene oxide,1.952575579312262e-08,kg,False
Chloramine,8.976285274458665e-11,kg,False
Propyl amine,1.19992210079768e-11,kg,False
Sodium I,1.8390402233146253e-06,kg,False
Pentachlorophenol,1.0139601939204302e-11,kg,False
Phosphorus,2.3485969361646633e-09,kg,False
Bromine,1.9724743785070893e-08,kg,False
Magnesium,2.7906957489936006e-09,kg,False
Potassium I,3.871561674809943e-07,kg,False
Fluorine,3.1023369078131722e-09,kg,False
"Methane, non-fossil",4.8896902689374896e-08,kg,False
Calcium II,1.9493284664684103e-06,kg,False
"Hydrocarbons, aliphatic, unsaturated",2.524382112959018e-08,kg,False
"Hydrocarbons, aliphatic, alkanes, unspecified",1.8783152354671227e-05,kg,False
Methanol,1.1075450259622089e-07,kg,False
Toluene,4.747703819376639e-06,kg,False
Acetone,4.6815396608824035e-08,kg,False
Bromochlorodifluoromethane,6.447557804595421e-11,kg,False
Methanol,4.212468884674899e-07,kg,False
Thorium,6.139742028729224e-10,kg,False
Sulfur oxides,5.322063006556123e-06,kg,False
Lead-210,2.462558012287904e-05,kBq,False
Isopropanol,6.071552838963203e-12,kg,False
Thorium-228,2.184969966058567e-06,kBq,False
4-Methyl-2-pentanol,1.850993964634439e-17,kg,False
Strontium II,6.994851261675581e-08,kg,False
Propanal,5.677872050310541e-10,kg,False
Propanol,3.831572294198295e-16,kg,False
Hydrogen sulfide,2.480743214515243e-05,kg,False
Methyl ethyl ketone,1.5901130089326936e-12,kg,False
Barium II,5.1006952775931585e-08,kg,False
m-Xylene,3.5994579788184314e-12,kg,False
Sulfuric acid,2.0774311046055562e-09,kg,False
Thallium I,5.159179042431125e-10,kg,False
Fluorine,5.254267889967353e-08,kg,False
Radon-220,5.112745067790554e-05,kBq,False
Scandium,4.107167087829064e-10,kg,False
Potassium-40,6.740189206544458e-06,kBq,False
Uranium-238,5.301982063638988e-06,kBq,False
Pentachlorophenol,4.806027765572053e-09,kg,False
"Hydrocarbons, aromatic",6.60432836963072e-09,kg,False
Polonium-210,4.507862720818838e-05,kBq,False
Radon-222,2.893166591449001e-05,kBq,False
Radium-226,6.3686000932325585e-06,kBq,False
Uranium,8.164079806094203e-10,kg,False
Hydrogen sulfide,1.4084178751194817e-08,kg,False
Radium-228,2.1899106088387622e-05,kBq,False
Thorium-232,1.7560127292905189e-06,kBq,False
Methyl isobutyl ketone,1.326897199808795e-13,kg,False
Acetone,1.8657309146356345e-07,kg,False
Hexachlorobenzene,1.5170296534497986e-14,kg,False
Chlorine,4.5900557992725035e-10,kg,False
Boron,2.2019646520848124e-07,kg,False
Acetylene,1.73876321120733e-07,kg,False
Iodine,2.65525388039944e-08,kg,False
"PAH, polycyclic aromatic hydrocarbons",9.729529824761021e-07,kg,False
Glyphosate,1.2216750907430088e-10,kg,False
Teflubenzuron,9.044221940163627e-10,kg,False
"Occupation, annual crop, non-irrigated, intensive",0.0022730758511203064,m2*a,True
Tebuconazole,1.488131446482425e-12,kg,False
Atrazine,7.709445244139118e-09,kg,False
"Transformation, from annual crop, non-irrigated, intensive",5.7938856577514675e-05,m2,True
Atrazine,6.270686321267018e-13,kg,False
Trifloxystrobin,2.1279324126000767e-09,kg,False
Methomyl,3.070372933967407e-09,kg,False
Teflubenzuron,1.457960277499555e-11,kg,False
Atrazine,3.4284195960815654e-13,kg,False
Methomyl,3.465217615809673e-11,kg,False
Tebuconazole,2.5470535333449725e-10,kg,False
Glyphosate,2.781311045368357e-09,kg,False
Trifloxystrobin,1.0611411973210812e-09,kg,False
"Transformation, to annual crop, non-irrigated, intensive",0.002977415743746009,m2,True
Tebuconazole,7.035081178554264e-10,kg,False
Methomyl,4.970672715692957e-13,kg,False
Methomyl,3.671278008065091e-11,kg,False
Trifloxystrobin,5.953071922494141e-11,kg,False
Teflubenzuron,6.33631392621731e-13,kg,False
Trifloxystrobin,1.9022293423373462e-12,kg,False
Tebuconazole,4.188626552818877e-13,kg,False
Trifloxystrobin,5.29395808642628e-13,kg,False
Glyphosate,1.960696514086327e-10,kg,False
Atrazine,2.7906819573176643e-14,kg,False
Tebuconazole,1.7293828387148795e-11,kg,False
Teflubenzuron,2.6923283106188184e-10,kg,False
Atrazine,1.4018966582552919e-11,kg,False
Methomyl,5.873761724522777e-10,kg,False
"Hydrocarbons, unspecified",9.834783212041505e-08,kg,False
Glyphosate,5.6629429739807495e-08,kg,False
"Transformation, from dump site, sanitary landfill",1.2459413919714633e-06,m2,True
"Transformation, to dump site, sanitary landfill",1.2459413919714633e-06,m2,True
Sodium sulfate,4.208609243645157e-05,kg,True
"Carbon, organic, decrease in soil or biomass stock",0.0004367303164549092,kg,True
Propylene,1.9703549141936397e-06,kg,False
o-Chlorotoluene,1.9728704455050855e-10,kg,False
o-Chlorotoluene,1.0049060208908236e-10,kg,False
Butanol,4.910720594349088e-11,kg,False
Propionic acid,2.4710410118069674e-10,kg,False
Butanol,1.1607167788246567e-10,kg,False
"Hydrocarbons, chlorinated",2.2211558198607917e-08,kg,False
Iron ion,7.79175509034198e-05,kg,False
"Occupation, permanent crop, irrigated",4.249197686549924e-05,m2*a,True
"Transformation, from permanent crop, irrigated",4.541610425835204e-06,m2,True
"Transformation, to permanent crop, irrigated",4.541610425835204e-06,m2,True
"VOC, volatile organic compounds",1.816809963149985e-05,kg,False
"Transformation, from grassland, natural (non-use)",4.555518245386091e-06,m2,True
"Hydrocarbons, unspecified",0.00010795103295980714,kg,False
"Solids, inorganic",0.0001668755479702309,kg,False
"Transformation, to annual crop, irrigated, intensive",2.7461789236821343e-08,m2,True
Dicamba,7.865869648254764e-09,kg,False
Prosulfuron,5.2591239993351465e-14,kg,False
"2,4-D",1.6354547476767435e-07,kg,False
Metsulfuron-methyl,3.245823772220009e-10,kg,False
Metolachlor,7.703257072818098e-09,kg,False
"Occupation, annual crop, irrigated, intensive",2.684839219129705e-08,m2*a,True
Phosphorus,2.0936660028790503e-08,kg,False
Dimethenamide,1.221511449056022e-11,kg,False
Alachlor,2.5882583738903927e-11,kg,False
Terbufos,6.526335061091595e-12,kg,False
Chlorpyrifos,8.2366013824646e-09,kg,False
"Oils, unspecified",3.8756002492019794e-05,kg,False
Argon,0.0005860025500335354,kg,True
Dimethachlor,1.2446492418405317e-16,kg,False
Chlorpyrifos,8.753760179564149e-11,kg,False
Sulfur,1.4106000251853561e-14,kg,False
Asulam,6.589617142696264e-16,kg,False
Dimethachlor,4.2918939373811436e-18,kg,False
Lambda-cyhalothrin,6.454822264680973e-17,kg,False
"2,4-D",2.360675043053249e-10,kg,False
Sulfur,6.774876665132938e-17,kg,False
Metazachlor,1.2238898265505652e-18,kg,False
Paclobutrazol,8.327072444102319e-16,kg,False
Indoxacarb,1.082133264482495e-12,kg,False
Pymetrozine,5.3964720707405434e-20,kg,False
Picloram,5.076091607729295e-21,kg,False
Pyridate,3.277389581512186e-20,kg,False
Thiram,3.812241475261469e-11,kg,False
Bifenthrin,2.896189458247061e-12,kg,False
"Herbicides, unspecified",1.878916607766141e-18,kg,False
Chlorpyrifos methyl,3.7759321309254755e-18,kg,False
Quizalofop-P,2.160299175086873e-16,kg,False
Cycloxydim,4.741002351489135e-15,kg,False
"2,4-D",2.08529857362188e-14,kg,False
Picloram,5.073448111638501e-17,kg,False
Mepiquat chloride,1.853818597812298e-13,kg,False
Pronamide,1.714836164872022e-19,kg,False
Lambda-cyhalothrin,2.8279942527101153e-10,kg,False
Kaolin,1.386629774908122e-13,kg,False
Imazamox,1.4112079074363421e-13,kg,False
Cycloxydim,8.957974343827763e-11,kg,False
Acetamiprid,2.3142269734452063e-10,kg,False
Clopyralid,3.570625962103346e-17,kg,False
Cyproconazole,3.563110574286689e-10,kg,False
Imazamox,4.8662341635735764e-15,kg,False
Fluazifop-P-butyl,9.026625240253117e-14,kg,False
Metaldehyde,3.634465123249056e-15,kg,False
Clomazone,1.197455818051092e-13,kg,False
"2,4-D",6.035033028563983e-09,kg,False
Asulam,5.319791736865173e-21,kg,False
Pethoxamid,1.620697687188219e-12,kg,False
Pethoxamid,5.5886127144421523e-14,kg,False
Alpha-cypermethrin,1.3350516343746479e-12,kg,False
Fluopyram,1.9368421534804582e-14,kg,False
Azoxystrobin,6.374073072886825e-16,kg,False
Bifenthrin,6.103269056245353e-20,kg,False
Metconazole,5.922274982411916e-13,kg,False
Prothioconazole,4.841052740328078e-11,kg,False
Dimethenamid-P,1.5130298055919186e-09,kg,False
Pymetrozine,1.5649769005147535e-18,kg,False
Thiacloprid,1.4148915704481738e-14,kg,False
Mepiquat chloride,1.4484086446501093e-18,kg,False
Tepraloxydim,1.0359352375449416e-11,kg,False
Acetamiprid,2.4713544629910023e-11,kg,False
Terbuthylazin,1.9664403582291694e-15,kg,False
Haloxyfop-P,2.203062379766953e-15,kg,False
Dicamba,4.195213366172116e-17,kg,False
Quinmerac,1.0188091635770149e-15,kg,False
Fluopyram,3.474779026459603e-19,kg,False
Metazachlor,3.549280496996633e-17,kg,False
Spinosad,5.105209254656507e-18,kg,False
Indoxacarb,1.1403553729491168e-20,kg,False
Alpha-cypermethrin,4.7008867923065974e-11,kg,False
Deltamethrin,6.786359297301422e-14,kg,False
Pronamide,1.970520140522083e-14,kg,False
Alpha-cypermethrin,1.9001869542499121e-16,kg,False
Haloxyfop-P,1.918471814954965e-16,kg,False
Cycloxydim,9.968996956193754e-12,kg,False
Metconazole,1.8329047405727405e-19,kg,False
Haloxyfop-P,1.922228455909559e-20,kg,False
Chlorpyrifos,1.2755435233728097e-15,kg,False
Terbuthylazin,5.702677038864614e-14,kg,False
Terbuthylazin,3.499214753289134e-10,kg,False
Acetamiprid,1.9575927902214575e-20,kg,False
Deltamethrin,3.225988158032186e-17,kg,False
Azoxystrobin,1.1073851523353765e-09,kg,False
Clopyralid,9.848140394156637e-15,kg,False
Kaolin,7.171525682888101e-17,kg,False
Metconazole,5.3154237476609225e-18,kg,False
Dimethachlor,2.7236695897605884e-14,kg,False
Deltamethrin,9.355365658293378e-16,kg,False
Clethodim,6.38913095804528e-08,kg,False
Pyridate,3.275682802514423e-16,kg,False
Indoxacarb,2.3484464243570327e-14,kg,False
Metconazole,1.0932446126508946e-15,kg,False
Dimethenamid-P,4.87223477451382e-11,kg,False
Asulam,6.36465979852753e-17,kg,False
Dimethachlor,4.213180953613601e-12,kg,False
Pyridate,3.766052006017106e-15,kg,False
Clethodim,1.7475469989038696e-09,kg,False
S-Metolachlor,4.59383766622751e-09,kg,False
Napropamide,6.266095467976856e-15,kg,False
Azoxystrobin,5.194678022995826e-11,kg,False
Cycloxydim,1.3748906819318524e-13,kg,False
Alpha-cypermethrin,5.639568224580164e-11,kg,False
Etofenprox,6.002039295763117e-15,kg,False
Pronamide,1.7139431229317793e-15,kg,False
Tebuconazole,3.094754447254686e-17,kg,False
Spinosad,1.5213544191249341e-15,kg,False
Difenoconazole,1.6679843029293796e-18,kg,False
Spinosad,1.760416984364311e-19,kg,False
Thiacloprid,2.615242494731431e-19,kg,False
Fluazifop-P-butyl,4.296811171693957e-10,kg,False
Cyproconazole,4.0563353884254274e-10,kg,False
Pymetrozine,3.477320049355074e-16,kg,False
Clomazone,8.689831286363762e-12,kg,False
Indoxacarb,5.059575917563865e-12,kg,False
Boscalid,1.490417167157532e-17,kg,False
S-Metolachlor,1.0410182809840664e-13,kg,False
Picoxystrobin,3.5922227313718152e-12,kg,False
Pyridate,9.504429786385283e-19,kg,False
Kaolin,2.472939890651074e-18,kg,False
Pronamide,4.973024878128876e-18,kg,False
"Herbicides, unspecified",4.81920660928716e-10,kg,False
Quizalofop-P,2.2048439616640757e-20,kg,False
Paclobutrazol,4.076421369913627e-18,kg,False
Pethoxamid,4.677455700124952e-10,kg,False
Paclobutrazol,1.4056625413495272e-19,kg,False
Quinmerac,9.025421054904575e-17,kg,False
Paclobutrazol,7.490148212068057e-15,kg,False
S-Metolachlor,7.646200372478198e-12,kg,False
Tepraloxydim,1.5900044234141205e-14,kg,False
Lambda-cyhalothrin,6.335688970298059e-10,kg,False
Clopyralid,1.294018072219273e-12,kg,False
Cyproconazole,1.5067543895517847e-19,kg,False
Bifenthrin,2.0695657171267922e-10,kg,False
Acetamiprid,2.7020938285256054e-10,kg,False
Etofenprox,3.2665363295334348e-18,kg,False
Dimethenamid-P,1.5132009512643983e-12,kg,False
Thiacloprid,7.584203234721144e-18,kg,False
Picloram,6.786130539702644e-16,kg,False
S-Metolachlor,3.589718210289892e-15,kg,False
Metaldehyde,7.683999502822456e-12,kg,False
Difenoconazole,2.143893045859777e-12,kg,False
Clethodim,1.9106132414627504e-15,kg,False
Cypermethrin,1.1609882721421287e-20,kg,False
Pethoxamid,5.215801709186975e-11,kg,False
Thiacloprid,1.5729734924406563e-15,kg,False
Prothioconazole,8.866483413728108e-10,kg,False
Kaolin,1.541524063194793e-14,kg,False
Cypermethrin,2.4424778703472615e-11,kg,False
Chlorpyrifos methyl,7.776591455408495e-16,kg,False
Metazachlor,1.2232524566561475e-14,kg,False
Prothioconazole,8.768392021084578e-10,kg,False
Deltamethrin,6.866228866514911e-13,kg,False
Clomazone,8.00038977494643e-11,kg,False
Thiram,3.5466645077521085e-10,kg,False
Asulam,1.5427396036908985e-19,kg,False
Thiram,8.610709498420398e-12,kg,False
Metazachlor,8.335315623368393e-12,kg,False
Clomazone,4.129157993279605e-15,kg,False
Fluazifop-P-butyl,6.547635332787771e-12,kg,False
Boscalid,3.4756616041075525e-14,kg,False
Clethodim,5.721433803809383e-07,kg,False
Etofenprox,1.1263918377701462e-19,kg,False
Chlorpyrifos,1.1745428427468259e-09,kg,False
"Herbicides, unspecified",3.720340984595774e-18,kg,False
Quinmerac,9.229602959521851e-21,kg,False
Haloxyfop-P,5.57446252213774e-19,kg,False
Glyphosate,1.1274945745612438e-12,kg,False
Terbuthylazin,4.287590682313371e-12,kg,False
Tepraloxydim,1.1528590849280084e-12,kg,False
Cyproconazole,2.0624530687343252e-11,kg,False
Picoxystrobin,9.996683942012623e-10,kg,False
Imazamox,7.105077224284082e-10,kg,False
Metaldehyde,1.0539948857422258e-13,kg,False
Chlorpyrifos methyl,3.6870766629875204e-08,kg,False
Boscalid,3.587270061356345e-15,kg,False
Fluazifop-P-butyl,3.1126293931907246e-15,kg,False
Napropamide,1.8171676857132887e-13,kg,False
Picoxystrobin,3.939326201010881e-20,kg,False
Picloram,1.4720665662414935e-19,kg,False
Dicamba,1.4024251762622652e-13,kg,False
Cypermethrin,2.0268369601484634e-12,kg,False
Fluopyram,2.0584780099696847e-15,kg,False
Pymetrozine,2.4334219327422755e-12,kg,False
Prothioconazole,1.963207635997434e-18,kg,False
Difenoconazole,4.839264547824176e-11,kg,False
Quizalofop-P,6.3940474888258e-19,kg,False
Bifenthrin,9.706397098114762e-11,kg,False
Imazamox,1.0232058081083396e-11,kg,False
Quinmerac,2.676584858261335e-19,kg,False
Spinosad,6.462178908071821e-14,kg,False
Napropamide,5.891465729457221e-12,kg,False
Mepiquat chloride,1.10327815111213e-14,kg,False
Clopyralid,5.765062751667828e-16,kg,False
Dimethenamid-P,5.217934314704843e-14,kg,False
Picoxystrobin,4.309705990503461e-16,kg,False
"Herbicides, unspecified",4.4048647251257526e-16,kg,False
Quizalofop-P,2.189283753905628e-13,kg,False
Lambda-cyhalothrin,1.7625448751690437e-11,kg,False
Mepiquat chloride,4.2003850694853154e-17,kg,False
Azoxystrobin,6.401432499005103e-09,kg,False
Etofenprox,6.672687190307155e-16,kg,False
Chlorpyrifos methyl,1.3020455623880967e-19,kg,False
Boscalid,5.139369541922511e-19,kg,False
Dicamba,1.0976845559524319e-15,kg,False
Tepraloxydim,5.482773873841796e-16,kg,False
Thiram,1.4894437524233413e-20,kg,False
Fluopyram,1.0076859176732863e-17,kg,False
"Oils, unspecified",1.6665388678057083e-05,kg,False
"Nitrogen, organic bound",9.18830259924424e-07,kg,False
Lead II,1.436438472972836e-08,kg,False
Arsenic ion,1.2228671275335392e-08,kg,False
Nickel II,5.543121216180004e-08,kg,False
Zinc II,4.614131784746222e-06,kg,False
tert-Butanol,1.553223788381709e-09,kg,False
Propylene oxide,2.0271054834567518e-08,kg,False
Isobutane,2.0783191970023174e-07,kg,False
tert-Butanol,8.974181888427665e-08,kg,False
Fluorine,5.320058398837033e-08,kg,False
Oxygen,6.624924393390119e-05,kg,False
Hydrogen,1.130530378316677e-05,kg,False
Sulfur dichloride,2.6579392498685522e-15,kg,False
Krypton-89,4.919338781240387e-05,kBq,False
Thiobencarb,1.3273791648035329e-12,kg,False
Thiabendazole,3.667529568997335e-13,kg,False
Lanthanum-140,2.3284019847292567e-09,kBq,False
Cyprodinil,6.567480364535153e-20,kg,False
Acetyl chloride,2.830607495583553e-11,kg,False
Thorium-228,3.559190669593822e-08,kBq,False
"Transformation, from grassland, natural, for livestock grazing",3.147750096727552e-06,m2,True
Potassium-40,2.1241138132800481e-07,kBq,False
Maleic hydrazide,7.260209356811624e-19,kg,False
Fentin hydroxide,7.569440917833196e-12,kg,False
Erbium,1.5418085087206854e-09,kg,True
Iodine,2.078846075636139e-09,kg,False
Triflumuron,1.0302963076100725e-10,kg,False
Aluminium III,5.801516102984206e-05,kg,False
Methyl formate,5.169720658351368e-12,kg,False
Dimethenamide,1.2379824134644895e-18,kg,False
Permethrin,1.781397606355333e-12,kg,False
Phenanthrene,4.049096441906459e-10,kg,False
Linuron,1.3967220422094105e-18,kg,False
"1,4-Butanediol",6.738845833880349e-11,kg,False
Mefenpyr-diethyl,4.599717725294665e-20,kg,False
Metamitron,2.59449322346666e-15,kg,False
Propanal,1.2470382226382527e-09,kg,False
Chlorotoluron,2.8481953729750685e-16,kg,False
Isophoronenitrile,3.0224545341232947e-10,kg,False
"1,1,1,2-Tetrafluoroethane",1.1815894302868047e-10,kg,False
"2,4-D dimethylamine salt",1.633950324513937e-22,kg,False
Methiocarb,1.1846469358210075e-27,kg,False
Fluoride,1.138428232253938e-06,kg,False
"Occupation, inland waterbody, unspecified",3.9637735924979214e-08,m2*a,True
Cyproconazole,1.9593879851248618e-12,kg,False
Metolachlor,3.1636587949096834e-15,kg,False
Metolachlor,1.2821757111583163e-14,kg,False
Calcium II,4.190335028488286e-07,kg,False
Dichloromethane,2.4378300612119627e-06,kg,False
Trimethyl borate,1.919993203413548e-11,kg,False
"Occupation, pasture, man made, extensive",2.939726378199809e-11,m2*a,True
Primisulfuron,2.912849748024762e-13,kg,False
Palladium,4.097090055677513e-09,kg,True
"2,4-DB",7.23704872354101e-19,kg,False
Thiram,5.3570982899168385e-14,kg,False
Dodecanol,1.1579470081193774e-17,kg,False
Triflumuron,1.571480416905578e-13,kg,False
Propiconazole,1.639042156620845e-13,kg,False
"1,1,1-Trichloroethane",4.733367125908535e-10,kg,False
Lead-210,2.150820307647271e-07,kBq,False
Dipropyl amine,3.406992059992258e-11,kg,False
Nicosulfuron,8.06198328208257e-15,kg,False
"VOC, volatile organic compounds",3.0052037098910625e-09,kg,False
Flufenacet,1.8935931551638365e-16,kg,False
Prohexadione calcium,5.897636646859318e-20,kg,False
Beta-cyfluthrin,8.853538439038361e-14,kg,False
Tributyltin compounds,3.001386893862337e-13,kg,False
N-methyl-2-pyrrolidone,3.230763734501788e-24,kg,False
Bifenazate,3.4200449044602937e-16,kg,False
Sulcotrione,7.522940395359692e-28,kg,False
Pendimethalin,1.0947362915551014e-08,kg,False
Glutaraldehyde,1.2968555269833617e-08,kg,False
Gibberellic acid,3.142245989045734e-17,kg,False
Lithium I,1.3673873862529861e-09,kg,False
Tin ion,2.5097997625268866e-09,kg,False
Chromium-51,4.23212687790323e-10,kBq,False
Quizalofop-p-ethyl,1.5231938154079791e-18,kg,False
Glufosinate,9.756784933255682e-22,kg,False
Laminarin,5.463755970727732e-16,kg,False
Bromine,1.1568145155508992e-09,kg,False
Diclofop-methyl,1.885595777664908e-14,kg,False
Vinylidene fluoride,2.0121380419487777e-11,kg,False
Antimony ion,2.974047302774112e-09,kg,False
"Discarded fish, pelagic, to ocean",7.079340944043224e-20,kg,False
Diethylamine,7.47847297510545e-11,kg,False
Mancozeb,2.954637852479479e-10,kg,False
"Hydrocarbons, aliphatic, alkanes, unspecified",3.128059954227219e-06,kg,False
Naphthalene,3.60746135352401e-11,kg,False
Yttrium,2.1081960421338855e-08,kg,True
"Methane, from soil or biomass stock",1.3179512752899899e-06,kg,False
Potassium-40,5.077508803218892e-06,kBq,False
Isopropanol,3.8407297913848316e-10,kg,False
Glyphosate,2.2326879122720787e-07,kg,False
Potassium I,1.7541591896994628e-07,kg,False
Flutolanil,8.607700517866338e-12,kg,False
Chlorothalonil,2.6813792202352933e-16,kg,False
Tralkoxydim,3.3439646217028835e-16,kg,False
Silthiofam,4.2792668952450506e-15,kg,False
Methyl acrylate,1.5048737065912795e-10,kg,False
Thorium-232,3.842396574866937e-06,kBq,False
Metsulfuron-methyl,8.293965557791339e-15,kg,False
Dimethylamine,2.8840362807264488e-12,kg,False
2-Methyl-2-butene,3.1855089966426496e-15,kg,False
Kaolinite,4.4954385939579296e-05,kg,True
Maleic hydrazide,4.790019411995154e-11,kg,False
"Occupation, permanent crop, non-irrigated, intensive",1.657886590027427e-05,m2*a,True
Propamocarb HCl,3.796956362817858e-13,kg,False
Aluminium III,1.0349369755681565e-06,kg,False
Sulfate,7.801246050024012e-06,kg,False
Lead-210,0.038495767373070644,kBq,False
Trimethylchlorosilane,2.396480546066394e-10,kg,False
Samarium,2.1331921680255458e-07,kg,True
Chlormequat,2.7664002404978104e-11,kg,False
Quizalofop-p-ethyl,2.3627770374413635e-11,kg,False
Tribenuron,4.8141224904334085e-11,kg,False
Acrylate,1.8488599059795748e-10,kg,False
Acrinathrin,6.405496212430705e-23,kg,False
Bentazone,3.315027743124443e-09,kg,False
Strontium II,1.4541601275532567e-07,kg,False
Dichlorofluoromethane,6.594525588317205e-13,kg,False
Tembotrione,1.6339131952863843e-14,kg,False
Isobutanol,3.4148797952471233e-11,kg,False
Benzo(b)fluoranthene,1.1017633257541108e-14,kg,False
Vanadium,9.673709446393698e-09,kg,True
"Transformation, from river, natural (non-use)",1.1642526195827675e-06,m2,True
Tin ion,5.2073260089246756e-27,kg,False
Cyprodinil,7.974431565586355e-16,kg,False
Tritosulfuron,6.195819354138802e-20,kg,False
"Occupation, forest, intensive",0.028715165929194292,m2*a,True
Copper oxide,2.6302091586160045e-16,kg,False
Copper oxychloride,2.5541329454062442e-11,kg,False
"Pesticides, unspecified",8.774203884769283e-11,kg,False
Molybdenum VI,2.770934213472648e-06,kg,False
Mercury II,1.0309116673205621e-09,kg,False
Chlorantraniliprole,5.738518579806664e-17,kg,False
Diuron,3.4541049533429366e-12,kg,False
2-Aminopropanol,2.399879209927719e-11,kg,False
Kresoxim-methyl,4.95226690642953e-20,kg,False
Nitrogen,1.6652904485358642e-10,kg,False
Mancozeb,4.428483941264221e-11,kg,False
"Transformation, from heterogeneous, agricultural",3.132614768836881e-08,m2,True
Prochloraz,3.358719481695082e-19,kg,False
"Fungicides, unspecified",1.9548399768672548e-18,kg,False
Fluthiacet-methyl,1.2342838727724986e-11,kg,False
Procymidone,6.338877391629672e-13,kg,False
Methiocarb,1.294235050846955e-22,kg,False
Acephate,3.8915847194669046e-08,kg,False
Paraquat,1.2574542293747297e-09,kg,False
Ametoctradin,2.5743012935562577e-18,kg,False
Diquat,2.1866218891023497e-10,kg,False
"Transformation, from forest, primary (non-use)",1.6789342556018204e-05,m2,True
"Transformation, to wetland, inland (non-use)",1.6231611129339155e-20,m2,True
Benzovindiflupyr,2.8564238762525404e-20,kg,False
Cerium-141,6.604460975551939e-09,kBq,False
Thifensulfuron,3.7307566727823673e-14,kg,False
Calcium II,0.0036138703992416032,kg,False
Trifluoromethane,5.037779540341749e-10,kg,False
t-Butyl amine,5.812379767900632e-11,kg,False
2-Aminopropanol,9.913379996985777e-12,kg,False
Methoxyfenozide,7.140296303648878e-11,kg,False
"Chlorinated solvents, unspecified",8.830913353754222e-10,kg,False
Xenon-137,0.00013458588137323145,kBq,False
Strontium-90,2.0831168111518888e-05,kBq,False
Chlorantraniliprole,5.943380193912242e-14,kg,False
Krypton,5.332172831114631e-17,kg,True
Chlorosulfonic acid,1.8200489559771613e-11,kg,False
Fluroxypyr,8.469314863868864e-18,kg,False
Hexamethylenediamine,5.957652901787127e-11,kg,False
Diuron,1.3655763769030212e-10,kg,False
Potassium,1.7187926743532802e-05,kg,True
Fluroxypyr,2.1485825083281175e-17,kg,False
Metrafenone,5.1497136569436367e-20,kg,False
Phosphine,3.2660559433625998e-12,kg,False
Sulfuric acid,1.949206552369013e-08,kg,False
"Aldehydes, unspecified",5.511091944140166e-11,kg,False
Pyroxsulam,3.4606514655444617e-18,kg,False
Phosphorus trichloride,1.4614705850044915e-18,kg,False
Diflubenzuron,1.3894316105226021e-12,kg,False
Isophorone,2.674468834717679e-10,kg,False
Radium-224,0.005284861628641351,kBq,False
Chlorine,1.2290069615823072e-08,kg,False
Chloridazon,1.330561524420537e-16,kg,False
Diazinon,1.746553395568239e-11,kg,False
Hexachloroethane,3.736197215755451e-14,kg,False
Linuron,9.653876191787933e-10,kg,False
Urea,9.365524153419866e-14,kg,False
"Transformation, from pasture, man made, extensive",5.879540949072891e-13,m2,True
Pydiflumetofen,1.0032195409464144e-10,kg,False
Pyraclostrobin,9.600532507658927e-13,kg,False
Tetramethyl ammonium hydroxide,5.762326330052504e-13,kg,False
Metribuzin,1.205678106154412e-14,kg,False
Silver I,1.2568041923047206e-08,kg,False
Azoxystrobin,1.596665858960949e-12,kg,False
"Volume occupied, final repository for low-active radioactive waste",4.945949419457408e-09,m3,True
Cinidon-ethyl,6.155514527931287e-18,kg,False
Hydroxide,9.575881175841612e-08,kg,False
"1,1-Difluoroethane",1.451647827816046e-11,kg,False
Pinoxaden,2.1322695840102866e-19,kg,False
Sulfate,0.00019175226051279398,kg,False
Lithium carbonate,3.827443306007603e-11,kg,False
Tefluthrin,1.9774895385584027e-12,kg,False
"Radioactive species, other beta emitters",0.00024399854726086284,kBq,False
"Occupation, forest, extensive",0.0013060017206192019,m2*a,True
Propylene oxide,1.2626070818151954e-08,kg,False
Oxyfluorfen,3.518711958361047e-19,kg,False
MCPB,1.8656769801894764e-22,kg,False
"Transformation, from forest, secondary (non-use)",2.1660490295448287e-05,m2,True
"Hydrocarbons, unspecified",6.195227139922339e-12,kg,False
Florasulam,7.418771595726507e-15,kg,False
Cyanide,2.9053731088047475e-10,kg,False
"1,3-Dichloropropene",4.236439136300374e-14,kg,False
Clodinafop-propargyl,1.5431854374111423e-18,kg,False
Radium-226,0.1272777661518738,kBq,False
Triasulfuron,7.625600611514662e-16,kg,False
Imidacloprid,3.699034715917809e-16,kg,False
Ethephon,1.915196403795372e-22,kg,False
Endosulfan,1.8669053063953837e-08,kg,False
Vinyl chloride,9.597657395815934e-11,kg,False
Rhenium,1.2793303810287982e-09,kg,True
Methyl methacrylate,1.4810804495976506e-09,kg,False
t-Butyl methyl ether,3.229944631026265e-09,kg,False
Ioxynil,6.6343092452173705e-18,kg,False
Methanesulfonic acid,1.506227385723194e-11,kg,False
Dimethomorph,3.830420010592402e-19,kg,False
Fluosilicic acid,4.379033200676398e-10,kg,False
Fomesafen,2.9159119566847657e-09,kg,False
Diafenthiuron,1.3236922584472693e-13,kg,False
Trioctyltin,5.340847188640694e-28,kg,False
Kresoxim-methyl,5.956878173471295e-16,kg,False
Cobalt,3.6767918736194637e-06,kg,True
Hydrogen peroxide,8.325369840263276e-08,kg,False
Haloxyfop-ethoxyethyl,6.04412390294075e-11,kg,False
Alpha-cypermethrin,7.199070946467514e-14,kg,False
Quizalofop-p-ethyl,1.8899829615931794e-19,kg,False
Zinc II,-7.009051118515486e-10,kg,False
Manganese-54,2.167317570691431e-10,kBq,False
Benzo(ghi)perylene,2.100740045848163e-08,kg,False
Bensulfuron methyl ester,2.8117313094481614e-14,kg,False
Monochloroethane,3.511422773705543e-13,kg,False
Strontium II,4.264831365601657e-09,kg,False
Pyraclostrobin,7.826833290469228e-10,kg,False
Novaluron,4.397165828486164e-21,kg,False
Phenyl isocyanate,4.315223671934089e-12,kg,False
Trifluralin,6.4876375854421e-14,kg,False
"Transformation, to forest, secondary (non-use)",5.125771935580772e-21,m2,True
"2,4-Dichlorophenol",2.733946168450715e-13,kg,False
Spirotetramat,8.629432900862684e-16,kg,False
Ketene,5.128774409961581e-09,kg,False
Silicon,0.00024132410529050164,kg,True
Diethylene glycol,8.683621410110655e-17,kg,False
Metrafenone,5.626098135325632e-15,kg,False
Dipropyl amine,1.4195445586479198e-11,kg,False
o-Nitrotoluene,1.926787745175662e-11,kg,False
Silver I,6.195340416636961e-10,kg,False
Dodecanol,4.722881815781465e-21,kg,False
"Transformation, to seabed, drilling and mining",0.00016859121850783704,m2,True
Cumene,3.414404776407887e-07,kg,False
Sodium chlorate,7.451554202558547e-09,kg,False
Hydrogen fluoride,4.115828149687819e-10,kg,False
"Chlorides, unspecified",0.00012701475367383653,kg,False
Propaquizafop,1.0193776654917871e-13,kg,False
Polonium-210,6.476837873269228e-05,kBq,False
Triflumuron,5.194378738862021e-12,kg,False
Nitrate,1.2249899226996201e-07,kg,False
Isoxaflutole,1.7298027313697746e-17,kg,False
Thiophanate-methyl,2.3732852539281222e-09,kg,False
Esfenvalerate,1.0167587395795113e-11,kg,False
Polonium-210,3.272630397314784e-07,kBq,False
Sulfur,2.847682275910316e-08,kg,False
Dimethomorph,3.027378321222151e-15,kg,False
Lambda-cyhalothrin,5.140668038844986e-15,kg,False
Copper oxychloride,2.940607248330163e-13,kg,False
Nicosulfuron,2.4514948612836916e-14,kg,False
Profenofos,3.033274531153097e-10,kg,False
Lithium hexafluorophosphate,1.1346285350609737e-12,kg,False
Prochloraz,1.1192712188909e-12,kg,False
Butyric acid,9.200386186296099e-13,kg,False
Acetic acid,4.304090830409596e-09,kg,False
Benzyl alcohol,4.11612331005879e-10,kg,False
Ytterbium,1.5227738357735166e-09,kg,True
Manganese II,2.3957108297556585e-08,kg,False
Isoprene,3.1010618242117455e-09,kg,False
Simazine,4.220469137396397e-13,kg,False
Pentachlorophenol,3.3592294090874736e-13,kg,False
Dichloromethane,3.026155844632386e-11,kg,False
Isoxaflutole,7.90476813423731e-20,kg,False
Phosphoric acid,4.34627504727354e-17,kg,False
Epoxiconazole,8.023626135855462e-13,kg,False
Pyraclostrobin,1.5732463071010593e-18,kg,False
Carfentrazone-ethyl,3.088647481246744e-19,kg,False
Carbon tetrachloride,8.698498607055769e-12,kg,False
Plutonium-238,1.373227841988396e-13,kBq,False
Thifensulfuron,3.352759266020305e-13,kg,False
Titanium ion,1.5925823108010617e-06,kg,False
Fenpropidin,9.195617646984854e-19,kg,False
Mandipropamid,3.4880489434317826e-17,kg,False
Organic carbon,5.903828427742391e-09,kg,False
Flumetsulam,4.336308438616877e-11,kg,False
Metam-sodium,7.823565781484042e-09,kg,False
Sulfur,7.69308036799223e-06,kg,False
Rimsulfuron,9.092392260658717e-16,kg,False
MCPA,4.668561281926307e-22,kg,False
Diflufenican,2.4228297100390907e-12,kg,False
"Carbon dioxide, to soil or biomass stock",1.3454072040754829e-06,kg,False
"Xylenes, unspecified",3.959526691700259e-06,kg,False
Gold,7.548936277642052e-08,kg,True
t-Butyl methyl ether,1.1623402379348646e-11,kg,False
Ethyl acetate,2.0625083729980746e-06,kg,False
Copper ion,2.272144452930151e-07,kg,False
"Insecticides, unspecified",1.5201308711293e-17,kg,False
Haloxyfop-ethoxyethyl,7.98489763324283e-14,kg,False
Iodosulfuron-methyl-sodium,1.3218268833352083e-18,kg,False
Trimethylamine,1.0626633237511403e-11,kg,False
Isopropanol,2.2800286240936547e-08,kg,False
Sodium tetrahydridoborate,1.59515832396112e-14,kg,False
Amisulbrom,7.980334010024383e-17,kg,False
"Particulate Matter, > 2.5 um and < 10um",5.7502018291585605e-06,kg,False
Quizalofop-p-ethyl,6.710504724267908e-13,kg,False
Rimsulfuron,2.17157687952392e-18,kg,False
Metsulfuron-methyl,4.391683996122901e-12,kg,False
Uranium-238,1.3275937132426796e-08,kBq,False
Pendimethalin,1.9996239539618582e-10,kg,False
Aclonifen,1.2700383246328346e-09,kg,False
Diquat,6.153367151672613e-17,kg,False
Cloquintocet-mexyl,2.9737121414512564e-22,kg,False
Xenon-138,0.001004867291521033,kBq,False
Amisulbrom,2.9281867257844957e-19,kg,False
Zinc II,1.4381733593327952e-08,kg,False
Chromium VI,1.9760172994632213e-13,kg,False
Lead II,1.9422385819329948e-07,kg,False
Bixafen,1.31845600212753e-17,kg,False
Sulfur trioxide,2.3475569621160053e-07,kg,False
Epoxiconazole,7.779239669462385e-12,kg,False
Phosmet,8.70788141762804e-12,kg,False
Dodecanol,6.397518021649013e-12,kg,False
Phosphorus pentachloride,1.6619769520212536e-11,kg,False
Pyroxsulam,1.4489221799243347e-15,kg,False
"Transformation, to pasture, man made, extensive",5.879540949072891e-13,m2,True
Sulfentrazone,9.57269726256734e-12,kg,False
Fluosilicic acid,4.030289295955032e-08,kg,False
Pinoxaden,6.183581793629805e-18,kg,False
Formamide,6.590059387728975e-11,kg,False
Ametoctradin,9.445763631562892e-21,kg,False
Fluoxastrobin,9.311252170913351e-15,kg,False
Sodium methoxide,3.5786734391293753e-10,kg,False
Scandium,3.568094558699044e-09,kg,False
Tembotrione,2.1621355487881365e-12,kg,False
Magnesium,5.492341293304635e-19,kg,False
Thiram,3.786075723810041e-13,kg,False
Cyhalothrin,1.6757230308769097e-14,kg,False
Sodium I,8.255465615038877e-06,kg,False
Polonium-210,1.5778606149225542e-06,kBq,False
Thionyl chloride,8.910303872228335e-15,kg,False
Chlorosulfonic acid,5.593912744896705e-14,kg,False
Mesotrione,5.4403909632649995e-17,kg,False
Cyanoacetic acid,1.4905315279816467e-11,kg,False
"Carboxylic acids, unspecified",7.818631765929206e-05,kg,False
Thiodicarb,5.488102864201507e-13,kg,False
Spiroxamine,1.840060945678777e-17,kg,False
Oxyfluorfen,2.2026388338673545e-12,kg,False
Acenaphthylene,9.483666310654915e-10,kg,False
Indium,9.03932101577869e-09,kg,True
"2,4-D",1.4050080874299659e-11,kg,False
Trinexapac-ethyl,2.0187754557627432e-14,kg,False
Acetylene,9.68833481831628e-09,kg,False
"Transformation, to grassland, natural (non-use)",3.0247405599818957e-06,m2,True
"1,4-Butanediol",1.5499344117190324e-10,kg,False
Metalaxyl-M,8.815630452398315e-16,kg,False
Sulfur trioxide,6.667117817192358e-07,kg,False
Diquat,2.121850741956061e-18,kg,False
"Transformation, to traffic area, rail network",8.48421408160234e-06,m2,True
Amidosulfuron,1.3168774345681489e-20,kg,False
Aldicarb,6.524750373656587e-11,kg,False
Cyproconazole,5.165543553123516e-13,kg,False
Chloropicrin,6.832529293244223e-19,kg,False
Dodecanol,1.2871506467781289e-18,kg,False
Lanthanum,6.030032424339511e-06,kg,True
Copper ion,-2.2262068992474892e-10,kg,False
Carbon,7.992453787988623e-09,kg,False
Sulfentrazone,5.20422863381154e-09,kg,False
Cupric hydroxide,5.420386358898222e-16,kg,False
"Volume occupied, final repository for radioactive waste",8.412475222690301e-10,m3,True
Phosphorus oxychloride,1.2692868768128717e-10,kg,False
Benzovindiflupyr,4.151148791089938e-11,kg,False
Chlorosulfonic acid,4.538479143254221e-11,kg,False
Benalaxyl-M,1.2373950357347426e-18,kg,False
Sethoxydim,1.9886155321186387e-12,kg,False
Kieserite,1.1875050701322626e-07,kg,True
"2-Chloro-1,1,1,2-tetrafluoroethane",9.864696557214956e-11,kg,False
Thiodicarb,1.8958177899075282e-10,kg,False
Nicosulfuron,1.4625772757011834e-16,kg,False
"Hydrocarbons, aliphatic, unsaturated",1.0463611642093112e-19,kg,False
Azadirachtin,1.8440140098539295e-10,kg,False
Mesosulfuron-methyl (prop),2.546873382527488e-16,kg,False
Cyclopropene,2.8649268044292264e-09,kg,False
"Dioxins, measured as 2,3,7,8-tetrachlorodibenzo-p-dioxin",1.1497861621132846e-15,kg,False
Benzal chloride,1.2994130756368833e-09,kg,False
Allyl chloride,5.2832334647431664e-11,kg,False
Glufosinate,8.294047750940724e-11,kg,False
Vinclozolin,2.112936442267366e-13,kg,False
Lactofen,3.3393453820012123e-10,kg,False
Silver I,3.006398595266821e-14,kg,False
"Wood, hard, standing",8.782115141867617e-06,m3,True
Chloroform,4.586417775912963e-09,kg,False
"Occupation, arable land, unspecified use",4.1698883003153094e-08,m2*a,True
Mefentrifluconazole,7.483725547357229e-14,kg,False
Novaluron,3.47530674630095e-17,kg,False
"Gas, mine, off-gas, process, coal mining",0.00190294644910633,m3,True
Ethephon,8.589156558260277e-17,kg,False
Triphenyltin,2.2698600551722944e-28,kg,False
Sodium dichromate,7.538823496066438e-11,kg,False
Amisulbrom,1.0097195606153413e-20,kg,False
Butanol,1.2438500911687972e-11,kg,False
Boron,9.534863318424904e-06,kg,True
"Oils, non-fossil",2.4017342827726786e-06,kg,False
Metsulfuron-methyl,5.771401775297757e-18,kg,False
Benthiavalicarb,1.7020411059609708e-20,kg,False
Methylamine,6.311466138944458e-11,kg,False
"Transformation, from annual crop, irrigated",3.4683698631708786e-05,m2,True
"Oils, non-fossil",1.2390516245154408e-11,kg,False
Methomyl,1.71665771900402e-24,kg,False
Fluquinconazole,5.4401785685383e-16,kg,False
"2,4-D ester",3.2390755224924474e-12,kg,False
Metalaxil,9.324082897955304e-11,kg,False
Propanil,6.2020474649084615e-12,kg,False
Phosphorus pentafluoride,1.9006697574119015e-12,kg,False
Metalaxyl-M,5.456091835783874e-12,kg,False
Monobutyltin (III),2.0695782855982695e-27,kg,False
Quintozene,4.750161464611841e-11,kg,False
Ammonia,5.086144105314282e-10,kg,False
Aclonifen,1.5191159233273544e-13,kg,False
"N,N-Dimethylformamide",1.4684020955353849e-13,kg,False
Pyroxsulam,1.193328091567059e-19,kg,False
Prothioconazole,1.5758794175403617e-12,kg,False
Mecoprop-P,1.5648247467511809e-15,kg,False
Methoxyfenozide,8.069084136782695e-13,kg,False
Fluxapyroxad,2.4848749641984814e-19,kg,False
Beta-cyfluthrin,1.2970219954461642e-10,kg,False
Tin,1.2032117544052558e-05,kg,True
Sodium formate,1.5104449489888158e-11,kg,False
Pendimethalin,9.506797738692788e-14,kg,False
Diuron,1.3142659765399897e-09,kg,False
"Transformation, to dump site, inert material landfill",5.475332183562487e-05,m2,True
"Pesticides, unspecified",4.167458906572688e-12,kg,False
Mancozeb,2.2410562789864007e-17,kg,False
Iron ion,3.394872665396072e-06,kg,False
Azoxystrobin,6.01744834508581e-12,kg,False
Fluazinam,2.1912326701722606e-12,kg,False
Sulfuric acid,9.425765003441964e-09,kg,False
Isoproturon,1.036390597715718e-18,kg,False
Monoethanolamine,1.4205272514589551e-09,kg,False
"Occupation, grassland, natural, for livestock grazing",1.2167061550968667e-11,m2*a,True
Fludioxonil,1.5041455557740028e-11,kg,False
Methacrylamide sulfate,3.192990163909209e-08,kg,False
Aluminium III,2.1619165946113202e-05,kg,False
Carbendazim,6.025712567195755e-12,kg,False
Emamectin benzoate,7.0377277830821794e-15,kg,False
Diflubenzuron,6.0296389360414046e-15,kg,False
Uranium,1.863999437096912e-14,kg,False
Carfentrazone-ethyl,7.147537360911349e-13,kg,False
Butyrolactone,2.393330612923371e-11,kg,False
Silver,9.388691904699246e-07,kg,True
Sulcotrione,9.134579781728355e-24,kg,False
Methyl isobutyl ketone,3.852133317777866e-12,kg,False
"1,1,1-Trichloroethane",2.052189663773786e-20,kg,False
Sodium formate,3.628751889643863e-11,kg,False
Fipronil,2.3120382156958708e-11,kg,False
Sodium,1.5428903447346887e-07,kg,True
Gypsum,0.0024068253377300558,kg,True
"Hydrocarbons, aromatic",2.1204553187055797e-05,kg,False
Manganese II,1.067126958284709e-06,kg,False
Fluorene,1.7990818863579784e-10,kg,False
Tetrachloroethylene,1.865638562969422e-12,kg,False
Florasulam,8.187883222315406e-16,kg,False
Rubidium,4.053562763659719e-07,kg,False
Prochloraz,1.1581791316189917e-20,kg,False
Manganese II,1.0693626380811106e-07,kg,False
Mandipropamid,1.2027754977350938e-18,kg,False
"1,1,2-Trichloro-1,2,2-trifluoroethane",9.864696557214956e-11,kg,False
Butadiene,5.4943595817640536e-12,kg,False
Bixafen,5.520375199606843e-15,kg,False
Spiromesifen,9.867627459443635e-16,kg,False
Imidacloprid,7.872742831103985e-11,kg,False
Holmium,5.900748613622379e-10,kg,True
Difenoconazole,1.8529917380232215e-13,kg,False
Dissolved solids,2.6145036925414248e-11,kg,False
Propamocarb,4.330618351085006e-14,kg,False
Sodium I,1.211945869756601e-07,kg,False
"Occupation, traffic area, rail/road embankment",0.016495778654396547,m2*a,True
Ethylene oxide,4.5357614530726197e-10,kg,False
Nitric acid,3.2190911583147185e-14,kg,False
Silicon,2.30055615945379e-07,kg,False
Thiabendazole,3.032065891590459e-15,kg,False
Bromoxynil,2.2644883554905357e-20,kg,False
Magnesium,0.00013358924214047776,kg,True
Mesotrione,9.112490500964264e-16,kg,False
Dimethomorph,1.1108218030717983e-17,kg,False
Diquat,1.6770079832768748e-14,kg,False
Molybdenum,1.412065058636562e-05,kg,True
Chlormequat chloride,1.2636227156983845e-14,kg,False
Fluxapyroxad,3.0172096833428632e-15,kg,False
Pentachlorobenzene,2.55138709551926e-15,kg,False
Octaethylene glycol monododecyl ether,3.801856640476182e-11,kg,False
Famoxadone,5.693585899627751e-16,kg,False
Flumiclorac-pentyl,7.537379106705588e-11,kg,False
Tritosulfuron,7.523149623578985e-16,kg,False
Carbaryl,1.400780804284169e-20,kg,False
Pendimethalin,1.3629699000553908e-16,kg,False
Captan,4.472487411911904e-15,kg,False
Scandium,1.1719242554838403e-14,kg,False
Thiophanate-methyl,1.4449380320839906e-11,kg,False
tau-Fluvalinate,1.0575817934706642e-36,kg,False
Thallium I,3.3002287360883695e-12,kg,False
"Dioxins, measured as 2,3,7,8-tetrachlorodibenzo-p-dioxin",2.320757544927254e-13,kg,False
Linuron,1.7672162154991577e-22,kg,False
Prohexadione calcium,7.161087240251297e-16,kg,False
Paraffins,1.1275178475617101e-11,kg,False
Simazine,1.1237840639001095e-11,kg,False
Phorate,7.907882861151808e-11,kg,False
Abamectin,4.586075073131681e-13,kg,False
Cadmium II,5.0381599911197305e-09,kg,False
Sulfur hexafluoride,9.609264946409575e-17,kg,False
Trinexapac-ethyl,4.82153208859373e-17,kg,False
Fenoxaprop-P,2.957433997671444e-15,kg,False
Bromate,9.024838644058299e-11,kg,False
Teflubenzuron,1.6611515352058893e-22,kg,False
Phenol,1.7998943664830604e-09,kg,False
Thiencarbazone-methyl,3.9654803359078235e-19,kg,False
"1,1-Difluoroethane",3.336256635381163e-08,kg,False
Trichloroethylene,1.0514017966965627e-12,kg,False
Metosulam,1.4588353457098753e-16,kg,False
TCMTB,7.373237902710914e-10,kg,False
"Discarded fish, demersal, to ocean",2.1600598165979496e-29,kg,False
Sulfentrazone,1.5847534428482435e-13,kg,False
Dicamba,1.0252238617421711e-15,kg,False
Emamectin benzoate,2.048327115114866e-11,kg,False
Epoxiconazole,4.43562632435001e-14,kg,False
Methylchloride,5.513155554361992e-09,kg,False
Chrysene,5.996939621193261e-14,kg,False
Flurochloridone,3.1821394038554642e-18,kg,False
Benalaxyl-M,4.2668794335680607e-20,kg,False
Glufosinate,2.829467630644139e-20,kg,False
Beryllium II,1.5633272695387466e-13,kg,False
Helium,3.8791770098663436e-05,kg,False
Butadiene,1.1265510343589562e-13,kg,False
Cerium,1.2988938568821905e-05,kg,True
Clothianidin,8.524587818958222e-25,kg,False
Chromium VI,6.388670549194372e-10,kg,False
Acephate,1.0964987613260432e-08,kg,False
Cyclohexane,5.778335845605185e-09,kg,False
Silicon dioxide,0.00230182336998879,kg,True
Furan,2.345184526730008e-18,kg,False
Chlormequat chloride,1.0406782358435798e-18,kg,False
"Indeno(1,2,3-cd)pyrene",1.70378168307545e-14,kg,False
Silver I,3.7128562514903597e-11,kg,False
Methyl formate,1.2948825937426577e-11,kg,False
Chloroacetyl chloride,3.200609328660506e-11,kg,False
"Transformation, to permanent crop, non-irrigated, intensive",1.8420555018330506e-05,m2,True
Methyl acrylate,4.213385455856239e-09,kg,False
Cypermethrin,1.8522663823769664e-15,kg,False
"Transformation, from permanent crop",3.7167548352562625e-06,m2,True
Vinylidene chloride,2.2485901883146267e-10,kg,False
Thiabendazole,4.1346969096125495e-14,kg,False
Pyrene,3.677193209584396e-10,kg,False
Methanol,6.448587671776278e-08,kg,False
Metalaxyl-M,4.345002787904825e-14,kg,False
Pentachlorophenol,2.3173755239713515e-11,kg,False
Oxyfluorfen,4.378841548182663e-20,kg,False
Benz(a)anthracene,9.297580808051568e-14,kg,False
Dimethoate,1.6797625928209275e-11,kg,False
Xenon,6.2556217571735904e-18,kg,True
Caesium-137,0.00018736413776282345,kBq,False
Strontium,1.723150029149422e-07,kg,True
Plutonium-alpha,3.147950264897126e-13,kBq,False
Iodine,1.2259005146530128e-14,kg,False
Rimsulfuron,1.53328621773103e-12,kg,False
Carbendazim,4.9204895441420575e-11,kg,False
Thiamethoxam,5.445114804342606e-09,kg,False
Tin ion,9.178146332406922e-10,kg,False
Beta-cyfluthrin,1.3858973441682988e-12,kg,False
Aluminium III,2.2138277429793843e-05,kg,False
Thiophanate-methyl,2.9461906315299175e-10,kg,False
Pyraflufen-ethyl,8.631473663324703e-23,kg,False
Nicosulfuron,4.490290181918911e-12,kg,False
Chromium III,7.584974734863288e-12,kg,False
Alkylbenzene (c10-c15),8.77039877181543e-12,kg,False
Imidacloprid,4.226609492240838e-09,kg,False
Isopropylamine,2.3661782729741254e-11,kg,False
Pyrethrins,2.6031911968519305e-17,kg,False
Fluazinam,1.4698446699691937e-11,kg,False
Thorium-232,1.0479690084554096e-06,kBq,False
"Volume occupied, underground deposit",3.531854645271315e-07,m3,True
"Fish, demersal, in ocean",1.72805837531246e-28,kg,True
Dichlorprop,1.177650520869906e-22,kg,False
Chlorothalonil,8.923872817430564e-14,kg,False
Europium,5.2594445039605905e-08,kg,True
2-Nitrobenzoic acid,2.2313237747077937e-11,kg,False
"2,4-D",1.3383507340623547e-09,kg,False
Titanium ion,7.210723235690476e-08,kg,False
Desmedipham,1.390052180146403e-20,kg,False
Chlorodifluoromethane,6.203643953044897e-10,kg,False
Bromoxynil,2.4106366353541e-17,kg,False
Carfentrazone-ethyl,2.5236524948143025e-11,kg,False
Isobutanol,8.19557558460087e-11,kg,False
Ethoprop,4.37427622596941e-11,kg,False
Trifluralin,1.1491451789362697e-08,kg,False
Metsulfuron-methyl,2.3418437458475555e-13,kg,False
Flurochloridone,6.963484999069695e-16,kg,False
Pirimicarb,2.3564054641334608e-11,kg,False
t-Butyl methyl ether,1.2940729536149776e-08,kg,False
Trifluralin,1.6124645684437934e-20,kg,False
Sulfadiazine,4.85658938338637e-13,kg,False
Bicyclopyrone,9.91486474929836e-14,kg,False
Phosphorus,1.9065795824033787e-09,kg,False
"Transformation, to forest, extensive",1.0046130978582465e-05,m2,True
Thiamethoxam,8.495799746667789e-13,kg,False
Borate,3.989952780053613e-09,kg,False
Organic carbon,1.8902787530322298e-08,kg,False
Tefluthrin,7.189578779033692e-17,kg,False
Flufenacet,7.728695833162591e-14,kg,False
Ethanol,1.4287225430457472e-09,kg,False
Carbonate,0.00011699349614243716,kg,False
Mesotrione,5.810501547332045e-10,kg,False
Acenaphthene,9.891048993438151e-10,kg,False
Magnesium,1.0047914149554433e-06,kg,False
Alpha-cypermethrin,1.5282881091049959e-15,kg,False
Radium-226,2.4124049196235504e-07,kBq,False
Isoproturon,3.0055327333755717e-17,kg,False
Sulfate,9.467173660741114e-07,kg,False
Beryllium II,1.2895327966128366e-10,kg,False
Laminarin,1.6462691837671539e-18,kg,False
Maleic hydrazide,2.1054607134753614e-17,kg,False
Methyl lactate,1.2207112742182167e-11,kg,False
"2,4-DB",7.940820330978517e-23,kg,False
Aniline,1.5429968912693655e-10,kg,False
Chlorotoluron,1.1925393851015762e-13,kg,False
Flupyrsulfuron-methyl sodium,5.732367101857993e-16,kg,False
Propaquizafop,4.839515722439836e-17,kg,False
Pinoxaden,2.5890656588624197e-15,kg,False
Thiamethoxam,4.63057176074758e-11,kg,False
Chloridazon,4.882167323765815e-19,kg,False
Fenoxaprop,2.3926533088842984e-10,kg,False
Polychlorinated biphenyls,5.072053652404319e-14,kg,False
Dichloroethylene,2.9809040181452606e-10,kg,False
Tetraconazole,1.6032775545659497e-10,kg,False
"Transformation, from dump site, inert material landfill",5.475332183562487e-05,m2,True
Fenoxaprop-P,2.7070161026326907e-20,kg,False
Bifenox,8.184425445451282e-15,kg,False
MCPA,1.2780067627907608e-16,kg,False
Ethanol,3.909785860919161e-09,kg,False
"Occupation, seabed, drilling and mining",0.00016859121850783704,m2*a,True
Carbendazim,2.374627231371612e-08,kg,False
Molinate,2.3946225800542985e-12,kg,False
Ethalfluralin,3.140861134967373e-12,kg,False
Acetic anhydride,4.2682237112752575e-10,kg,False
Cyprodinil,1.9839253369883473e-11,kg,False
Bentazone,4.811183598552495e-12,kg,False
"Transformation, to annual crop, non-irrigated, extensive",1.3471370799307248e-06,m2,True
Fipronil,1.259240767310827e-08,kg,False
Helium,5.421665362419477e-08,kg,False
Zoxamide,3.3966242594171016e-15,kg,False
"2,4-D dimethylamine salt",7.234216462735884e-21,kg,False
"Transformation, to cropland fallow (non-use)",7.288796240917269e-07,m2,True
Cupric hydroxide,6.709345047780606e-20,kg,False
Fluxapyroxad,2.7900971714681847e-16,kg,False
Sulcotrione,2.181652714654306e-26,kg,False
Ethylene diamine,1.2567817282503535e-10,kg,False
Pyraflufen-ethyl,6.821898427924084e-19,kg,False
Carfentrazone-ethyl,3.8570055814462713e-14,kg,False
"Radioactive species, Nuclides, unspecified",0.000977552023110383,kBq,False
Basalt,0.00015756231265581807,kg,True
Thiamethoxam,8.020669911859691e-10,kg,False
Tetrafluoromethane,1.2887592464950976e-10,kg,False
"Occupation, grassland, natural (non-use)",0.00022685554199863747,m2*a,True
Chlorimuron-ethyl,1.670116757547412e-09,kg,False
Bromine,1.4662715576888406e-05,kg,False
Anthranilic acid,1.7227088651592387e-11,kg,False
Diflubenzuron,6.130620246402061e-08,kg,False
Aniline,6.375264931875215e-11,kg,False
Lenacil,1.2329490839449543e-20,kg,False
Silicon,1.4731559471635769e-05,kg,False
Strontium II,0.00014324260066779965,kg,False
Flurochloridone,6.263844630813915e-15,kg,False
Boron,3.3754763871208705e-06,kg,False
Lactic acid,2.6687329266302012e-11,kg,False
Acetone cyanohydrin,5.206428172668739e-08,kg,False
Acifluorfen,9.267794879248935e-10,kg,False
Lufenuron,8.833882455487958e-13,kg,False
Cloransulam-methyl,1.938260260490066e-10,kg,False
Iron ion,0.0002089314929282913,kg,False
Propanal,4.059174183173814e-11,kg,False
Prothioconazole,2.877971482246118e-13,kg,False
Sulfosulfuron,2.1718462507618333e-21,kg,False
Acetochlor,3.4888038828294214e-09,kg,False
Diclofop,1.6661907405677185e-14,kg,False
Lead-210,0.019890126180194343,kBq,False
Barium II,2.2841635973441807e-07,kg,False
Chrysene,1.400493363898775e-08,kg,False
"Transformation, from seabed, infrastructure",8.422438441364206e-09,m2,True
Monoethanolamine,2.3435465971237215e-06,kg,False
Phenoxy compounds,5.326880912592101e-16,kg,False
Copper oxide,3.327897845664335e-20,kg,False
Carfentrazone-ethyl,2.800281006816333e-10,kg,False
Flupyrsulfuron-methyl sodium,1.3690869802439066e-18,kg,False
Pyraflufen-ethyl,2.7309451308251633e-10,kg,False
Beryllium II,1.267777843586737e-09,kg,False
Metsulfuron-methyl,7.744841114436289e-19,kg,False
Chromium III,6.354492761254633e-09,kg,False
Chlorantraniliprole,3.882835359421918e-13,kg,False
Quizalofop-p-ethyl,3.611299556424565e-14,kg,False
Atrazine,6.303398210570174e-15,kg,False
Chlorsulfuron,7.625600611514662e-16,kg,False
Benzo(k)fluoranthene,7.757750363263442e-09,kg,False
Bromomethane,9.01287997633009e-24,kg,False
Pyrimethanil,2.7605055175306464e-15,kg,False
Fludioxonil,2.1810064038219153e-15,kg,False
Ethyl benzene,1.0879774287727533e-06,kg,False
Cupric hydroxide,1.9457100638563845e-18,kg,False
Lactic acid,1.1119761886838858e-11,kg,False
Hexafluoroethane,1.2208009241688939e-08,kg,False
Barium-140,7.087714217665826e-08,kBq,False
Triflusulfuron-methyl,1.219611717143828e-21,kg,False
MCPB,3.175651832592149e-13,kg,False
Propiconazole,3.034372355362193e-19,kg,False
Lutetium,1.713120565245206e-10,kg,True
Fluoranthene,4.881229924227072e-10,kg,False
Epoxiconazole,2.044913857171097e-14,kg,False
Tritosulfuron,1.796787612700242e-18,kg,False
Dimethyl ether,4.5134277964859537e-10,kg,False
Mecoprop,4.353576960602924e-14,kg,False
Hydrochloric acid,1.23017634277998e-05,kg,False
"2,4-D ester",2.8350385552942535e-20,kg,False
Nitrogen,6.776407824068963e-08,kg,False
Chlorimuron-ethyl,8.281677709009808e-12,kg,False
Malathion,1.015072289449944e-10,kg,False
Propiconazole,2.1439068349917344e-12,kg,False
"Occupation, pasture, man made, intensive",8.27185070525011e-07,m2*a,True
Molybdenum VI,1.729690874116286e-09,kg,False
Imidacloprid,2.22106761009804e-12,kg,False
Diphenyltin,7.610707243812987e-28,kg,False
Isoproturon,2.338945395378256e-11,kg,False
Dimethenamide,9.90385930771592e-17,kg,False
Tebuthiuron,8.504179885878093e-10,kg,False
Nitrogen oxides,6.8696913211814806e-12,kg,False
Nitric acid,4.1140287916777725e-11,kg,False
Ammonia,4.56044842184073e-11,kg,False
Diflufenican,4.030004875235681e-17,kg,False
Dichlorprop-P,1.181217008386088e-09,kg,False
"2,4-D dimethylamine salt",1.5680291865316864e-09,kg,False
Tellurium,7.364869200435495e-08,kg,True
Fenpiclonil,2.9816299478980494e-11,kg,False
Tefluthrin,3.5213825594482554e-22,kg,False
Diethyl ether,2.5660890696524862e-20,kg,False
Acephate,5.368539386616435e-10,kg,False
Chlorothalonil,9.246135242190692e-18,kg,False
Thiencarbazone-methyl,2.516524955482975e-15,kg,False
Niobium,5.4561280879554626e-06,kg,True
Butene,1.1614286267362475e-07,kg,False
Lufenuron,6.252207971120295e-11,kg,False
Flurtamone,1.2086593738817052e-12,kg,False
"Occupation, unspecified",0.00012063653236438123,m2*a,True
Cymoxanil,2.219097242273251e-12,kg,False
Butene,1.4925530688981258e-08,kg,False
"Occupation, permanent crop, non-irrigated",5.289402711785724e-05,m2*a,True
Mancozeb,1.2306328701070952e-08,kg,False
Benzo(k)fluoranthene,5.183401300488748e-15,kg,False
Metolachlor,5.873287445412383e-12,kg,False
Naphthalene,2.3463036578107013e-07,kg,False
"Particulate Matter, > 10 um",9.583630036182467e-06,kg,False
Bitertanol,1.8256625870727368e-16,kg,False
Styrene,1.1929388135877019e-06,kg,False
Lauric acid,4.826470110744844e-12,kg,False
Metribuzin,3.5350146956719706e-09,kg,False
Cadmium II,5.804925966828987e-10,kg,False
Ethyl cellulose,4.167194599484026e-09,kg,False
Isoxaflutole,7.662374216393763e-12,kg,False
Iodide,4.726979971074057e-05,kg,False
o-Dichlorobenzene,6.682181860783451e-08,kg,False
Dichloromethane,1.7289147210596861e-09,kg,False
Nitric oxide,5.889301342253125e-09,kg,False
Thorium,1.4472215750474617e-14,kg,False
Quizalofop-ethyl,8.11366777052738e-14,kg,False
Phenol,1.1381202437460393e-06,kg,False
Zirconium,0.00016042463565378988,kg,True
Calcium II,1.4173316618273216e-09,kg,False
Fluopicolide,8.090296550433608e-18,kg,False
Benzovindiflupyr,2.9757480706043037e-13,kg,False
Butene,3.75714240366385e-11,kg,False
Imazethapyr,1.8951738424862485e-11,kg,False
Dodecanol,1.6285799364763632e-22,kg,False
Lenacil,9.744631966164947e-17,kg,False
Emamectin benzoate,1.9370738074665584e-09,kg,False
"Occupation, cropland fallow (non-use)",3.3019988369359846e-09,m2*a,True
Chlormequat chloride,1.1369482406577972e-13,kg,False
Gibberellic acid,7.611964882554639e-15,kg,False
Triflusulfuron-methyl,9.639219883405688e-18,kg,False
Chloroform,1.5737332133366601e-10,kg,False
Pyraclostrobin,5.090055443181838e-13,kg,False
Toluene,2.449595157748054e-06,kg,False
Radium-224,0.010227138852713471,kBq,False
Gamma-cyhalothrin,2.7858366422736115e-12,kg,False
Flumioxazin,2.778493025464198e-12,kg,False
Mercury II,4.586730498912496e-11,kg,False
Fluquinconazole,1.1187008042768265e-13,kg,False
"Occupation, annual crop, irrigated",3.0482725290503272e-05,m2*a,True
Fluosilicic acid,2.2390496088639073e-08,kg,False
Chlormequat chloride,3.017966883946371e-17,kg,False
Kresoxim-methyl,1.436157402864563e-18,kg,False
Buprofezin,8.348305358869155e-16,kg,False
Quinoxyfen,2.7845331171245355e-15,kg,False
Iodosulfuron-methyl-sodium,5.534489079015502e-16,kg,False
"Pesticides, unspecified",6.0639856777485124e-09,kg,False
Foramsulfuron,9.813022957717997e-19,kg,False
Butatriene,8.010317808961147e-13,kg,False
Lithium I,1.0743307603492872e-05,kg,False
Ethyl acetate,1.699100325663216e-08,kg,False
Cyazofamid,5.303796279122563e-18,kg,False
"Carbon monoxide, from soil or biomass stock",2.0156901857376327e-05,kg,False
Sulfuric acid,1.987067740804748e-06,kg,False
Thiodicarb,6.035459598217631e-13,kg,False
Propiconazole,5.013846736301055e-10,kg,False
Lithium,7.762996588613222e-10,kg,True
Trimethylamine,2.5503919770027366e-11,kg,False
Tantalum,3.031704373616971e-07,kg,True
Ametoctradin,3.2571598729527194e-22,kg,False
Benzal chloride,5.414306338025972e-10,kg,False
Carbaryl,8.064824449957267e-17,kg,False
Isophorondiamine,2.9445882832393825e-10,kg,False
Metolachlor,9.572207187443865e-13,kg,False
Fenpropimorph,4.5736118565461455e-15,kg,False
"Water, unspecified natural origin",1.0155605812211056e-09,m3,True
Spirotetramat,1.9836103626282057e-19,kg,False
MCPB,2.3036549024500938e-11,kg,False
"PAH, polycyclic aromatic hydrocarbons",4.102162793080684e-09,kg,False
Benalaxyl-M,3.372334694558689e-16,kg,False
Cloquintocet-mexyl,3.6992979039653764e-23,kg,False
Iodine-129,1.0066458333220016e-06,kBq,False
Chlorine,5.456528723047515e-07,kg,False
Ioxynil,5.463799562623214e-22,kg,False
Copper oxychloride,1.0535765963270984e-13,kg,False
Dimethyl carbonate,3.0478554358849797e-09,kg,False
Clethodim,9.052477914645511e-11,kg,False
Zineb,3.250267550647119e-11,kg,False
o-Dichlorobenzene,9.807243135619407e-11,kg,False
"Dioxins, measured as 2,3,7,8-tetrachlorodibenzo-p-dioxin",2.871507263166666e-19,kg,False
Dinitrogen monoxide,3.27128158151105e-11,kg,False
Mesosulfuron,1.6147313514041225e-20,kg,False
Fluxapyroxad,1.5800149976903195e-15,kg,False
Oxydemeton-methyl,4.811288597287513e-13,kg,False
"1,4-Diisopropylbenzene",5.620924884994002e-10,kg,False
"Oils, non-fossil",1.4929892642860263e-07,kg,False
"Transformation, from unspecified, natural (non-use)",5.7049049781341746e-08,m2,True
Mancozeb,7.605766242219861e-09,kg,False
Strontium II,1.1380894290673126e-07,kg,False
Pyriproxyfen,9.436997486387624e-11,kg,False
Methanol,8.725784176599629e-08,kg,False
Ethanol,1.0082768508643309e-08,kg,False
Propionic acid,4.600350037404238e-12,kg,False
Fluazinam,1.8867098564078613e-18,kg,False
Diethylamine,3.1160100132393907e-11,kg,False
Diquat dibromide,5.711557995669245e-14,kg,False
Boric acid,1.2277258038060996e-18,kg,False
Laminarin,5.676790288852268e-20,kg,False
Propoxycarbazone-sodium (prop),3.184163030193753e-16,kg,False
Methylamine,2.0663376986442975e-09,kg,False
Iodide,7.540464523064777e-13,kg,False
Iodine,3.0782401688540215e-10,kg,False
Thulium,1.713120565245206e-10,kg,True
Cyclohexane,4.795536528866286e-07,kg,False
Bromuconazole,5.531523361985293e-16,kg,False
Sulfite,1.581131876893668e-09,kg,False
Dimethylamine,1.2632206683959057e-10,kg,False
Silver I,1.5068052078526205e-10,kg,False
Chloridazon,5.056289101440412e-14,kg,False
"Occupation, annual crop, non-irrigated, extensive",1.2049244600990771e-06,m2*a,True
Thallium I,2.1950712960362108e-10,kg,False
Aclonifen,1.4162174137809078e-10,kg,False
Monoethanolamine,4.382528196450176e-12,kg,False
Benthiavalicarb,4.935919207286805e-19,kg,False
"Fish, pelagic, in ocean",1.8789179989713248e-18,kg,True
"Carbon dioxide, from soil or biomass stock",3.655942129179646e-05,kg,False
"Hydrocarbons, aliphatic, unsaturated",2.5136083846094407e-07,kg,False
Formamide,7.13362004398439e-10,kg,False
"Transformation, to permanent crop, irrigated, intensive",1.6270603224979338e-09,m2,True
Dimethyl malonate,1.869146911125294e-11,kg,False
1-Pentene,2.722946409182506e-11,kg,False
Fluroxypyr,2.554812654023046e-13,kg,False
Metalaxyl-M,6.205404269855513e-13,kg,False
Benz(a)anthracene,1.9960820933117304e-08,kg,False
Carbon,4.843993885827432e-07,kg,False
Chlorpyrifos,7.359416507453221e-13,kg,False
Dithianon,4.538950248065744e-13,kg,False
Xenon-135m,0.004277640672752308,kBq,False
Sulfur,2.3050254841504204e-06,kg,False
Mesotrione,2.856416986473409e-14,kg,False
Thiophanate-methyl,2.7383750117696493e-20,kg,False
Ruthenium-103,5.652598528964391e-12,kBq,False
Cumene,1.966567613865734e-09,kg,False
Carbon disulfide,5.7230057459952445e-12,kg,False
Spiroxamine,6.3450377437199265e-19,kg,False
Simazine,8.033163478909084e-16,kg,False
Propamocarb,3.909060646710842e-13,kg,False
Cadmium,6.564157315184954e-08,kg,True
Cloquintocet-mexyl,2.7259211712849614e-15,kg,False
Nickel II,1.1125176543962841e-10,kg,False
Dichlorvos,5.435679590896903e-15,kg,False
Fludioxonil,1.0626862240897516e-13,kg,False
Ametryn,5.461461222369194e-12,kg,False
Molybdenum VI,2.618342067301502e-10,kg,False
Chromium III,1.848734520317708e-10,kg,False
Pyrene,4.428063527177795e-08,kg,False
"VOC, volatile organic compounds",7.331357788444203e-06,kg,False
MCPA,1.0272446167111561e-15,kg,False
Prosulfocarb,6.218401270355357e-13,kg,False
Cymoxanil,1.2935899193038262e-18,kg,False
Silicon,3.5308814423267325e-05,kg,False
Ethephon,3.596280088166832e-14,kg,False
Carbonate,7.855735904591414e-09,kg,False
Chlorantraniliprole,4.186242365516291e-15,kg,False
Carbaryl,7.860803830807281e-13,kg,False
Selenium IV,2.3962648398640533e-08,kg,False
Cobalt II,1.8284479167917433e-08,kg,False
Tribenuron,5.335476288289572e-20,kg,False
Tebuthiuron,9.532824407238505e-11,kg,False
Selenium,1.096015125224757e-06,kg,True
Diatomite,1.5212623362229734e-10,kg,True
"Transformation, from dump site, residual material landfill",2.3389915776013492e-08,m2,True
Pyroxsulam,1.3036719635044243e-14,kg,False
Isopropylamine,5.678853828469963e-11,kg,False
Carbosulfan,1.0569376982299562e-13,kg,False
"PAH, polycyclic aromatic hydrocarbons",4.5684832390276594e-07,kg,False
Fenoxaprop-P,7.850346697634791e-19,kg,False
Imazethapyr,4.489325392796902e-13,kg,False
Sulfosulfuron,1.4311815683009546e-15,kg,False
Triflumuron,2.403259429241449e-13,kg,False
Acetaldehyde,2.309332073522806e-09,kg,False
Abamectin,1.0733367192435854e-12,kg,False
Fenamidone,4.055811687997888e-15,kg,False
Lithium I,7.12257441462354e-12,kg,False
Pyriproxyfen,6.960060179089606e-12,kg,False
Iodide,2.4402948067249992e-05,kg,False
Radium-228,0.04055994901317914,kBq,False
Pirimicarb,1.3561777417515173e-14,kg,False
Metolachlor,1.3351587958612432e-16,kg,False
Foramsulfuron,1.9456069493097034e-13,kg,False
Gadolinium,1.856695110948847e-07,kg,True
Chlorodifluoromethane,4.663508345638242e-09,kg,False
"Transformation, to seabed, infrastructure",8.228577838041487e-07,m2,True
Benzo(a)pyrene,8.448413889977066e-14,kg,False
Flupyrsulfuron-methyl sodium,5.2317045803316365e-15,kg,False
Phenyltin,2.2698600551722944e-30,kg,False
Sulfosulfuron,6.298354127209332e-20,kg,False
Benzene,1.5588561331886218e-06,kg,False
Paraquat,2.410073505887349e-15,kg,False
Metalaxyl-M,1.0589059318588195e-19,kg,False
"Hydrocarbons, aliphatic, alkanes, cyclic",1.0700430065976566e-09,kg,False
Diflufenican,3.1570757795945744e-16,kg,False
Thiodicarb,3.899052504194058e-14,kg,False
"Transformation, to grassland, natural, for livestock grazing",4.022169107758234e-13,m2,True
Iron ion,1.1993924776628152e-06,kg,False
Steatite,6.627556720994534e-12,kg,True
Phenmedipham,1.0212523754669006e-18,kg,False
Copper oxide,9.65090375242656e-19,kg,False
Silicon tetrafluoride,6.7308605380051e-10,kg,False
Benalaxyl-M,3.033821161272761e-15,kg,False
Bromoxynil,4.3540494206653653e-11,kg,False
Pyraclostrobin,1.7321632200481622e-09,kg,False
"Oils, non-fossil",6.015008303797021e-21,kg,False
Radon-222,2.601973056489444e-06,kBq,False
"Energy, gross calorific value, in biomass, primary forest",0.004841484269615452,MJ,True
Zoxamide,2.9089604617185753e-16,kg,False
"Hydrocarbons, aromatic",2.3788320223168394e-13,kg,False
Butadiene,1.6426993780483915e-09,kg,False
Clothianidin,8.833643422651629e-11,kg,False
Antimony ion,4.189347307682403e-09,kg,False
Simazine,1.2294410095893847e-14,kg,False
Difluoromethane,1.6798573309689807e-10,kg,False
"Acidity, unspecified",5.018641014619648e-14,kg,False
"Particulate Matter, < 2.5 um",3.833497651623598e-06,kg,False
Gibberellic acid,5.293088163365807e-14,kg,False
2-Chlorophenol,1.371566634151503e-13,kg,False
Imazethapyr,1.6300400580596538e-09,kg,False
Nitric acid,1.3751703145734917e-07,kg,False
Tribenuron,1.5472881236039697e-18,kg,False
Rhodium,5.985491624682606e-10,kg,True
Ozone,4.898692813135789e-11,kg,False
Metribuzin,1.5131572096297905e-18,kg,False
Diflufenican,1.9420777012614286e-14,kg,False
Gallium,3.1347669706488554e-07,kg,True
Fluorine,1.3630923668323508e-05,kg,True
Phosphorus,3.9559283400924014e-07,kg,False
"Indeno(1,2,3-cd)pyrene",2.100740045848163e-08,kg,False
Propamocarb,1.5890135869196684e-16,kg,False
Triclopyr,2.8698705861064717e-10,kg,False
Cyazofamid,1.4454701763318388e-15,kg,False
Trichloroethylene,3.6188752004306314e-09,kg,False
"1-Chloro-1,1-difluoroethane",3.21608591061892e-10,kg,False
Diflubenzuron,7.37872245141915e-14,kg,False
Formate,7.464480134599215e-09,kg,False
Boron,1.6771814491678156e-09,kg,False
Fludioxonil,3.3609621790238586e-20,kg,False
Foramsulfuron,1.1911895808546274e-14,kg,False
Ethyl benzene,5.066375772559198e-07,kg,False
Ethylamine,4.874039037169382e-11,kg,False
Radium-228,0.02095930458033506,kBq,False
Thorium-228,2.6367669375570654e-09,kBq,False
Dimethylamine,3.484476722150504e-10,kg,False
"Transformation, to annual crop, irrigated",3.4683698631708786e-05,m2,True
Dichlorprop,7.938923420565071e-21,kg,False
Borate,1.825049099577397e-09,kg,False
Bisphenol A,1.059838887530737e-08,kg,False
Methylamine,1.9424544821607475e-11,kg,False
Fenpropimorph,1.1109928400122891e-17,kg,False
Acenaphthene,2.029847218060361e-09,kg,False
Flusilazole,3.062986934669757e-19,kg,False
Abamectin,1.4148529480938174e-11,kg,False
Chromium III,3.922163115962613e-08,kg,False
Iodine,4.851724747041587e-08,kg,True
Cadmium II,4.562876333827268e-09,kg,False
Barium II,7.677702098372369e-09,kg,False
Aclonifen,4.40543617764933e-12,kg,False
Uranium-238,3.204557954931359e-05,kBq,False
Hydroxide,8.264902685100834e-06,kg,False
"Carboxylic acids, unspecified",7.80841649550851e-08,kg,False
Saflufenacil,3.029538023429153e-11,kg,False
Nickel II,4.007334667839186e-08,kg,False
Methyl formate,2.304796883828488e-11,kg,False
Mefenpyr,2.3408572405138482e-14,kg,False
Tetrachloroethylene,5.911374433128087e-12,kg,False
Krypton-87,8.873533605882046e-05,kBq,False
Zoxamide,3.680590656436588e-20,kg,False
Lithium I,1.3673873862529861e-09,kg,False
Chlorimuron-ethyl,4.008032246014914e-11,kg,False
Flumioxazin,5.262844683716108e-11,kg,False
Titanium ion,4.8930556836332356e-09,kg,False
Formamide,2.7458230715485168e-11,kg,False
Methoxyfenozide,1.8217461189595136e-13,kg,False
Pyrimethanil,4.150587804336371e-28,kg,False
Methyl acrylate,7.524366426134053e-09,kg,False
Pirimicarb,9.833092451878884e-13,kg,False
Uranium-238,1.1034554060653238e-07,kBq,False
Ethofumesate,4.062483065866966e-16,kg,False
Rubidium,2.094673653841201e-07,kg,False
Nitrate,8.456797121587492e-07,kg,False
Molybdenum VI,4.3875436282230545e-09,kg,False
"Transformation, from permanent crop, irrigated, intensive",1.6270603224979338e-09,m2,True
Quizalofop-p-ethyl,2.928269003639222e-10,kg,False
Sulfentrazone,6.378207470516011e-12,kg,False
Metamitron,3.2473556138263333e-19,kg,False
Isopropanol,1.310094233419722e-10,kg,False
Sulcotrione,8.218864921436893e-23,kg,False
Sulfide,2.115795760054836e-08,kg,False
Imidacloprid,1.3268529241963853e-09,kg,False
Iprodione,1.8918221532389978e-11,kg,False
Calcium,7.426670980053608e-05,kg,True
Methiocarb,1.4384338276974516e-23,kg,False
Trinexapac-ethyl,2.2752901609837276e-12,kg,False
Pyraclostrobin,3.778240989882511e-11,kg,False
Lithium I,5.550885182679183e-06,kg,False
Succinic acid,1.9715808295197614e-12,kg,False
Thiabendazole,5.308626152045341e-17,kg,False
"Transformation, to forest, intensive",0.0003554475519680033,m2,True
Pencycuron,4.2847938128693087e-19,kg,False
Metsulfuron-methyl,6.830324577004634e-13,kg,False
Formic acid,2.1319800041455754e-07,kg,False
Organic carbon,1.8902787530322298e-08,kg,False
Flumioxazin,8.791430676997224e-10,kg,False
Tembotrione,3.973514204157298e-19,kg,False
Krypton-88,0.00011669402858437965,kBq,False
Krypton-85,0.0002674554119142904,kBq,False
Acetylene,2.759231692799731e-05,kg,False
Sodium hydroxide,2.9025836180493713e-08,kg,False
Fluopicolide,2.204889057930932e-15,kg,False
"Transformation, to permanent crop, non-irrigated",2.6408815043697606e-06,m2,True
Ethylene oxide,2.8675390498550563e-14,kg,False
Fipronil,6.734344847010954e-13,kg,False
Monocrotophos,7.47443738329199e-09,kg,False
"1,1,2-Trichloroethane",1.4470787969698766e-10,kg,False
Formaldehyde,1.5673068381011774e-09,kg,False
"Dibenz(a,h)anthracene",1.0854925593400208e-15,kg,False
Pyrimethanil,5.039768155436325e-24,kg,False
Hexamethylene diisocyanate,8.151110112052316e-12,kg,False
Lauric acid,1.364325241242785e-12,kg,False
Flusilazole,4.1428800043279e-13,kg,False
Amidosulfuron,3.818944560247634e-19,kg,False
Cymoxanil,1.0223907737068918e-14,kg,False
Ethofumesate,5.14009640589207e-20,kg,False
Ethephon,2.1960606730845205e-11,kg,False
Diquat dibromide,3.672772786028148e-08,kg,False
Carbofuran,2.9974485821874987e-09,kg,False
Fluopicolide,2.789757431184005e-19,kg,False
Carbon disulfide,2.930989768856276e-10,kg,False
"Transformation, to dump site, slag compartment",3.326682653607315e-08,m2,True
Phosphorus trichloride,1.4147989927427108e-13,kg,False
Perlite,4.794813086390787e-08,kg,True
Nitrate,4.161062679399869e-07,kg,False
Thorium-232,1.3563011908621778e-07,kBq,False
"2,4-Dichlorophenol",5.592054495346228e-11,kg,False
Thiencarbazone-methyl,1.1499892974132681e-17,kg,False
Copper oxychloride,9.355610128392023e-21,kg,False
Ethofumesate,1.4906279577086977e-18,kg,False
Ammonium bisulfate,3.3799042478183613e-08,kg,False
Ulexite,3.3172661286858847e-07,kg,True
Phenmedipham,3.521559915403095e-20,kg,False
"2,4-di-tert-butylphenol",3.858588775299247e-17,kg,False
1-Pentanol,1.5013497653469757e-11,kg,False
Diethanolamine,4.649112201514246e-12,kg,False
Chlorine,9.145454656037001e-08,kg,False
"Transformation, from annual crop, irrigated, intensive",3.1503896561059766e-09,m2,True
Potassium I,0.0004243023128570538,kg,False
Sulfentrazone,2.610363105263597e-10,kg,False
Potassium I,7.372265340819343e-14,kg,False
Chlorodifluoromethane,2.129853707973193e-11,kg,False
Prochloraz,1.4062958262745496e-16,kg,False
Chloro-fluoromethane,1.126970584394485e-10,kg,False
Benthiavalicarb,1.2101791027881214e-15,kg,False
"Occupation, seabed, infrastructure",2.375647648141546e-05,m2*a,True
Dichromate,1.7341049550938324e-09,kg,False
Imazethapyr,3.6295275753706815e-12,kg,False
Imidacloprid,7.22271466444722e-11,kg,False
Boron,4.9882286856847146e-09,kg,False
Fluorene,3.1786257869333376e-08,kg,False
"Actinides, radioactive, unspecified",1.6350721338929625e-06,kBq,False
Ammonium sulfate,2.2466319563128987e-12,kg,False
Florasulam,6.743272150171073e-20,kg,False
"Occupation, permanent crop, irrigated, intensive",3.7926814044265796e-08,m2*a,True
Fenamidone,1.4881800601527386e-17,kg,False
"PAH, polycyclic aromatic hydrocarbons",4.102162793080684e-09,kg,False
Ethyl benzene,5.622104086909784e-07,kg,False
Triallate,2.5736462251953387e-15,kg,False
"Transformation, to inland waterbody, unspecified",3.9637735924979217e-10,m2,True
"Transformation, from forest, intensive",0.0002975979407135755,m2,True
Thifensulfuron,4.757681501018448e-16,kg,False
Ethylene oxide,2.130379131166173e-10,kg,False
Nitrate,3.353719833443493e-11,kg,False
Mineral oil,1.1883645571996211e-08,kg,False
Prohexadione calcium,6.500643614368977e-15,kg,False
Dichlorofluoromethane,1.5833011504570999e-12,kg,False
"Hydrocarbons, aromatic",1.1042089813340823e-05,kg,False
"Transformation, to unspecified, natural (non-use)",1.8754642760341643e-08,m2,True
Ferrocyanide,2.3518508195402675e-13,kg,False
Fluazinam,3.8956738633753344e-10,kg,False
Mesotrione,9.222968437531508e-13,kg,False
Thiencarbazone-methyl,1.3111632612024845e-13,kg,False
MCPA,1.2523734385577326e-12,kg,False
Ethylene carbonate,3.1364708297534255e-08,kg,False
Acephate,1.4122423232200705e-11,kg,False
Graphite,3.4033649150661446e-06,kg,True
Chlorpyrifos,5.073211396550907e-13,kg,False
Desmedipham,4.0311513224245852e-19,kg,False
"Fungicides, unspecified",2.267614373166017e-19,kg,False
Cobalt II,4.3499851890939184e-09,kg,False
Thifensulfuron,1.6405798279373842e-17,kg,False
Difenoconazole,2.2420139812488532e-13,kg,False
Sulfate,2.6306067542292414e-06,kg,False
Fenpropidin,1.110176473489887e-14,kg,False
Phenanthrene,2.0937275268374046e-07,kg,False
Copper oxide,2.2465264495343955e-15,kg,False
"Occupation, urban, discontinuously built",3.019500342353804e-06,m2*a,True
Flumioxazin,6.063120884017815e-14,kg,False
Formic acid,1.9130483086882984e-11,kg,False
Zeta-cypermethrin,7.001563911880971e-12,kg,False
Prohexadione calcium,1.7103146275891972e-18,kg,False
Acetamide,2.4468615684396484e-12,kg,False
Diflubenzuron,3.2489383055124216e-11,kg,False
Phosphate,1.374636494174039e-06,kg,False
Isoproturon,1.2584165369310658e-14,kg,False
"Wood, soft, standing",1.0243109537660551e-05,m3,True
Isocyanic acid,1.1057784711018782e-08,kg,False
Diquat dibromide,5.015366890176486e-09,kg,False
Trichlorfon,2.2753355940010942e-10,kg,False
Flumioxazin,1.1465858208172307e-12,kg,False
Butanol,2.877436123912325e-08,kg,False
Metamitron,9.417331280096338e-18,kg,False
t-Butyl amine,2.4218165837887194e-11,kg,False
"Suspended solids, unspecified",0.00044515215031002515,kg,False
Anthracene,2.463858914133664e-11,kg,False
Flusilazole,1.123887505470954e-21,kg,False
Monochlorobenzene,1.1141881861650389e-07,kg,False
Urea,4.7515860646381726e-11,kg,False
Lenacil,3.575552343440366e-19,kg,False
Acetamiprid,1.1086109687742513e-13,kg,False
Pentachlorobenzene,5.7536070581863925e-11,kg,False
Caesium I,4.053562763659719e-08,kg,False
Fluxapyroxad,9.692679426230413e-11,kg,False
Propamocarb,5.479357196274699e-18,kg,False
Nitrate,1.5757516194485477e-06,kg,False
Nitrogen fluoride,2.4026925907322454e-17,kg,False
Bromoxynil,5.749140622088086e-20,kg,False
Iodosulfuron-methyl-sodium,5.02584274009148e-15,kg,False
Monochloroethane,9.018687952239427e-11,kg,False
"Transformation, to traffic area, rail/road embankment",4.459053516393021e-05,m2,True
Triadimenol,2.4995231352547806e-13,kg,False
Platinum,4.145064864091756e-15,kg,False
Nitrogen dioxide,1.726153933269395e-11,kg,False
Clodinafop-propargyl,1.161925850082836e-14,kg,False
Fluroxypyr,9.058378506649304e-15,kg,False
Mandipropamid,9.50615456548136e-15,kg,False
Fenbuconazole,1.1862930395669347e-13,kg,False
Acenaphthylene,5.128310209127187e-08,kg,False
Ioxynil,1.5845018731607218e-20,kg,False
Radon-222,37.91173326276191,kBq,False
Diflufenzopyr-sodium,5.623121028919043e-13,kg,False
Radon-220,4.632773022578643e-06,kBq,False
Carbon,2.1794722848299922e-06,kg,False
"Xylenes, unspecified",2.0457839707605475e-06,kg,False
Thiodicarb,2.1952674809647787e-11,kg,False
Chrysotile,9.604668618044642e-08,kg,True
Benzaldehyde,2.073374703151308e-09,kg,False
Propiconazole,4.8386502539309795e-11,kg,False
Cinidon-ethyl,1.470149180460094e-20,kg,False
Acrylate,4.786390611354e-09,kg,False
"Transformation, to urban, discontinuously built",6.021226372336477e-08,m2,True
Tritium,0.3892751806314561,kBq,False
Bixafen,4.546400007336335e-19,kg,False
EPTC,1.8881159505612662e-10,kg,False
Thorium-228,0.004189413603413959,kBq,False
"Occupation, seabed, unspecified",-2.5649023215888097e-27,m2*a,True
Thifensulfuron-methyl,2.073512718841206e-11,kg,False
Triflumuron,6.06719118727295e-10,kg,False
Fenamidone,5.131655379837029e-19,kg,False
Phenmedipham,2.7847341200668183e-16,kg,False
Trichlorofluoromethane,1.7467000032446634e-12,kg,False
Fenpropidin,2.666729117625603e-17,kg,False
Phosphorus,7.218721356797131e-11,kg,False
Carbon,2.359346037501365e-09,kg,False
Sulfosate,5.922825918641305e-09,kg,False
Carbon tetrachloride,8.077380454401392e-10,kg,False
Chlorotoluron,9.821363355086454e-18,kg,False
Ethylene diamine,5.2324684431145356e-11,kg,False
Silicon,3.50717657700158e-08,kg,False
Glufosinate,1.1846980795031e-17,kg,False
Phosphorus trichloride,1.4366793564052508e-11,kg,False
Pyriproxyfen,1.576962703401371e-14,kg,False
Dibutyltin,1.201690617444156e-29,kg,False
Pencycuron,3.386493351673254e-15,kg,False
"Hydrocarbons, aliphatic, unsaturated",4.864780461295138e-07,kg,False
Hafnium,2.9575347957077652e-06,kg,True
Aldrin,4.3533720359570975e-09,kg,False
"Hydrocarbons, aliphatic, alkanes, unspecified",6.053347417483605e-06,kg,False
Amidosulfuron,4.682820027487101e-14,kg,False
Maneb,1.1137738664265715e-12,kg,False
Cyazofamid,1.8288952686629565e-19,kg,False
"Solids, inorganic",4.0081599674813744e-05,kg,False
Propylene oxide,2.068643858889087e-07,kg,False
"2,4-D ester",1.1561651478080225e-22,kg,False
"Carboxylic acids, unspecified",0.00014917110970267766,kg,False
Mancozeb,1.3335111412029749e-11,kg,False
Metrafenone,1.4934169605136545e-18,kg,False
Flonicamid,2.663888656479266e-16,kg,False
Methyl acetate,5.1665982452006125e-12,kg,False
Chlorotoluron,2.380350904308271e-12,kg,False
Dimethenamide,2.806109015029138e-16,kg,False
Vanadium V,2.8392297882001706e-08,kg,False
Methoxyfenozide,1.609901854918083e-11,kg,False
Radium-228,6.659713138620905e-08,kBq,False
Methyl ethyl ketone,5.880856223179432e-10,kg,False
Methylchloride,1.0077817343316516e-13,kg,False
"VOC, volatile organic compounds",1.4205660469644906e-05,kg,False
Tribenuron,6.478495278117987e-16,kg,False
Isobutanol,1.3479838273803657e-10,kg,False
Polonium-210,1.6608439129293252e-05,kBq,False
Cinidon-ethyl,5.069479932621024e-22,kg,False
Halosulfuron-methyl,7.991020892084226e-15,kg,False
Bentazone,6.62189700750872e-12,kg,False
Fipronil,4.2267553109589517e-10,kg,False
Cypermethrin,1.0547466969830835e-14,kg,False
Beta-cyfluthrin,4.000223490512575e-11,kg,False
Barium II,3.620308612005624e-05,kg,False
Foramsulfuron,2.845776657738208e-17,kg,False
2-Methyl-2-butene,8.19657405755086e-16,kg,False
Fluxapyroxad,2.177257521862057e-18,kg,False
Isophorondiisocyanate,3.3028882420472626e-11,kg,False
Methyl acrylate,8.230971926505837e-08,kg,False
"2,4-D ester",2.9144539020704923e-20,kg,False
Dichlorprop,2.860776241774633e-20,kg,False
Clodinafop-propargyl,3.682818187877386e-21,kg,False
Uranium-238,1.8572398416843655e-07,kBq,False
Fluorine,6.036752256230276e-08,kg,False
Fluoxastrobin,2.4716209318052937e-18,kg,False
"Pesticides, unspecified",1.9499141482586335e-16,kg,False
Acetonitrile,1.2480690115489431e-11,kg,False
Dimethomorph,4.828696771691107e-13,kg,False
Pirimicarb,4.676474971556957e-16,kg,False
Copper ion,1.3844583726964298e-08,kg,False
"1,1-Difluoroethane",5.7025239366046865e-12,kg,False
Tebuthiuron,3.210416456502302e-12,kg,False
Metribuzin,4.388155907926387e-17,kg,False
Iodosulfuron-methyl-sodium,4.558023735638649e-20,kg,False
Topramezone,4.848662200838942e-14,kg,False
Benzo(b)fluoranthene,1.589313020626243e-08,kg,False
Amisulbrom,7.179271450340107e-16,kg,False
Lithium I,4.4964242354377835e-13,kg,False
Quinclorac,1.0358579165258792e-13,kg,False
Thallium I,1.4040454456419534e-11,kg,False
Azinphos-methyl,4.606950454555014e-12,kg,False
Antimony ion,1.2856480322821766e-10,kg,False
Acenaphthylene,4.899022741603801e-10,kg,False
Tebuthiuron,3.5280652784865554e-12,kg,False
Scandium,3.546253968254827e-09,kg,False
Terpenes,2.9072454601985068e-08,kg,False
Butyl acrylate,3.749536385348944e-11,kg,False
Phosphoric acid,2.8836061991818625e-14,kg,False
Triclopyr,1.308766656894892e-15,kg,False
Boron,4.0926475326093994e-08,kg,False
"Transformation, from dump site, slag compartment",3.326682653607315e-08,m2,True
Pyrimethanil,1.2036704632575464e-26,kg,False
Chloroform,5.215951827039779e-10,kg,False
Copper oxychloride,5.914815979380207e-11,kg,False
Chlorothalonil,1.2843761563564927e-09,kg,False
Tritium,0.007140398699223662,kBq,False
Fenoxaprop ethyl ester,1.388486637877691e-15,kg,False
Argon-41,8.028757939520691e-05,kBq,False
Thorium-228,0.008107125527319438,kBq,False
Prosulfocarb,6.91223154656643e-14,kg,False
Triflusulfuron-methyl,8.671639059913717e-17,kg,False
Carbonyl sulfide,1.8376432439212985e-06,kg,False
Pyriproxyfen,2.3929137417003146e-10,kg,False
Clothianidin,2.4721304674978822e-23,kg,False
"Transformation, from wetland, inland (non-use)",2.604969803803727e-06,m2,True
Pyroxasulfone,5.465143918037464e-10,kg,False
Cupric chloride dihydrate,1.1654722029790174e-15,kg,False
Magnesium,0.0006177123530302812,kg,False
"Occupation, pasture, man made",2.216135530786507e-11,m2*a,True
Desmedipham,1.0991114752969748e-16,kg,False
Methylamine,4.6618012239601284e-11,kg,False
Fludioxonil,1.5442931224939255e-12,kg,False
Zoxamide,1.06737129036661e-18,kg,False
Cu-HDO,1.2173689434583795e-15,kg,False
Fluoxastrobin,8.522830799328608e-20,kg,False
Parathion,7.106817262869447e-13,kg,False
Fluazinam,3.455029934675636e-10,kg,False
m-Xylene,3.626215274434478e-11,kg,False
Mesosulfuron,4.682720919071943e-19,kg,False
Haloxyfop-ethoxyethyl,2.730203888704193e-13,kg,False
"Transformation, from seabed, unspecified",0.0001694140762916412,m2,True
Potassium-40,1.9201434069934393e-05,kBq,False
"Occupation, permanent crop",5.858865680903922e-05,m2*a,True
Chloridazon,1.6835059737123435e-20,kg,False
Orbencarb,1.7237551194850498e-10,kg,False
Borax,1.3034858938988982e-10,kg,True
1-Pentanol,3.6032852215670674e-11,kg,False
"1,4-Diethylbenzene",5.8979551257421e-08,kg,False
Trifloxystrobin,6.711798956885057e-20,kg,False
Propargite,2.5366596640013985e-11,kg,False
Piperonyl butoxide,2.594586847925536e-13,kg,False
Imidacloprid,4.2723850968850754e-17,kg,False
Hexachlorobenzene,3.217396160645084e-11,kg,False
Pyraflufen-ethyl,2.5031273623641636e-21,kg,False
Xenon-133m,1.7693326271560074e-05,kBq,False
Simazine,9.093377948206727e-15,kg,False
Monopotassium phosphite,2.4356678621540183e-14,kg,False
Amidosulfuron,1.5989920638265787e-16,kg,False
Pendimethalin,2.7569647178973077e-12,kg,False
Phenoxy compounds,1.1254722072990657e-12,kg,False
Florasulam,1.9555489235496008e-18,kg,False
Prosulfocarb,2.5202175026360106e-16,kg,False
Flupyrsulfuron-methyl sodium,4.720989587047962e-20,kg,False
Nickel II,2.2936475767100614e-09,kg,False
Phosphate,1.501109971846433e-09,kg,False
Tefluthrin,5.868815478031685e-24,kg,False
Tetrachloroethylene,2.7383062104027196e-07,kg,False
Benthiavalicarb,1.345210794577672e-16,kg,False
Thiamethoxam,7.84257208565279e-11,kg,False
Formic acid,2.586863446087813e-09,kg,False
Cinidon-ethyl,5.5073468617737714e-14,kg,False
"Pesticides, unspecified",1.9195161036896414e-11,kg,False
Flufenacet,6.529631569530482e-18,kg,False
Bicarbonate,7.178239510140413e-07,kg,False
Chlorate,5.884551680134995e-07,kg,False
Clodinafop-propargyl,2.7488634778463746e-22,kg,False
Arsine,4.32865584866646e-14,kg,False
Cadmium II,1.6190179104312446e-11,kg,False
"Transformation, to seabed, unspecified",8.422438441364206e-09,m2,True
Carbendazim,3.2451154265642815e-09,kg,False
Cyazofamid,1.3476064033409182e-14,kg,False
Radium-226,2.2286875004261005e-07,kBq,False
Titanium ion,1.5432504089100575e-06,kg,False
Tritosulfuron,6.768975915414846e-15,kg,False
Carbon tetrachloride,8.331976162436328e-10,kg,False
Novaluron,1.275178090260991e-19,kg,False
Methiocarb,3.435476113880901e-26,kg,False
"1,1,1-Trifluoroethane",2.736818386756568e-35,kg,False
"1,1,1-Trichloroethane",9.626531653591992e-10,kg,False
Platinum,4.6034751733190826e-09,kg,True
Clothianidin,1.0350810114972427e-20,kg,False
"Fungicides, unspecified",4.3633031786680607e-13,kg,False
Bifenthrin,4.3779662957245913e-16,kg,False
Boron trifluoride,9.200156919703166e-15,kg,False
Arsenic,7.778355478399354e-08,kg,True
Chloroform,3.203812728741992e-10,kg,False
Chloride,0.03017590298954979,kg,False
"Solids, inorganic",1.7483120935439639e-22,kg,False
"Radioactive species, Nuclides, unspecified",6.213508805032359e-06,kBq,False
Beta-cyfluthrin,7.776048688477095e-16,kg,False
Nitrate,3.58628731182866e-08,kg,False
Mandipropamid,1.8988750455957638e-13,kg,False
Vanadium V,1.3615378749967808e-10,kg,False
Abamectin,2.6345537654160733e-14,kg,False
Alkylbenzene (c10-c15),4.1243485351573617e-10,kg,False
Fenoxaprop-P,3.2869401138913844e-16,kg,False
Carbaryl,1.1248595447957883e-18,kg,False
Propaquizafop,1.403459559507546e-15,kg,False
"Chlorinated solvents, unspecified",3.2674791690262615e-13,kg,False
Ethephon,2.961779284187158e-18,kg,False
Flucarbazone sodium salt,4.765940194008703e-17,kg,False
Maleic hydrazide,5.738117583336891e-15,kg,False
Hypochlorite,2.0425366784653113e-08,kg,False
Rimsulfuron,7.488196136289397e-20,kg,False
"Water, in air",1.3099707837829729e-06,m3,True
Bromoxynil,2.0425797722851355e-21,kg,False
"2,4-DB",1.925994141278973e-20,kg,False
Formic acid,4.0136889916583e-11,kg,False
Isoxaflutole,2.7257821152542415e-21,kg,False
Benzo(ghi)perylene,1.5503715997425991e-15,kg,False
Magnesium,1.1064760966541765e-07,kg,False
Thorium-232,5.5880626735509257e-08,kBq,False
Potassium I,1.882076755517634e-06,kg,False
Laterite,0.0005397581964284745,kg,True
Fluoxastrobin,1.034867668905897e-15,kg,False
Iodosulfuron,6.877177128314507e-15,kg,False
"Transformation, from permanent crop, non-irrigated",2.1061436522700264e-05,m2,True
Zinc-65,1.082194381581514e-09,kBq,False
Decanoic acid,6.611301060985351e-12,kg,False
Oxamyl,4.6773821402909304e-11,kg,False
Methyl acetate,1.2399869257595933e-11,kg,False
Endothall,2.421937467431017e-13,kg,False
Vanadium V,7.908964296047789e-09,kg,False
Acetonitrile,3.4886945522382066e-08,kg,False
Calcium II,4.823257965363421e-06,kg,False
Praseodymium,1.6123921169572597e-06,kg,True
Spirotetramat,6.8400357332007e-21,kg,False
Ethylene,5.246143481757475e-07,kg,False
Thiabendazole,1.0309274893574864e-15,kg,False
Anthracene,4.910366638874423e-08,kg,False
Nicosulfuron,1.6191467186912143e-16,kg,False
Arsenic ion,6.918729564941744e-09,kg,False
Fluazinam,1.5329611272810052e-11,kg,False
Paraquat,1.9352905374901373e-14,kg,False
Chlorantraniliprole,9.361831975006232e-16,kg,False
Imazapyr,1.1651156920317448e-14,kg,False
Acephate,1.5492062508103132e-10,kg,False
Fenamidone,3.64869102258415e-14,kg,False
Potassium-40,2.5995443435142773e-08,kBq,False
Spirotetramat,5.40603271646813e-17,kg,False
Neodymium,4.815905246666105e-06,kg,True
Terbium,7.710777305629439e-10,kg,True
Maleic anhydride,1.8670561932092628e-10,kg,False
Prosulfocarb,8.690405181503502e-18,kg,False
Acetamiprid,1.4525216233784758e-13,kg,False
Arsenic ion,5.255731818578738e-09,kg,False
Trinexapac-ethyl,1.66259727192887e-18,kg,False
2-Methyl-2-butanol,3.7846528473181715e-16,kg,False
Ammonium,3.582137350285957e-05,kg,False
Sulfosulfuron,2.6371208342244286e-17,kg,False
Selenium IV,5.006421657533452e-10,kg,False
Spodumene,4.331417446725001e-07,kg,True
Nicosulfuron,4.4163756026945384e-13,kg,False
Hydrogen peroxide,2.189190088995575e-11,kg,False
Acetone cyanohydrin,1.4744028956902345e-08,kg,False
"2,4-D dimethylamine salt",3.9842028194167114e-20,kg,False
Triethylammonium,4.72816472460415e-24,kg,False
Spiroxamine,7.704335066091671e-15,kg,False
Fluoranthene,7.237684020179658e-08,kg,False
Triflusulfuron-methyl,3.536873979717092e-20,kg,False
Tembotrione,4.824760081057412e-15,kg,False
Bifenthrin,2.959296850359563e-13,kg,False
Cyanide,1.633672212449226e-07,kg,False
"Transformation, to pasture, man made, intensive",4.3042785161031086e-08,m2,True
Scandium,2.3749042559116595e-08,kg,True
Chloride,1.0720813972401775e-05,kg,False
Phenoxy compounds,1.01132692229538e-11,kg,False
Peracetic acid,1.7158680007730826e-09,kg,False
Fludioxonil,3.3302035696463406e-17,kg,False
"Transformation, from traffic area, rail/road embankment",2.3595907043553096e-06,m2,True
"1,1,1,2-Tetrafluoroethane",4.747012921078908e-09,kg,False
Methoxyfenozide,2.901645160845538e-14,kg,False
"Occupation, unspecified, natural (non-use)",7.689403531740072e-07,m2*a,True
Mecoprop-P,3.296605428400157e-12,kg,False
Chlorine,5.456528723047515e-07,kg,False
Bromomethane,5.5282833891304366e-09,kg,False
Phosphorous acid,1.7035945030930804e-14,kg,False
"Transformation, from annual crop, non-irrigated, extensive",9.644708907342e-07,m2,True
Hydrochloric acid,5.045976575500965e-07,kg,False
Propionic acid,1.7096082548065182e-11,kg,False
Mesosulfuron,1.9606552199399382e-16,kg,False
Flufenacet,7.003339255791264e-13,kg,False
Tebupirimfos,2.4713414977187836e-12,kg,False
Ioxynil,2.526688422611701e-12,kg,False
Pencycuron,1.2425902057321012e-17,kg,False
"Oils, non-fossil",2.8397844980316243e-07,kg,False
Bromotrifluoromethane,7.233453265373991e-15,kg,False
Triethylene glycol,3.2930002774824575e-10,kg,False
Bromine,2.0966612509548585e-08,kg,False
Mecoprop-P,3.0799491481805626e-11,kg,False
Fipronil,4.935810409892677e-12,kg,False
Antimony,1.81346625067086e-08,kg,True
Bentazone,1.7000659180733857e-13,kg,False
Flurochloridone,1.0972894496053314e-19,kg,False
Phenoxy compounds,1.544795464651705e-14,kg,False
Benzovindiflupyr,8.439511907697875e-12,kg,False
Ametoctradin,2.3158940162387507e-17,kg,False
Pentafluoroethane,3.553320035765614e-34,kg,False
Benzovindiflupyr,3.468355512182031e-16,kg,False
Fluquinconazole,1.1977398238945555e-18,kg,False
Propaquizafop,9.159880442258751e-13,kg,False
Cyclohexane,6.773922842461712e-07,kg,False
Diuron,7.229521995368938e-14,kg,False
Fenpropimorph,3.831009793145824e-19,kg,False
Epoxiconazole,4.374792627896158e-19,kg,False
"1,1,2-Trichloro-1,2,2-trifluoroethane",8.639487461562689e-11,kg,False
Chlorimuron-ethyl,2.2736212329544326e-13,kg,False
Benomyl,5.448633155470677e-12,kg,False
Cyprodinil,1.904569305715196e-18,kg,False
Gibberellic acid,8.788206696635923e-17,kg,False
Benzo(a)pyrene,5.585045395526379e-16,kg,False
Antimony ion,3.333018846070381e-11,kg,False
Radium-226,2.0622928061304337e-07,kBq,False
Diethyl ether,1.0248550978175401e-16,kg,False
"2,4-DB",4.651905456199011e-20,kg,False
Flusilazole,3.8754741567963836e-23,kg,False
MCPB,1.0950563927795264e-14,kg,False
Lead-210,8.635370805053779e-07,kBq,False
Thiophanate-methyl,1.204374835877285e-12,kg,False
"Transformation, from forest, extensive",7.09271937099873e-05,m2,True
Pinoxaden,2.329519412100969e-14,kg,False
Anthraquinone,1.2271088793553985e-14,kg,False
Chloride,1.2917317028873153e-07,kg,False
Caesium I,2.094673653841201e-08,kg,False
Fluopicolide,1.9835632249084836e-14,kg,False
Chlorantraniliprole,1.995336138170843e-20,kg,False
Fluoride,3.351800082895669e-08,kg,False
Metrafenone,6.2529367215807325e-16,kg,False
MCPB,2.0700622403944549e-10,kg,False
Spiroxamine,6.620587703937046e-12,kg,False
Novaluron,4.755534103551851e-13,kg,False
Carbendazim,1.6842143616091656e-10,kg,False
Diquat dibromide,9.53359064378854e-12,kg,False
Trifluralin,8.073745236147309e-15,kg,False
Cobalt II,9.87610215073564e-10,kg,False
Pyriproxyfen,7.965147445740548e-14,kg,False
Sulfur dichloride,3.2012117123761692e-15,kg,False
Mercury II,8.000572667410151e-11,kg,False
Barium II,8.051146313682454e-06,kg,False
Propiconazole,1.8467452600140593e-13,kg,False
Lambda-cyhalothrin,4.1447798437817727e-13,kg,False
Zinc II,7.820617532233589e-06,kg,False
Tungsten,4.006456202141014e-10,kg,False
Lead II,1.3508912018800611e-11,kg,False
"1,1,2-Trichloro-1,2,2-trifluoroethane",1.7624454570555863e-10,kg,False
Mecoprop-P,4.5379917655784135e-14,kg,False
Bentazone,3.497927755948405e-10,kg,False
Fluquinconazole,4.955774783511779e-18,kg,False
Glufosinate ammonium,1.8850879728171104e-09,kg,False
Phosphorus,1.6940389690961393e-07,kg,False
Cymoxanil,3.7514107659811034e-17,kg,False
Lead II,1.267166853378704e-08,kg,False
Triclopyr,1.0526273379851676e-14,kg,False
Tribenuron-methyl,8.811405872556991e-16,kg,False
Diquat dibromide,2.102153452391124e-10,kg,False
"Radioactive species, other beta emitters",5.713814935577269e-14,kBq,False
Pencycuron,3.0465585783620687e-14,kg,False
Ethylamine,1.169779175612356e-10,kg,False
Metalaxyl-M,2.7671369333586785e-14,kg,False
Barite,0.0001050452976856523,kg,False
Thiophanate-methyl,5.137515577458897e-13,kg,False
Dichlorprop,9.453241999797113e-19,kg,False
Pentachlorobenzene,1.668140085232208e-14,kg,False
Choline chloride,1.0512779914282449e-13,kg,False
Cupric hydroxide,1.328229764770581e-15,kg,False
Emamectin benzoate,2.771055836416327e-13,kg,False
Tebuthiuron,5.5891182270707746e-14,kg,False
Dysprosium,3.4360475939683326e-09,kg,True
"Dibenz(a,h)anthracene",4.445331057586398e-09,kg,False
Phosgene,7.366618940876499e-08,kg,False
Linuron,5.124927024947557e-21,kg,False
Mesosulfuron,1.7641052785405192e-15,kg,False
Caesium-134,3.1631121301973515e-10,kBq,False
Alkylbenzene (c10-c15),3.1443918337684746e-09,kg,False
Myclobutanil,3.530841682964629e-13,kg,False
Nitrite,2.5369802504531367e-09,kg,False
Carnallite,7.040631069344932e-06,kg,True
"Occupation, traffic area, rail network",0.0036679872874406765,m2*a,True
Xenon-131m,0.00046706077512633767,kBq,False
Bixafen,4.9669737596440036e-14,kg,False
Chlorimuron-ethyl,1.6014782295483423e-10,kg,False
Laminarin,4.915677336568318e-15,kg,False
Abamectin,1.2021722922897259e-10,kg,False
