Flow,Amount,Unit,Is input
wood wool,2.3000000000000003e-12,kg,True
"aluminium, primary, cast alloy slab from continuous casting",0.008388,kg,True
"metal working, average for steel product manufacturing",0.0101108,kg,True
"metal working, average for aluminium product manufacturing",10.35367127,kg,True
Copper ion,0.000994153569996717,kg,False
Acetaldehyde,0.0004533302915524397,kg,False
Molybdenum VI,9.420367551449142e-06,kg,False
Nitrogen oxides,0.5227330671309632,kg,False
Lead II,0.00011687655185225734,kg,False
"Particulate Matter, > 2.5 um and < 10um",0.05110138122260841,kg,False
Chromium VI,2.6737377118240348e-06,kg,False
Arsenic ion,3.4293899344077954e-05,kg,False
"Particulate Matter, > 10 um",0.07432990927704228,kg,False
"Hydrocarbons, aliphatic, unsaturated",0.0018802455939137452,kg,False
Sulfur dioxide,0.9331934503973275,kg,False
Methanol,0.006502174830581959,kg,False
Chromium III,2.8717536774639568e-05,kg,False
"PAH, polycyclic aromatic hydrocarbons",0.00015339236983274963,kg,False
Dinitrogen monoxide,0.020938047355752474,kg,False
Ammonia,0.014898736180770087,kg,False
"Methane, fossil",0.04574634580717826,kg,False
Calcium II,0.005397293013801438,kg,False
Iron ion,0.0032391249546163906,kg,False
Acetone,0.06646559644274311,kg,False
Hydrogen fluoride,0.01242269964295269,kg,False
Selenium IV,1.3170493767716485e-05,kg,False
"Hydrocarbons, aromatic",0.000488440422735441,kg,False
Propane,0.0008767465368439927,kg,False
Formaldehyde,0.00165533440029566,kg,False
Ethanol,0.0003304008213451269,kg,False
Mercury II,3.7026637339473697e-06,kg,False
"Hydrocarbons, aliphatic, alkanes, unspecified",0.074021988485805,kg,False
Cobalt II,2.841784072055897e-05,kg,False
Sodium I,0.0013347322349167724,kg,False
Hydrochloric acid,0.03730001977834408,kg,False
"Carbon dioxide, fossil",203.5751811660294,kg,False
"Carbon monoxide, fossil",0.160981438338196,kg,False
Nickel II,0.00023622398219550066,kg,False
Zinc II,0.00045255215427106505,kg,False
"Dioxins, measured as 2,3,7,8-tetrachlorodibenzo-p-dioxin",1.1393513154777199e-10,kg,False
"Particulate Matter, < 2.5 um",0.24124327598397383,kg,False
Vanadium V,0.0007390231052135945,kg,False
Benzo(a)pyrene,2.751695058003122e-07,kg,False
Acetic acid,0.0007295488155782391,kg,False
Toluene,0.0005079030862384881,kg,False
Hydrogen,0.05200770898084868,kg,False
Chloroform,8.091672886653862e-07,kg,False
Carbon tetrachloride,1.9815511716596554e-08,kg,False
Oxygen,87.87023504557415,kg,True
Oxygen,0.3298209077335731,kg,False
Methylchloride,1.3757355164417106e-05,kg,False
Chlorine,0.0012102651874762963,kg,False
Dichloromethane,7.298673029779447e-08,kg,False
Water,14.558162038721338,m3,False
Carbon tetrachloride,1.6768095523301638e-06,kg,False
"TOC, Total Organic Carbon",0.016451892836853367,kg,False
"Water, well, in ground",8.417522567253958,m3,True
Hydrochloric acid,0.0007228153712187019,kg,False
Water,12199.689116428886,m3,False
Polydimethylsiloxane,1.3718558773075542e-12,kg,False
"DOC, Dissolved Organic Carbon",0.01646476042536318,kg,False
Chlorine,0.00022296014415583963,kg,False
Water,7.947079060713804,m3,False
Methanol,0.0010606635778002956,kg,False
"COD, Chemical Oxygen Demand",0.06035275324549614,kg,False
"Water, river",13.721120045607556,m3,True
Dimethyldichlorosilane,1.655658891010013e-09,kg,False
Hydrochloric acid,0.0041551875252886315,kg,False
"BOD5, Biological Oxygen Demand",0.05889941381729682,kg,False
"Water, cooling, unspecified natural origin",122.07664286817892,m3,True
Dichloromethane,1.7412724889756893e-06,kg,False
"Carbon dioxide, fossil",109.42635736642683,kg,False
Silicon,4.2908907267829673e-10,kg,False
Methanol,0.0009595294924318059,kg,False
Chloroform,5.751444662856657e-07,kg,False
Sulfur hexafluoride,0.00033188196616007796,kg,False
Sulfate,1.3361285316467417,kg,False
Sulfate,0.016232883075821394,kg,False
"Water, unspecified natural origin",2.7293596063374825,m3,True
Fluosilicic acid,0.0001015305510836766,kg,False
Fluosilicic acid,5.6405861713153645e-05,kg,False
"Water, lake",0.9143259827996605,m3,True
Nitrate,0.33909241628852776,kg,False
"Carbon dioxide, non-fossil",51.77782752946837,kg,False
"Carbon monoxide, non-fossil",0.10445472343955357,kg,False
Nitrite,0.0024861944637366413,kg,False
Sulfite,0.0011981789012802696,kg,False
Propionic acid,1.0413435780808068e-05,kg,False
Benzene,0.006841413559300132,kg,False
"Methane, non-fossil",0.002594192837831093,kg,False
Pentane,0.001193634648342288,kg,False
Butane,0.0005268353299192871,kg,False
Toluene,0.0018524911720018402,kg,False
Nitrogen oxides,3.5311808800303415,kg,False
"Carbon monoxide, fossil",0.6377877203954527,kg,False
Benzo(a)pyrene,1.1662567199928868e-05,kg,False
Dinitrogen monoxide,0.024172094081352128,kg,False
"PAH, polycyclic aromatic hydrocarbons",0.0008063414505443423,kg,False
Lead II,0.005978042121712151,kg,False
Acenaphthene,2.560187788994905e-06,kg,False
Sulfur dioxide,5.009684840304826,kg,False
Arsenic ion,0.0023146625336694223,kg,False
Butane,0.01339393145184465,kg,False
Pentane,0.012385508244316942,kg,False
Manganese II,0.0015683312032057648,kg,False
Hexane,0.007080494127502647,kg,False
Cadmium II,0.0007379596204995717,kg,False
"Methane, fossil",3.960786673067258,kg,False
Mercury II,0.00020595033675243984,kg,False
"Dioxins, measured as 2,3,7,8-tetrachlorodibenzo-p-dioxin",6.376141162734505e-10,kg,False
Beryllium II,1.1792756439151453e-05,kg,False
Propionic acid,8.437696609630986e-05,kg,False
Formaldehyde,0.0018411252417109753,kg,False
"Carbon dioxide, fossil",1364.652554307931,kg,False
"Particulate Matter, < 2.5 um",1.6518552774351027,kg,False
Propane,0.010738373890762414,kg,False
Benzene,0.004006511708905591,kg,False
Acetaldehyde,0.0008812197551523956,kg,False
Selenium IV,0.00045033010257892217,kg,False
Nickel II,0.004385726216468483,kg,False
Ethane,0.025000254049349576,kg,False
Chromium III,0.0034986384771356293,kg,False
Acetic acid,0.0006889164942663537,kg,False
Cobalt II,9.403065046013437e-05,kg,False
"Water, salt, ocean",217.09780836840838,m3,True
Hypochlorite,0.7848751059351995,kg,False
Water,217.08900397595733,m3,False
Sodium I,2.9615238364350724,kg,False
"Transformation, to pasture, man made",0.028170299873984526,m2,True
"Transformation, from industrial area",0.0010599722334516267,m2,True
"Occupation, industrial area",5.4572928322641365,m2*a,True
"Transformation, from pasture, man made",0.050990424769192154,m2,True
"Transformation, to industrial area",0.1794959944868583,m2,True
Lead II,1.2191458260927925,kg,False
Mercury II,0.003104173430585476,kg,False
Silicon,0.08472006934052821,kg,False
Titanium ion,1.0777297995940447,kg,False
Magnesium,18.35663274757653,kg,False
Bromine,0.00013649447156857103,kg,False
Hydrogen sulfide,0.21317444091377205,kg,False
"DOC, Dissolved Organic Carbon",0.02231057829408833,kg,False
Tin ion,0.20388114327449872,kg,False
Fluoride,3.783004639911542,kg,False
Molybdenum VI,0.0020661870745318526,kg,False
Copper ion,4.090833119882619,kg,False
Aluminium III,0.11082110869567825,kg,False
Cadmium II,0.030386938006034363,kg,False
"DOC, Dissolved Organic Carbon",18.248352145794097,kg,False
Phosphate,0.7259239913897202,kg,False
Nickel II,0.2192988318112445,kg,False
Copper ion,0.0034735706193953528,kg,False
Antimony ion,0.008000724917459545,kg,False
Iron ion,77.92744144196378,kg,False
Sodium I,15.718610247529117,kg,False
Tungsten,0.0003012122312344327,kg,False
"BOD5, Biological Oxygen Demand",0.006331279334084273,kg,False
Hazardous waste disposed,7674.442127427565,kg,False
"TOC, Total Organic Carbon",0.022312385508538514,kg,False
"COD, Chemical Oxygen Demand",0.01635451502381212,kg,False
Sulfate,6.195838135905854,kg,False
Tin ion,0.00038868590719744704,kg,False
Thallium I,7.4482929173045955e-06,kg,False
Chromium VI,0.035475246496519376,kg,False
Molybdenum VI,0.042400276911138,kg,False
Nitrate,0.12366079485678114,kg,False
"Transformation, to dump site",0.1591108887837431,m2,True
Chloride,6.131671122703051,kg,False
Beryllium II,0.014689643839942946,kg,False
Ammonium,0.006687220166147746,kg,False
Vanadium V,6.430708900641338e-05,kg,False
Tungsten,0.008546415921523286,kg,False
Scandium,0.09971612524205505,kg,False
Manganese II,1.6032748001963524,kg,False
Magnesium,0.42375282791736396,kg,False
Zinc II,1.5576196563032088,kg,False
Hydrogen sulfide,0.411408073796061,kg,False
Silicon,35.65387280897383,kg,False
Titanium ion,9.319701977436115e-05,kg,False
Zinc II,0.012319349275602309,kg,False
Arsenic ion,0.025074465954519506,kg,False
Fluoride,0.013600105583055095,kg,False
Strontium II,0.9777732687072219,kg,False
Scandium,0.0005776455602359422,kg,False
Strontium II,0.006034626263136537,kg,False
Selenium IV,9.489063029792061e-05,kg,False
Silver I,1.752645232614394e-05,kg,False
Barium II,2.1496139136395334,kg,False
Sodium I,0.2271940010391018,kg,False
Chromium VI,0.00025783126724811137,kg,False
Vanadium V,0.04962683362964421,kg,False
Cadmium II,0.00019628276153878672,kg,False
"Transformation, from unspecified",1.1520459925954711,m2,True
Boron,0.04300566398260224,kg,False
Nickel II,0.0009162405608833823,kg,False
"BOD5, Biological Oxygen Demand",4.502563824449141,kg,False
Lead II,0.0002531721515189814,kg,False
Antimony ion,0.0002689510838719082,kg,False
Beryllium II,6.893990856009214e-05,kg,False
Mercury II,5.577772983110362e-06,kg,False
Nitrate,0.7812393324845568,kg,False
Thallium I,0.023692410021107856,kg,False
Manganese II,0.017931664100692482,kg,False
"COD, Chemical Oxygen Demand",43.022812369783935,kg,False
Barium II,9.172454781271242e-05,kg,False
Potassium I,0.047203573926379486,kg,False
Cobalt II,0.0014219302294051965,kg,False
Potassium I,10.302365791477145,kg,False
Calcium II,0.8271119492985249,kg,False
"Occupation, dump site",19.786393045590742,m2*a,True
Phosphate,6.139036540691503,kg,False
Silver I,0.07158695008382038,kg,False
Ammonium,0.00929137606200833,kg,False
"TOC, Total Organic Carbon",18.248352145794097,kg,False
Boron,0.00040287968774789756,kg,False
Calcium II,39.531426635068975,kg,False
Cobalt II,0.1028474357728173,kg,False
Sulfate,56.342171480735345,kg,False
Bromine,0.00853773117724586,kg,False
Selenium IV,0.004348816386579636,kg,False
Arsenic ion,0.0005737489305025408,kg,False
Chloride,3.686631755274715,kg,False
Iron ion,0.36036023870227474,kg,False
Aluminium III,96.44493410539137,kg,False
Formaldehyde,0.000562597841479619,kg,False
"Methane, fossil",0.0103683904025831,kg,False
Lead II,0.00031564466957480626,kg,False
Zinc II,0.0005591857660430031,kg,False
Dinitrogen monoxide,0.024678478565900306,kg,False
Benzene,0.0013514562744866155,kg,False
Acrolein,0.0010207877829255482,kg,False
Chromium VI,1.4708203455922689e-07,kg,False
Selenium IV,3.21788574567612e-06,kg,False
Nitrogen oxides,1.6592389335850235,kg,False
Cadmium II,1.813034052559566e-05,kg,False
Sulfur dioxide,0.1624133742746511,kg,False
Ethane,0.00011804908710080687,kg,False
Ammonia,0.1877178442369109,kg,False
Heptane,5.390506718991876e-06,kg,False
Acetaldehyde,0.0005239373438088689,kg,False
Styrene,1.0267064180380491e-05,kg,False
Benzaldehyde,2.355760318782247e-05,kg,False
"Carbon monoxide, fossil",0.9189617996417928,kg,False
"PAH, polycyclic aromatic hydrocarbons",0.00010400077335033926,kg,False
Butane,0.0017140301295578164,kg,False
Toluene,0.0001535686922826691,kg,False
"NMVOC, non-methane volatile organic compounds",0.2771479343553677,kg,False
Propane,0.0009859843383480888,kg,False
Pentane,0.00013470424244859232,kg,False
Arsenic ion,1.7107494801467757e-05,kg,False
Nickel II,0.00013144210777772124,kg,False
Chromium III,0.0006494583009482072,kg,False
"Particulate Matter, < 2.5 um",0.08754263581020959,kg,False
m-Xylene,1.8504914693124684e-05,kg,False
Copper ion,0.0004925123374308002,kg,False
o-Xylene,6.879124947050372e-06,kg,False
Mercury II,5.628740218664485e-06,kg,False
"Heat, waste",20.866730868317553,MJ,False
Zinc II,0.04084700260270281,kg,False
Antimony ion,0.00046950760292248654,kg,False
Cyanide,0.00024778681552760975,kg,False
"BOD5, Biological Oxygen Demand",0.5219858621848998,kg,False
Aluminium III,0.0075611050726545675,kg,False
Thallium I,2.3679578920359394e-06,kg,False
Cadmium II,6.57532490345268e-06,kg,False
"TOC, Total Organic Carbon",0.6077039157784269,kg,False
"NMVOC, non-methane volatile organic compounds",0.2809357759376026,kg,False
Strontium II,0.03298145638498071,kg,False
Thallium I,1.1162437034319333e-06,kg,False
Silicon,0.011514840833510287,kg,False
Vanadium V,0.00038561358252752945,kg,False
Non-hazardous waste disposed,6681.975798436185,kg,False
Titanium ion,0.0002697695209532255,kg,False
Beryllium II,4.363612331111593e-07,kg,False
Bromine,0.00015066864212145747,kg,False
Tin ion,4.798989551987897e-06,kg,False
Cobalt II,0.0001337795598608152,kg,False
Aluminium III,0.017003471952807152,kg,False
Molybdenum VI,0.000794054369545481,kg,False
Cadmium II,0.0010159913879174045,kg,False
Calcium II,1.234160374402187,kg,False
Nickel II,0.012500199369192817,kg,False
Selenium IV,9.666154253063347e-05,kg,False
Water,0.054007529559816844,m3,False
Potassium I,0.7082623749813967,kg,False
Bromine,0.008212062180925007,kg,False
Titanium ion,0.0001704228569241105,kg,False
Arsenic ion,0.0015070245197938547,kg,False
Silicon,0.21231288942933063,kg,False
Chloride,1.1861355711361157,kg,False
Chromium III,0.0008587529618267096,kg,False
Strontium II,0.00015589707069187347,kg,False
Manganese II,0.0001334306970319511,kg,False
Iron ion,0.04122621900277589,kg,False
Potassium I,0.011799429116088868,kg,False
Fluoride,0.00657329697429696,kg,False
Hexachlorobenzene,1.1149639366814103e-09,kg,False
Pentachlorobenzene,2.808794419578988e-09,kg,False
Barium II,0.00838531110203257,kg,False
Copper ion,0.013754236290900777,kg,False
Antimony ion,1.3821789173934762e-05,kg,False
"Heat, waste",268.30620772859476,MJ,False
Sodium I,4.403760627138774,kg,False
Mercury II,4.696320302031499e-05,kg,False
Phosphorus,0.00027956235418479555,kg,False
Barium II,0.00011461526309971256,kg,False
Lead II,0.0030093831723578385,kg,False
Manganese II,0.0007078491861958086,kg,False
"COD, Chemical Oxygen Demand",1.2519597265351634,kg,False
Phosphate,0.29305453574483137,kg,False
Pentachlorophenol,3.998325134260901e-09,kg,False
"DOC, Dissolved Organic Carbon",2.165633960536447,kg,False
Tin ion,9.756244704050567e-06,kg,False
Magnesium,0.2502882467033964,kg,False
Sulfur,0.07235505280448339,kg,False
Chlorine,0.01613613706890988,kg,False
Oxygen,0.06287919807522317,kg,False
Phosphorus,0.025268308253675376,kg,False
Hydrogen sulfide,0.012670712502490215,kg,False
Manganese II,8.799191999976903e-05,kg,False
"Particulate Matter, > 2.5 um and < 10um",0.02402903978754839,kg,False
"Particulate Matter, > 10 um",0.27158449273191504,kg,False
"Dioxins, measured as 2,3,7,8-tetrachlorodibenzo-p-dioxin",4.72733951825429e-10,kg,False
Iron ion,0.002197864605820936,kg,False
"Oils, unspecified",0.002757974958357834,kg,False
"Suspended solids, unspecified",0.00565471074280747,kg,False
Copper ion,0.00013824440337929388,kg,False
"Chlorides, unspecified",0.008080953335726435,kg,False
"Occupation, lake, artificial",12.905118247899425,m2*a,True
"Methane, non-fossil",0.1890054407281551,kg,False
"Water, turbine use, unspecified natural origin",12080.043742921169,m3,True
"Energy, potential (in hydropower reservoir), converted",1552.0962540649266,MJ,True
"Transformation, to lake, artificial",0.09768193541416785,m2,True
"Volume occupied, reservoir",98.8430375047732,m3*a,True
"Carbon dioxide, non-fossil",2.108502909584005,kg,False
"Heat, waste",27.072241695225472,MJ,False
Cadmium II,5.2613200075004815e-06,kg,False
Benzo(a)pyrene,6.797514463546625e-07,kg,False
Sulfate,0.08984464310659772,kg,False
"PAH, polycyclic aromatic hydrocarbons",7.049683759070725e-08,kg,False
Molybdenum VI,1.6153130779320675e-07,kg,False
Beryllium II,1.6698742868958117e-07,kg,False
Fluoride,0.0023701732753318525,kg,False
Palladium II,1.3514937144453135e-08,kg,False
Aluminium III,4.5261791986853546e-05,kg,False
Vanadium V,0.0001376869814049651,kg,False
"Xylenes, unspecified",3.2551414301676627e-06,kg,False
Sulfide,0.00027399417347669997,kg,False
Cyanide,0.0010754367063794544,kg,False
Tin ion,2.931699039729558e-06,kg,False
"Xylenes, unspecified",0.00031809897767946934,kg,False
Benzene,0.00028481776103180537,kg,False
Chloride,0.48859889533719647,kg,False
"Heat, waste",3.959868383008502,MJ,False
Zinc II,7.062486515788929e-05,kg,False
Sodium I,0.20948911020394895,kg,False
Cobalt II,3.053435909361228e-07,kg,False
Arsenic ion,1.8803071222434792e-06,kg,False
"Hydrocarbons, unspecified",0.0004906507213262939,kg,False
Vanadium V,3.2419701364859687e-07,kg,False
Thallium I,6.518044081564656e-07,kg,False
Boron,6.461252311728272e-06,kg,False
"AOX, Adsorbable Organic Halides",1.7412361018467083e-05,kg,False
Carbonyl sulfide,0.00010476192949361022,kg,False
Platinum,1.3429153720178439e-08,kg,False
Chromium III,3.160442224739004e-05,kg,False
Cyanide,6.334082434503337e-09,kg,False
Phenol,0.0002050285251772433,kg,False
Nickel II,5.262469940957173e-05,kg,False
Cobalt II,7.943104792369694e-06,kg,False
Chromium VI,2.7212095873606485e-06,kg,False
Tin ion,3.050086318955734e-05,kg,False
Selenium IV,6.788246274246962e-07,kg,False
Mercury II,9.343268520781259e-07,kg,False
Ammonium,0.0070274368155180105,kg,False
Barium II,0.00010010519085468586,kg,False
Antimony ion,3.72571746606091e-05,kg,False
Tellurium,2.1270986566896015e-08,kg,False
Nitrate,0.0015911629138018499,kg,False
Nitrite,1.5280947824883905e-06,kg,False
Hydrogen fluoride,0.001422137739222699,kg,False
Rhodium III,1.3429153720178439e-08,kg,False
Nitrogen,0.00015126604336117655,kg,False
Manganese II,2.4894990001581337e-05,kg,False
Phosphorus,2.1406921589054102e-05,kg,False
t-Butyl methyl ether,3.23062615586413e-07,kg,False
Toluene,2.7818036112105707e-05,kg,False
Lead II,3.0022797319440924e-05,kg,False
Methylamine,2.8140955278630616e-06,kg,False
"Transformation, to urban, continuously built",3.5275433640327275e-06,m2,True
"Occupation, urban, continuously built",0.0002645657523024545,m2*a,True
"Transformation, from urban, green area",3.4959456445134987e-06,m2,True
"Transformation, from dump site",0.007777519871907712,m2,True
Chromium VI,0.0006673932994988008,kg,False
"Occupation, traffic area, road network",1.7450182473874574,m2*a,True
"Transformation, to forest, unspecified",0.019885900933319163,m2,True
"Occupation, shrub land, sclerophyllous",0.0817638594091842,m2*a,True
"Transformation, from traffic area, road network",0.0046665396419891736,m2,True
"Waste mass, total, placed in landfill",170.2440426580775,kg,True
"Transformation, to shrub land, sclerophyllous",0.016352847689923518,m2,True
"Transformation, from shrub land, sclerophyllous",0.02373514236792709,m2,True
"Transformation, to traffic area, road network",0.0140067225474791,m2,True
"Occupation, construction site",0.4696480634352385,m2*a,True
Sulfate,0.00013244731391835106,kg,False
Calcium II,1.51247462721516e-05,kg,False
Ammonium,0.031131487791860972,kg,False
Chlorine,0.003344577325119041,kg,False
"NMVOC, non-methane volatile organic compounds",0.7421765545902492,kg,False
Phenanthrene,1.5370832385588196e-08,kg,False
Butadiene,1.9835159552206532e-05,kg,False
"2,2,4-Trimethylpentane",1.7090532634141235e-09,kg,False
Benzo(k)fluoranthene,5.900124805187887e-11,kg,False
Benzo(b)fluoranthene,8.15967773278365e-11,kg,False
Anthracene,6.874000840426449e-13,kg,False
Naphthalene,1.0123927059531704e-07,kg,False
Ethyl benzene,4.291891455224841e-07,kg,False
"Dibenz(a,h)anthracene",3.9543730520739575e-11,kg,False
"Indeno(1,2,3-cd)pyrene",1.566987981234799e-11,kg,False
Acenaphthene,1.4070854941649796e-07,kg,False
Acenaphthylene,5.403971976912752e-09,kg,False
Fluorene,1.9788605579126324e-09,kg,False
Pyrene,6.659005024063294e-10,kg,False
Hexane,1.6947717962055782e-07,kg,False
Propanal,5.032009064574853e-08,kg,False
Fluoranthene,9.329257144152557e-10,kg,False
Benzo(ghi)perylene,5.2808207557125195e-12,kg,False
Chrysene,1.0800477200425097e-11,kg,False
Benz(a)anthracene,6.946154810290672e-11,kg,False
"Particulate Matter, > 2.5 um and < 10um",0.6647385683519685,kg,False
"Occupation, mineral extraction site",26.0824549054287,m2*a,True
Dolomite,0.780523616215007,kg,True
Water,0.8314400882784693,m3,False
"Transformation, to mineral extraction site",0.7743273574303347,m2,True
"Transformation, from forest, unspecified",0.09625312558589173,m2,True
Caesium-134,0.0035922747321830064,kBq,False
Iodine-131,0.030281706660770104,kBq,False
Strontium-90,0.7322736863338892,kBq,False
"Noble gases, radioactive, unspecified",30330.86526094997,kBq,False
"Radioactive species, other beta emitters",1.756848145563166e-05,kBq,False
Molybdenum-99,8.124749389289951e-05,kBq,False
Technetium-99m,0.0021538090882068698,kBq,False
Silver-110,5.097292816486448e-07,kBq,False
Cerium-141,0.00010666494607577681,kBq,False
"Aerosols, radioactive, unspecified",0.00037845298893125567,kBq,False
Antimony-122,0.000147218936297261,kBq,False
Silver-110,0.06003374262878051,kBq,False
Cobalt-58,0.19081947179836226,kBq,False
Caesium-137,1.8146653747138203e-05,kBq,False
Zirconium-95,0.2020585622343673,kBq,False
Antimony-124,1.7531215298766114e-07,kBq,False
Manganese-54,0.005531031999619025,kBq,False
Iodine-133,0.00018248352079508058,kBq,False
Ruthenium-103,4.762390783721103e-05,kBq,False
Chromium-51,0.01695480604117394,kBq,False
Antimony-124,0.4503951108262304,kBq,False
Barium-140,8.44035459947054e-05,kBq,False
Xenon-133,117.26350548836352,kBq,False
Cobalt-57,0.0014526470262958844,kBq,False
Lanthanum-140,0.0002869568933779253,kBq,False
Antimony-125,0.007075805842736387,kBq,False
Xenon-135,38.73858294802092,kBq,False
Cerium-144,7.849505231779108e-05,kBq,False
Iodine-131,0.08794625926670128,kBq,False
Antimony-125,3.8107556519417907e-06,kBq,False
Strontium-89,0.0017511866183669133,kBq,False
Tritium,2634.9224408125806,kBq,False
Iodine-133,0.0002963921062621316,kBq,False
Sodium-24,0.00168195911966438,kBq,False
Niobium-95,0.494958241911275,kBq,False
Cobalt-60,0.10898596175743218,kBq,False
Cobalt-58,3.5868660218471797e-06,kBq,False
Carbon-14,7.302817892696092,kBq,False
"Radioactive species, alpha emitters",0.0021940303238008104,kBq,False
Iron-59,0.40373093535354526,kBq,False
Zirconium-95,9.484999453774891e-06,kBq,False
Caesium-136,4.576163838443323e-05,kBq,False
Tellurium-132,1.3712206234766208e-05,kBq,False
Krypton-85m,2.278008727248969,kBq,False
Tellurium-123m,0.0002892312842565912,kBq,False
Niobium-95,0.0006177623917669517,kBq,False
Cobalt-60,2.4255137706915702e-05,kBq,False
Caesium-137,0.039122342032364914,kBq,False
Zinc-65,0.04000784084453396,kBq,False
Scandium,8.899713197659289e-07,kg,False
Silver I,3.910961246839526e-06,kg,False
Magnesium,0.0028728449748237728,kg,False
Beryllium II,9.23055455648892e-07,kg,False
Trifluoromethane,6.349626713174613e-06,kg,False
"Coal, brown",181.10233803336374,kg,True
Pentachlorophenol,4.482700464369618e-08,kg,False
Acetylene,0.0002546991120459564,kg,False
"PAH, polycyclic aromatic hydrocarbons",0.00012745106755348922,kg,False
Bromine,6.092501747549228e-06,kg,False
Heptane,0.00010860465052405789,kg,False
Fluorine,1.0333156106444666e-05,kg,False
"Hydrocarbons, aromatic",0.0024847120339854317,kg,False
"Suspended solids, unspecified",9.486935515910085e-06,kg,False
Isopropanol,0.0012204814070441116,kg,False
"COD, Chemical Oxygen Demand",0.15549224208995902,kg,False
Calcite,52.24145694740008,kg,True
"DOC, Dissolved Organic Carbon",1.060790387291952,kg,False
Potassium-40,0.08827341414788313,kBq,False
"Wood, unspecified, standing",1.1226025949897363e-06,m3,True
Phenol,5.215039778015184e-05,kg,False
"Hydrocarbons, chlorinated",0.00012566438117953655,kg,False
Uranium,1.557469080855785e-10,kg,False
m-Xylene,5.615544661630514e-05,kg,False
Propylene,0.0015602218313238462,kg,False
Gravel,263.76044359719833,kg,True
Cyanide,0.010101554303657103,kg,False
Lead-210,0.0010605766068105171,kBq,False
Toluene,0.0005575293493113797,kg,False
Sulfide,4.8688061068295656e-05,kg,False
Sodium chlorate,1.1578277954050714e-05,kg,False
Aniline,9.505795177470439e-06,kg,False
Fluorine,4.676162099612241e-05,kg,False
Polonium-210,0.0019379004945391414,kBq,False
"AOX, Adsorbable Organic Halides",6.765112999595145e-07,kg,False
Hydrogen sulfide,0.00014532843211659865,kg,False
Radon-222,0.003188293855764736,kBq,False
"Oils, unspecified",0.048689684927475864,kg,False
Strontium II,2.8663943357132145e-06,kg,False
"Suspended solids, unspecified",0.041126646992075466,kg,False
Potassium I,0.00032804132965580336,kg,False
Boron,0.0004782673076936238,kg,False
Nitrogen,5.096269615420621e-06,kg,False
Radium-226,0.0002737222707627056,kBq,False
Uranium-238,0.012220929352403393,kBq,False
Aluminium,2.196133573451696,kg,True
Radium-228,0.04772391101740397,kBq,False
Chlorine,9.196831775296796e-06,kg,False
Thorium-232,0.0040253621868231,kBq,False
Benzene,0.020381455168868967,kg,False
Bromotrifluoromethane,7.014148339978214e-07,kg,False
"Hydrocarbons, unspecified",0.0013196583821384778,kg,False
Polonium-210,0.1039075784381741,kBq,False
"Radioactive species, Nuclides, unspecified",0.010766845690691983,kBq,False
Isopropanol,0.05222088631215632,kg,False
Dissolved solids,0.07158460348589324,kg,False
"Gas, natural",190.07227104373365,m3,True
Polonium-210,0.07047332869778165,kBq,False
Magnesium,5.230832872474793e-06,kg,False
Cyanide,2.059347350525938e-08,kg,False
Radon-222,0.07302760800539956,kBq,False
"Particulate Matter, > 10 um",2.728229718469156,kg,False
"Sand, unspecified",15.90781868363824,kg,True
Propylene oxide,0.0002701101121711276,kg,False
Ethylene,0.0009272265714609047,kg,False
"Oils, unspecified",0.001064402044489391,kg,False
Molybdenum VI,4.118089124321706e-05,kg,False
"Carbon monoxide, non-fossil",0.003547827931738752,kg,False
Iron ion,0.030151174085495634,kg,False
"AOX, Adsorbable Organic Halides",2.1023769850429506e-07,kg,False
Barium II,0.00013573680657039643,kg,False
Sulfur,1.9476124667625095e-06,kg,False
"AOX, Adsorbable Organic Halides",0.012160766440575687,kg,False
Hydrogen,0.0041871480236749595,kg,False
Thorium-228,4.390487686858528e-05,kBq,False
Sodium chloride,13.723887149277665,kg,True
Uranium-238,0.09345697683069117,kBq,False
Ethylene,0.0027732055945933766,kg,False
"VOC, volatile organic compounds",0.011417146848546021,kg,False
Radon-220,0.005676640865326852,kBq,False
Thorium,1.3400749901439812e-06,kg,False
Propionic acid,9.375246510926152e-08,kg,False
"Clay, bentonite",0.43576370897550526,kg,True
Chromium III,1.9016788496832197e-06,kg,False
Chlorodifluoromethane,2.0455985491178676e-08,kg,False
Boron,0.004032501753857697,kg,False
Silicon,0.0002486369321840777,kg,False
Iron,29.42475797354758,kg,True
Uranium-238,0.00022810253767168335,kBq,False
"BOD5, Biological Oxygen Demand",0.1711994648320232,kg,False
Antimony,1.9195922892052746e-05,kg,True
Thorium-232,0.016488520088214546,kBq,False
Lead-210,0.056755097082800694,kBq,False
Paraffins,7.586243595047383e-08,kg,False
Acetylene,0.0003572550978186199,kg,False
Radium-226,36.92657181096321,kBq,False
Phosphorus,0.32620739529915704,kg,True
"Methane, non-fossil",0.0006555981140526292,kg,False
"Oils, unspecified",7.627830656551355e-07,kg,False
Potassium-40,0.00026097688679986624,kBq,False
Fluorspar,0.5106685974994886,kg,True
Hydrogen peroxide,0.0021360080191187955,kg,False
Scandium,7.193110787415377e-11,kg,False
Radon-220,0.12914511247444477,kBq,False
Thorium,1.1264246213828225e-10,kg,False
"Acidity, unspecified",3.937492489817654e-05,kg,False
"Water, unspecified natural origin",0.10177847670942217,m3,True
Acetic acid,4.571760918970811e-06,kg,False
Paraffins,3.372430107252881e-07,kg,False
Sulfur trioxide,0.0010135959061225678,kg,False
Lead-210,4.58076386389039,kBq,False
Nitrogen,0.002533840036495974,kg,False
"Hydrocarbons, aliphatic, unsaturated",4.463547869935138e-05,kg,False
Phenol,0.0009865800704981836,kg,False
Phosphate,1.4846016329240189e-05,kg,False
Iron ion,0.002004043521855246,kg,False
Acetone,0.0010525557772180579,kg,False
Iodine,6.57880071402316e-05,kg,False
Radium-226,0.014680898383489568,kBq,False
Ethanol,0.0011828838931666344,kg,False
Potassium-40,0.015443658225669602,kBq,False
Diatomite,3.3271797796665025e-07,kg,True
Uranium,1.78416744263674e-06,kg,False
Propylene,0.0018021482148070024,kg,False
Ethyl benzene,0.0001506654154111306,kg,False
Boron,6.230175955822191e-06,kg,False
Bromotrifluoromethane,1.5848731377305473e-11,kg,False
Calcium II,0.00011256398100550627,kg,False
Phenol,4.4085207131556324e-08,kg,False
Iodine,2.547929918344611e-06,kg,False
"Hydrocarbons, aromatic",0.0005077097754320958,kg,False
Sylvite,0.6910863688259192,kg,True
"Xylenes, unspecified",0.004191432476534888,kg,False
Phosphorus,4.577492415425566e-06,kg,False
Uranium,0.005759548946884164,kg,True
Phosphorus,1.772810858595995e-06,kg,False
Magnesite,0.7708503058558844,kg,True
"TOC, Total Organic Carbon",0.19710388760813038,kg,False
Aluminium III,0.45810997134069137,kg,False
Dissolved solids,0.16066502399688934,kg,False
Sodium I,4.856215186714602e-05,kg,False
"Radioactive species, other beta emitters",0.5345286934969021,kBq,False
Sulfide,1.2034660626849527e-07,kg,False
Sulfur oxides,0.12041489374990504,kg,False
"Solids, inorganic",0.01915014766978784,kg,False
"Oils, unspecified",0.0010485468822562947,kg,False
Antimony ion,1.2332630490137454e-08,kg,False
Thorium-228,0.004873001444183988,kBq,False
"Nitrogen, organic bound",0.0022063419518666854,kg,False
Phenol,1.5266793979992008e-06,kg,False
Aniline,4.059538236535829e-08,kg,False
Radium-228,8.435317889957889e-05,kBq,False
Thorium-232,6.865688412611507e-05,kBq,False
"Chlorinated solvents, unspecified",0.00013204182805190233,kg,False
"Oil, crude",52.2077611713787,kg,True
"Hydrocarbons, aliphatic, alkanes, unspecified",0.001478266292893172,kg,False
Hexachlorobenzene,4.1910213029693396e-08,kg,False
"Coal, hard",543.6067391886443,kg,True
Ethane,0.0010822734510001514,kg,False
Nitrogen,0.0458377189710664,kg,False
Chlorate,0.0018682654680200327,kg,False
Titanium ion,1.4848541254106217e-05,kg,False
"Organic carbon, placed in landfill",10.126822266624064,kg,True
Propanal,1.7850697423415213e-07,kg,False
1-Pentene,2.7164939408745753e-08,kg,False
1-Pentanol,5.775341363450788e-08,kg,False
Dichloromethane,0.0002745890103533238,kg,False
Bromide,0.00021271589520211587,kg,False
Formic acid,6.006306455259973e-05,kg,False
Chloramine,1.0992582544200913e-06,kg,False
Formic acid,3.06627087954571e-08,kg,False
Iodine,4.1790357140317236e-05,kg,True
Isobutanol,7.781345475104949e-08,kg,False
o-Dichlorobenzene,5.21467869973307e-08,kg,False
Dichloromethane,3.195266093353196e-05,kg,False
Iodide,0.005755056826303884,kg,False
Isobutanol,3.24228405519819e-08,kg,False
Borate,4.5942609509417814e-06,kg,False
Propanal,6.04196855618611e-08,kg,False
Acetyl chloride,4.536889628475201e-08,kg,False
Propylene oxide,0.000645836462600915,kg,False
"Water, salt, sole",0.000967564158761219,m3,True
Acetic acid,0.002183912434536003,kg,False
Methanol,0.020618794972106558,kg,False
Formamide,4.401049818050564e-08,kg,False
o-Dichlorobenzene,0.01278656653147252,kg,False
Chloramine,1.231327760830906e-07,kg,False
1-Pentene,4.364321818031671e-08,kg,False
1-Pentanol,2.4063759184236812e-08,kg,False
Formamide,1.0562736907728949e-07,kg,False
Lithium I,0.0012613041176615003,kg,False
Acetone,0.0022398816689063465,kg,False
Bromine,0.00025275103766515735,kg,True
Nitrogen,7.023221487823659,kg,False
Nitrogen,89.5703573349098,kg,True
Scandium,2.593130017174847e-06,kg,False
"Carbon dioxide, non-fossil",6.578429250374596,kg,False
"Transformation, to urban/industrial fallow (non-use)",4.2493912171781625e-05,m2,True
Antimony ion,0.0006220668592114815,kg,False
"Heat, waste",13.031390873604106,MJ,False
"Occupation, urban/industrial fallow (non-use)",0.0017851336376217787,m2*a,True
Florasulam,2.579277191112048e-14,kg,False
Isoproturon,1.2324800227502512e-14,kg,False
Clopyralid,4.265539315339782e-08,kg,False
Metsulfuron-methyl,1.2121138371272386e-10,kg,False
Bixafen,1.6232282851662006e-13,kg,False
MCPB,7.809230554702619e-08,kg,False
Propiconazole,4.0433502451960916e-15,kg,False
Metaldehyde,3.24400035842025e-10,kg,False
Bromoxynil,1.1640969809623307e-15,kg,False
Tembotrione,6.409443565676391e-12,kg,False
Mecoprop-P,7.341070614839639e-09,kg,False
Phenoxy compounds,1.6361257979274664e-14,kg,False
Phenoxy compounds,8.348465220190151e-10,kg,False
Prochloraz,5.431648926063815e-15,kg,False
Metconazole,1.0950422009571435e-14,kg,False
Thiencarbazone-methyl,4.865470606499318e-16,kg,False
Iodosulfuron-methyl-sodium,7.01173720959491e-15,kg,False
Cupric hydroxide,7.169576115550663e-16,kg,False
Ammonia,0.0077928154738032655,kg,False
Carfentrazone-ethyl,6.366267864136007e-09,kg,False
Cadmium II,0.00030947653682173685,kg,False
Mesotrione,3.904863066952074e-09,kg,False
Kresoxim-methyl,2.6197797748785403e-09,kg,False
Mesosulfuron,3.50821806909474e-12,kg,False
Trinexapac-ethyl,1.975979438031918e-14,kg,False
Metribuzin,2.8008423625018783e-13,kg,False
Chlorothalonil,7.872671068720716e-14,kg,False
Fenpropimorph,5.5664693093811154e-11,kg,False
Metribuzin,7.738752845244006e-11,kg,False
Chlorpyrifos methyl,8.086278182567956e-15,kg,False
Amidosulfuron,1.7061609831359476e-16,kg,False
Glyphosate,3.0804144913928013e-06,kg,False
Florasulam,8.894059279696763e-16,kg,False
Fluxapyroxad,3.691924091870782e-11,kg,False
Glyphosate,1.1003889783741262e-10,kg,False
Bixafen,6.796456729896304e-11,kg,False
Epoxiconazole,5.017415316013896e-15,kg,False
Prohexadione calcium,6.062654920678625e-16,kg,False
Clothianidin,1.726074833840696e-20,kg,False
Trinexapac-ethyl,5.952091732021338e-08,kg,False
Bentazone,6.948103371320496e-08,kg,False
Thiophanate-methyl,2.0134847137471241e-16,kg,False
Tribenuron,1.9553050182948814e-09,kg,False
Clodinafop-propargyl,8.060707752538346e-09,kg,False
Ethephon,3.9429428764155274e-10,kg,False
Iodosulfuron-methyl-sodium,2.9358143264202795e-12,kg,False
Thiacloprid,3.437830506077801e-11,kg,False
Azoxystrobin,6.886246077348456e-08,kg,False
Metribuzin,9.658077112075457e-15,kg,False
MCPB,6.7258512135004915e-12,kg,False
Fenoxaprop-P,9.28310467474857e-15,kg,False
Kresoxim-methyl,9.392696025966818e-15,kg,False
Fenpropimorph,4.655015675124587e-15,kg,False
Picoxystrobin,3.8328519491862206e-08,kg,False
Isoxaflutole,3.013898442773901e-08,kg,False
Phenoxy compounds,4.744764813989637e-13,kg,False
Diflufenican,2.809720915399063e-13,kg,False
Spiroxamine,1.0473972548203651e-10,kg,False
Chlorotoluron,1.4101951462028004e-09,kg,False
Laminarin,6.909303785295447e-11,kg,False
Spiroxamine,8.626020360606133e-15,kg,False
Prochloraz,2.274231371849242e-12,kg,False
Azoxystrobin,2.59007337108252e-06,kg,False
Fenpropidin,1.4631495647113892e-10,kg,False
Metaldehyde,2.631444354130305e-12,kg,False
Trinexapac-ethyl,2.3992934777059803e-10,kg,False
Tebuconazole,7.059759838539038e-11,kg,False
Metamitron,1.0519751662084772e-13,kg,False
Fludioxonil,2.226804829881896e-16,kg,False
Terbuthylazin,5.673334560018466e-14,kg,False
"2,4-D",1.2348376484583688e-05,kg,False
Fluquinconazole,9.522024248140374e-11,kg,False
Dicamba,3.4202004668183733e-12,kg,False
Phenoxy compounds,9.28152621953775e-11,kg,False
Cyprodinil,1.1287680268046731e-11,kg,False
Thiophanate-methyl,1.5034097174138283e-07,kg,False
Chlorpyrifos methyl,2.7883717870924027e-16,kg,False
Fluoxastrobin,1.0144697816850593e-15,kg,False
Flupyrsulfuron-methyl sodium,9.576638275605727e-11,kg,False
Thiencarbazone-methyl,1.1078488146912125e-09,kg,False
Flufenacet,8.242539086511199e-13,kg,False
Prosulfocarb,4.4250666273896413e-10,kg,False
Pinoxaden,7.608806129536626e-14,kg,False
Iodosulfuron-methyl-sodium,2.4178404171016955e-16,kg,False
Clodinafop-propargyl,3.0682927836434803e-13,kg,False
Chlorotoluron,3.3680324026066488e-12,kg,False
Spinosad,1.3434502004455973e-15,kg,False
Tembotrione,5.278607562052717e-16,kg,False
Pendimethalin,5.75080750108501e-09,kg,False
Flufenacet,2.842254857417655e-14,kg,False
Prochloraz,1.8729823882978645e-16,kg,False
Prothioconazole,1.6438593829462823e-14,kg,False
Spiroxamine,1.2099199817385676e-08,kg,False
Copper ion,0.0028977756321419755,kg,False
Metconazole,1.356071316196286e-09,kg,False
Pyroxsulam,1.7840628916848873e-10,kg,False
Fludioxonil,3.364086754375352e-11,kg,False
Dicamba,4.389595536882674e-07,kg,False
Azoxystrobin,1.8914130953568347e-14,kg,False
Tribenuron,2.0332310478227717e-14,kg,False
Thiophanate-methyl,6.545303689274047e-07,kg,False
Mesotrione,1.338183240158216e-07,kg,False
Boscalid,3.07135150006719e-10,kg,False
Benzovindiflupyr,3.1459598636584252e-12,kg,False
Nicosulfuron,2.0725781761885325e-10,kg,False
Metaldehyde,9.07394604872519e-14,kg,False
Fluxapyroxad,4.650225191238406e-09,kg,False
Tribenuron,7.011141544216478e-16,kg,False
"Transformation, from annual crop",0.17100856493139624,m2,True
Metrafenone,4.888595163310149e-16,kg,False
Clothianidin,5.005617018138016e-19,kg,False
Flupyrsulfuron-methyl sodium,6.175889031083628e-16,kg,False
Fenoxaprop-P,3.201070577499515e-16,kg,False
Mepiquat chloride,6.176292749682977e-15,kg,False
Mecoprop-P,1.136434273594825e-12,kg,False
Aclonifen,2.976373554600478e-09,kg,False
Prothioconazole,3.4817614225430974e-08,kg,False
Clodinafop-propargyl,1.4021487054143127e-17,kg,False
Metamitron,2.614585520953603e-07,kg,False
Bixafen,6.11513185523243e-10,kg,False
Nickel II,0.0015939761490162414,kg,False
Isoproturon,3.5741920659757136e-13,kg,False
Thifensulfuron,4.08663772865883e-10,kg,False
Fenpropimorph,1.3499545457861314e-13,kg,False
Metamitron,2.923575579713555e-11,kg,False
Nicosulfuron,4.01468125393356e-15,kg,False
Cyprodinil,2.6958873738441934e-14,kg,False
Chlorothalonil,8.105006118390921e-10,kg,False
Cinidon-ethyl,5.643574967039475e-18,kg,False
Chromium III,0.00033492758121630344,kg,False
Fluoxastrobin,2.94196236688667e-14,kg,False
Tebuconazole,3.3539930817286234e-08,kg,False
Ethephon,9.416304260378057e-13,kg,False
Fluquinconazole,8.854668468040563e-09,kg,False
Chlorotoluron,1.1613904836574676e-13,kg,False
Boscalid,1.6627092283669125e-11,kg,False
Fluroxypyr,4.565862959929894e-12,kg,False
Mesotrione,2.045799090627314e-14,kg,False
Prosulfocarb,3.9808988091229835e-09,kg,False
Prothioconazole,1.226075741427198e-09,kg,False
Metribuzin,8.151668440614432e-07,kg,False
Difenoconazole,1.2950147148816347e-09,kg,False
Fluxapyroxad,3.040547627915201e-15,kg,False
Prothioconazole,2.238823745272551e-08,kg,False
Pyroxsulam,4.7358352336159064e-14,kg,False
Difenoconazole,9.047369118541608e-15,kg,False
Fenoxaprop-P,3.8868358700739824e-12,kg,False
Fluroxypyr,1.8288620179243478e-08,kg,False
Mecoprop-P,1.6469594300904783e-10,kg,False
Chlormequat chloride,4.667354679939618e-13,kg,False
Cupric hydroxide,2.0791770735097014e-14,kg,False
Bentazone,3.4025591845421426e-12,kg,False
Prohexadione calcium,7.361457375919978e-12,kg,False
Boscalid,6.172983685373292e-14,kg,False
Bentazone,7.158662050120893e-09,kg,False
Pendimethalin,1.7246282768258974e-06,kg,False
Prochloraz,1.9608298815767117e-09,kg,False
Isoxaflutole,5.1991059263423836e-17,kg,False
Pyroxsulam,1.9828364507495336e-11,kg,False
Chlorothalonil,2.2830746099290024e-12,kg,False
Metsulfuron-methyl,5.952753731125712e-12,kg,False
Mecoprop-P,3.918738874464918e-14,kg,False
Metsulfuron-methyl,2.7795793796838152e-08,kg,False
Cyprodinil,9.296163358083448e-16,kg,False
Thifensulfuron,4.004838650375951e-15,kg,False
Cyprodinil,4.990734041774422e-07,kg,False
Thifensulfuron,1.1614032086090212e-13,kg,False
Sulfosulfuron,3.675113550035491e-13,kg,False
Propiconazole,6.326442928857234e-08,kg,False
Fenpropidin,3.5112484797517964e-13,kg,False
Isoproturon,2.1041290188145513e-07,kg,False
Cinidon-ethyl,6.852597931306927e-14,kg,False
Spinosad,3.8960055812922345e-14,kg,False
Trifloxystrobin,1.1200800269187026e-07,kg,False
Fenpropidin,1.210775337845449e-14,kg,False
Azoxystrobin,3.6192199661940484e-09,kg,False
Diflufenican,4.93744153127773e-13,kg,False
Metrafenone,1.4176925973599439e-14,kg,False
Thiacloprid,3.821762686039808e-12,kg,False
Fluroxypyr,2.834436481535302e-13,kg,False
Fluquinconazole,1.0242917262778427e-11,kg,False
Isoxaflutole,1.5077407186392924e-15,kg,False
Sulfur,1.5159642952118153e-13,kg,False
Flupyrsulfuron-methyl sodium,7.498949627772126e-12,kg,False
Tebuconazole,1.8523533897383165e-07,kg,False
Laminarin,2.3139279393284064e-14,kg,False
Chlorothalonil,8.329845388892725e-06,kg,False
Copper oxychloride,1.1148382842750557e-16,kg,False
"Energy, gross calorific value, in biomass",465.2985580256762,MJ,True
MCPB,1.4968195158834426e-09,kg,False
Benzovindiflupyr,2.1366909516112948e-10,kg,False
"Carbon dioxide, in air",42.67469054212916,kg,True
Clothianidin,2.0958518146277957e-16,kg,False
Pendimethalin,5.581584229749659e-11,kg,False
Thiencarbazone-methyl,3.0876658473257452e-12,kg,False
Aclonifen,2.669626498480838e-08,kg,False
Picoxystrobin,1.9249815524976178e-16,kg,False
Diflufenican,2.289479524231731e-07,kg,False
Tembotrione,1.189410957141718e-07,kg,False
Terbuthylazin,1.6452670224053598e-12,kg,False
Pinoxaden,2.866439253690827e-10,kg,False
Sulfur,0.003232473768001705,kg,False
Picoxystrobin,2.2333732223895768e-12,kg,False
Trifloxystrobin,1.933754291799964e-09,kg,False
Metconazole,2.3226438410116613e-12,kg,False
Trifloxystrobin,3.888432838246391e-08,kg,False
Fluoxastrobin,1.2317996248741604e-11,kg,False
Mesotrione,1.3214324589051272e-10,kg,False
Isoxaflutole,3.2993934407809286e-13,kg,False
"2,4-D",6.742881268278226e-09,kg,False
Chlormequat chloride,1.9542213757099835e-10,kg,False
Mepiquat chloride,1.7911248974080628e-13,kg,False
Fludioxonil,4.647010361966436e-10,kg,False
Sulfosulfuron,3.026703016858924e-17,kg,False
Prohexadione calcium,8.819815095405604e-11,kg,False
Carfentrazone-ethyl,1.9670518617313814e-10,kg,False
Fludioxonil,3.586528614931068e-08,kg,False
Fluquinconazole,1.5749983239618402e-14,kg,False
"2,4-D",1.713458985668562e-07,kg,False
Chlormequat chloride,1.7583164083445168e-09,kg,False
Lead II,0.000324985368522668,kg,False
Laminarin,7.679663893170384e-12,kg,False
Cinidon-ethyl,2.2778805354196114e-11,kg,False
Carfentrazone-ethyl,5.703198709022372e-16,kg,False
Mercury II,6.57486825019206e-08,kg,False
Sulfosulfuron,1.0212726480684571e-09,kg,False
Tribenuron,8.51313827185697e-12,kg,False
Sulfosulfuron,8.777438748890887e-16,kg,False
Metaldehyde,1.9971152481271004e-07,kg,False
Difenoconazole,5.4537703086648486e-11,kg,False
Pyroxsulam,1.6330466322813512e-15,kg,False
Laminarin,7.979061859753148e-16,kg,False
Copper oxychloride,7.447908554542655e-12,kg,False
Tritosulfuron,2.352024677498358e-14,kg,False
Sulfur,3.4982188494256567e-11,kg,False
Tebuconazole,1.376084494572473e-09,kg,False
Fluoxastrobin,1.1083153214522476e-10,kg,False
Thifensulfuron,4.542043533615501e-11,kg,False
Mesosulfuron,2.8892533710762497e-16,kg,False
Pendimethalin,2.1147797270894027e-12,kg,False
Kresoxim-methyl,3.2388606986092495e-16,kg,False
Nicosulfuron,5.8366791246412976e-09,kg,False
Bromoxynil,1.242269915541053e-11,kg,False
Terbuthylazin,8.279349828322569e-07,kg,False
Glyphosate,0.00010955768623404781,kg,False
Trinexapac-ethyl,5.730340370292569e-13,kg,False
Fenoxaprop-P,3.497191961893319e-11,kg,False
Bromoxynil,2.4198528394827165e-07,kg,False
Metamitron,3.627500573132692e-15,kg,False
Propiconazole,1.4373576946310186e-09,kg,False
Flufenacet,3.385075069646315e-08,kg,False
Epoxiconazole,1.2026350465968074e-10,kg,False
Amidosulfuron,2.071671820042681e-12,kg,False
Mepiquat chloride,6.189953270312363e-11,kg,False
Terbuthylazin,3.006946952510212e-10,kg,False
Chlormequat chloride,1.6094326482550442e-14,kg,False
Chlorpyrifos methyl,1.779444904395129e-12,kg,False
Thiencarbazone-methyl,1.4109864758848012e-14,kg,False
Nicosulfuron,4.4936461900230406e-08,kg,False
Clopyralid,9.007190363819598e-14,kg,False
MCPB,1.981966592935066e-09,kg,False
Bixafen,5.597338914366243e-15,kg,False
Diflufenican,2.088696238787899e-10,kg,False
Dicamba,2.514103313828553e-13,kg,False
Kresoxim-methyl,3.870875974892234e-12,kg,False
Clothianidin,2.3722157858052015e-07,kg,False
Propiconazole,5.76726612224639e-11,kg,False
Thiacloprid,5.853037860112234e-16,kg,False
Bromoxynil,4.836734284472271e-10,kg,False
"Occupation, annual crop",0.08032046062503535,m2*a,True
Cyproconazole,2.8583641490296037e-06,kg,False
Spiroxamine,2.501545904575775e-13,kg,False
Tritosulfuron,9.847927179650618e-12,kg,False
Ethephon,1.1373476546146559e-07,kg,False
Boscalid,2.128615063921819e-15,kg,False
Aclonifen,3.0365668865423705e-12,kg,False
Cinidon-ethyl,1.6366367404414447e-16,kg,False
Carfentrazone-ethyl,1.1140609671350469e-07,kg,False
Metsulfuron-methyl,2.413856276054349e-12,kg,False
Prosulfocarb,1.6057836767838032e-12,kg,False
Cyproconazole,1.46491853420248e-15,kg,False
Thiacloprid,1.697380979432547e-14,kg,False
Tritosulfuron,8.86070133270883e-11,kg,False
Fenpropimorph,3.8617160064662216e-08,kg,False
Spinosad,3.1877046846194326e-09,kg,False
Thiophanate-methyl,3.08123826024287e-09,kg,False
Bentazone,9.585691494271864e-11,kg,False
Metrafenone,5.340824357404103e-11,kg,False
Mepiquat chloride,3.007165444300067e-08,kg,False
Mesosulfuron,3.1565294861739364e-11,kg,False
Epoxiconazole,1.9376301937920966e-08,kg,False
Fluroxypyr,1.5538376463718026e-10,kg,False
Chlorotoluron,5.499437876107976e-08,kg,False
Tembotrione,1.0046688066069234e-09,kg,False
Ethephon,3.2483467155152745e-14,kg,False
Benzovindiflupyr,2.130854169279912e-09,kg,False
Picoxystrobin,9.094920923578042e-11,kg,False
"Transformation, to annual crop",0.08122395481510444,m2,True
Tritosulfuron,8.110429922408183e-16,kg,False
Iodosulfuron-methyl-sodium,4.40707251891591e-11,kg,False
Metconazole,3.776007589507409e-16,kg,False
Cupric hydroxide,5.9046957639354965e-12,kg,False
Prohexadione calcium,1.7581699269967957e-14,kg,False
Pinoxaden,2.623726251564364e-15,kg,False
Prosulfocarb,5.5371850923579525e-14,kg,False
Florasulam,8.411201213746199e-10,kg,False
Cyproconazole,2.465908186361097e-08,kg,False
Isoproturon,1.496514195984172e-10,kg,False
Pinoxaden,3.185807079518114e-11,kg,False
Fluxapyroxad,1.6812512024156024e-11,kg,False
Clodinafop-propargyl,3.741965473932771e-14,kg,False
Zinc II,0.000246505773548749,kg,False
Flufenacet,3.3250051169095754e-10,kg,False
Florasulam,1.0799433440137849e-11,kg,False
Clopyralid,3.981169701422851e-11,kg,False
Aclonifen,8.806043970972878e-11,kg,False
Clopyralid,3.6012762879864617e-10,kg,False
Glyphosate,5.409009556967886e-07,kg,False
"2,4-D",8.681100931082629e-10,kg,False
Amidosulfuron,4.713192829817713e-10,kg,False
Dicamba,3.8276646533675625e-09,kg,False
Chlorpyrifos methyl,2.493924779043975e-06,kg,False
Trifloxystrobin,8.972436658742183e-16,kg,False
Spinosad,1.2834001644108728e-11,kg,False
Copper oxychloride,6.475993601534815e-10,kg,False
Benzovindiflupyr,2.590909391128897e-16,kg,False
Mesosulfuron,8.378834776121095e-15,kg,False
Epoxiconazole,2.922203571572817e-09,kg,False
Fenpropidin,1.0671350061245976e-07,kg,False
Cyproconazole,1.3607237716461495e-09,kg,False
Amidosulfuron,4.94786685109425e-15,kg,False
Difenoconazole,2.7251500094811384e-06,kg,False
Flupyrsulfuron-methyl sodium,1.7910078190142484e-14,kg,False
Metrafenone,5.935878817725614e-12,kg,False
Carbon disulfide,0.035022228130429066,kg,False
Fluorine,0.0001654749715430572,kg,False
Gangue,6463.695147896569,kg,True
Copper ion,0.0007798074803750639,kg,False
Boron,0.0065723303899623215,kg,False
Zinc II,0.0023972256668154386,kg,False
"Energy, kinetic (in wind), converted",772.0355298408673,MJ,True
Ethylene oxide,0.0008456998120254992,kg,False
Hypochlorite,0.00020952360474965701,kg,False
Nitrite,0.0002824337549905425,kg,False
Iron ion,6.747822936333232e-05,kg,False
"Nitrogen, organic bound",0.008481303304092833,kg,False
"Transformation, to dump site, sanitary landfill",0.001309937685391139,m2,True
"Transformation, from dump site, sanitary landfill",0.001309937685391139,m2,True
"Heat, waste",91.31799841267392,MJ,False
"Heat, waste",5.698554407156357,MJ,False
"Carbon monoxide, non-fossil",0.04402390115284006,kg,False
Polonium-210,1.0997193697852607,kBq,False
Cyanide,0.00038028064271741785,kg,False
Chromium VI,9.578475510691657e-05,kg,False
Ethylene dichloride,2.9888306427609838e-06,kg,False
Radon-220,4.723494359274147,kBq,False
Chloroform,7.339867517976196e-06,kg,False
Cumene,4.078645548830254e-07,kg,False
"Xylenes, unspecified",0.006555076049261547,kg,False
Vanadium V,0.00017133946834851273,kg,False
Magnesium,0.0009361967169106483,kg,False
Phenol,0.0007737112467116504,kg,False
"1,1,1-Trichloroethane",1.498776296440832e-06,kg,False
Strontium II,0.0005517355937003177,kg,False
Tetrachloroethylene,3.215865014836689e-06,kg,False
Bromine,0.002855878982662419,kg,False
Radium-226,0.2018792995505363,kBq,False
Radon-222,3078.5253401288355,kBq,False
Molybdenum VI,1.2974772993616352e-05,kg,False
Styrene,0.0010528924272347356,kg,False
"Hydrocarbons, aliphatic, unsaturated",0.001536152974145337,kg,False
Uranium-238,0.15489265240678615,kBq,False
Barium II,0.0005999986248295065,kg,False
Ethyl benzene,0.0006599995664404796,kg,False
Hydrogen fluoride,0.028889394028988283,kg,False
Thorium-234,0.010671935008333506,kBq,False
"Actinides, radioactive, unspecified",0.15531054036496209,kBq,False
Protactinium-234,0.010670483199213668,kBq,False
Lead-210,0.621911830743092,kBq,False
Acrolein,2.211310232215115e-05,kg,False
"Hydrocarbons, aliphatic, alkanes, cyclic",4.333343374444447e-05,kg,False
Sulfate,7.103099407815079e-05,kg,False
"Hydrocarbons, chlorinated",1.5172185987998235e-05,kg,False
Furan,0.00010112750886515583,kg,False
Hydrochloric acid,0.24793186709416304,kg,False
Uranium-234,0.03209019932935079,kBq,False
Thorium-228,0.030171295192756624,kBq,False
Radium-228,0.05402987977503051,kBq,False
Thorium-232,0.04726187545551557,kBq,False
Propylene,0.00012628763906180244,kg,False
Methylchloride,3.9694893378527416e-05,kg,False
"Hydrocarbons, aliphatic, alkanes, unspecified",0.0016802573129469647,kg,False
Dichloromethane,2.1711574625472682e-05,kg,False
Thorium-230,0.01592917536852888,kBq,False
Iodine,0.001472386964784091,kg,False
Potassium-40,0.20715579716557864,kBq,False
"Aldehydes, unspecified",7.389017237508676e-05,kg,False
Acetonitrile,3.7922675473012195e-06,kg,False
Acetone,3.0202460962221867e-05,kg,False
Ethanol,0.0068340686359608235,kg,False
"Transformation, from forest, primary (non-use)",0.009972081523821917,m2,True
"Carbon monoxide, from soil or biomass stock",0.0021910879162184826,kg,False
"Energy, gross calorific value, in biomass, primary forest",0.7474656001426467,MJ,True
Methanol,5.7404216527442326e-05,kg,False
"Transformation, to permanent crop",0.014077637127836924,m2,True
"Methane, from soil or biomass stock",0.00014326344067582382,kg,False
Acetylene,1.3811926209278601e-06,kg,False
Formic acid,2.317496834461859e-05,kg,False
Ethylene,0.00048453677905846236,kg,False
"Carbon dioxide, from soil or biomass stock",3.613318257292624,kg,False
"Carbon, organic, decrease in soil or biomass stock",0.0444289919985344,kg,True
Terpenes,3.1602229560843498e-06,kg,False
Isoprene,3.3709044864899754e-07,kg,False
"Transformation, to forest, intensive",0.6755947777714365,m2,True
"Transformation, from forest, intensive",0.6473556746007935,m2,True
"Occupation, forest, intensive",53.087698312630536,m2*a,True
Graphite,0.015215997867095585,kg,True
Propylene,0.006384477312398761,kg,False
Acetaldehyde,9.352601757142475e-07,kg,False
Propionic acid,1.9291284579605329e-07,kg,False
Ethylene oxide,0.0019844342739932055,kg,False
o-Chlorotoluene,1.507718451811658e-07,kg,False
Butanol,1.7403971465819768e-07,kg,False
Butanol,1.0062574142496894e-07,kg,False
o-Chlorotoluene,3.5128568461870207e-07,kg,False
Tin ion,0.00028249061069062084,kg,False
Tungsten,0.0007901475733102437,kg,False
Thorium-230,2.057797202392161,kBq,False
Uranium-235,0.0313877092035939,kBq,False
Radon-222,109783.85484578936,kBq,False
Uranium-234,0.02813084714609334,kBq,False
"Transformation, to unspecified",0.6552357029354985,m2,True
"Carbon, organic, increase in soil or biomass stock",0.025904545060754403,kg,True
"Carbon dioxide, to soil or biomass stock",0.09208569873545087,kg,False
"Transformation, from arable land, unspecified use",0.07335237739715542,m2,True
"Oils, non-fossil",1.3248859896639184e-07,kg,False
Manganese II,0.0017809005294626608,kg,False
Magnesium,0.0028306838782101375,kg,False
Water,4.2454458992176285,m3,False
Iron ion,0.007332489066352367,kg,False
Strontium II,1.679445444885226e-05,kg,False
Barium II,4.150684027540065e-05,kg,False
"Heat, waste",1.7569668686083517,MJ,False
Calcium II,0.03260852475780558,kg,False
Sodium I,0.00023033320514524134,kg,False
Aluminium III,0.0019193894792516582,kg,False
Potassium I,0.004590329951629967,kg,False
Boron,7.386093861753368e-06,kg,False
"1,1,1-Trichloroethane",1.0300589156359534e-06,kg,False
Vinyl chloride,1.3214811067281109e-05,kg,False
"1,1,1-Trichloroethane",1.281665101807293e-06,kg,False
"Transformation, from permanent crop",0.002379223356731553,m2,True
Sulfuric acid,1.2996045561260072e-06,kg,False
Hydrogen sulfide,0.0028104133996519503,kg,False
Arsenic ion,5.154230768492455e-06,kg,False
Antimony ion,3.3133462637735894e-07,kg,False
Bromine,1.7708985847882157e-05,kg,False
"Particulate Matter, > 2.5 um and < 10um",0.009617918325457074,kg,False
Barium II,1.996109420823043e-05,kg,False
Vanadium V,7.095228988068835e-05,kg,False
Cadmium II,1.1280136784681052e-06,kg,False
"Particulate Matter, < 2.5 um",0.006411998204658941,kg,False
Bromine,7.002501446336446e-07,kg,False
Mercury II,2.246494517613842e-07,kg,False
Titanium ion,3.416265414609997e-05,kg,False
Vanadium V,1.899872982952451e-05,kg,False
Mercury II,6.510451189759162e-07,kg,False
Hydrochloric acid,0.0002881060605010942,kg,False
Strontium II,1.1153538992141226e-05,kg,False
Manganese II,6.877170644779848e-05,kg,False
Fluoride,0.000598926495149792,kg,False
Zinc II,4.0121566308921934e-05,kg,False
Copper ion,4.272146302485684e-05,kg,False
Aluminium III,0.00023018883765343987,kg,False
Antimony ion,1.621332780721263e-05,kg,False
Cadmium II,2.1273925874520364e-05,kg,False
Cobalt II,2.5540679413869394e-06,kg,False
Zinc II,0.0010149811391488434,kg,False
Nickel II,6.847982747110081e-06,kg,False
Nitrate,0.0003634381968496829,kg,False
Copper ion,0.0004156934571512925,kg,False
Cobalt II,6.581637044275972e-06,kg,False
Manganese II,0.000618893863923129,kg,False
Strontium II,0.0001313442506306879,kg,False
Hydrogen fluoride,9.014164058293009e-07,kg,False
Aluminium III,0.0030413685786581757,kg,False
Sodium I,7.215493212366395e-05,kg,False
Lead II,3.583861320231443e-05,kg,False
Thallium I,4.061466018595606e-09,kg,False
Beryllium II,1.2490552969238263e-07,kg,False
Beryllium II,3.666231876041426e-07,kg,False
Barium II,0.005726020464843687,kg,False
Chloride,0.044489924933345866,kg,False
Titanium ion,0.00019531448993132336,kg,False
Nitrogen,0.0009236171177573555,kg,False
Nickel II,6.64050339397523e-05,kg,False
Selenium IV,1.4413662059452125e-06,kg,False
Sulfur,0.05175728731132965,kg,False
"Particulate Matter, > 10 um",0.016029875751871772,kg,False
Aluminium III,0.018134960634630562,kg,False
Thallium I,2.1609626917000507e-09,kg,False
Selenium IV,7.007442704385739e-07,kg,False
Titanium ion,0.0002093887956557186,kg,False
Sodium I,0.0002619445781212546,kg,False
Arsenic ion,1.5213282994499057e-05,kg,False
Thallium I,1.0835189314063313e-07,kg,False
Chromium III,0.00019361194925499264,kg,False
Nitrate,0.00010712369408228023,kg,False
Sodium I,0.026243650038017343,kg,False
Tin ion,1.8267592823980688e-06,kg,False
Lead II,0.0003593164144364618,kg,False
Chromium III,2.367344129476819e-08,kg,False
Sulfate,0.0027190730353392452,kg,False
Iron ion,0.0035469460645614534,kg,False
Tin ion,5.484737285459885e-05,kg,False
Carbon,0.13951685391545338,kg,False
Iron ion,0.03220714214379552,kg,False
Gold,0.009120572613799841,kg,True
Lead,0.5266275115441748,kg,True
Calcium II,0.00038043952890478655,kg,False
Strontium,0.0008485288841598314,kg,True
"Chlorinated solvents, unspecified",5.102228708715204e-10,kg,False
Cadmium II,0.00021659025371831034,kg,False
Methylchloride,8.60253438429525e-11,kg,False
Dichloroethylene,2.6365815647992035e-07,kg,False
"Clay, unspecified",10.858077197149948,kg,True
Titanium ion,9.557954286178515e-05,kg,False
Lithium carbonate,6.501115973975893e-08,kg,False
Ethylene diamine,2.705239115701446e-06,kg,False
Zinc,2.399034822329227,kg,True
Manganese,0.6104675323352541,kg,True
"Hydrocarbons, chlorinated",5.887399900396851e-05,kg,False
Butyl acrylate,3.0287125191033706e-07,kg,False
Pentachlorobenzene,2.3460613349390458e-07,kg,False
Arsenic,0.00012175406624152023,kg,True
Cobalt II,7.687971407059968e-07,kg,False
Acetone,8.506252103933668e-05,kg,False
"Nitrogen, organic bound",8.264591243033552e-06,kg,False
Bisphenol A,0.0004011503936618708,kg,False
Formic acid,2.5639401652314678e-08,kg,False
Styrene,0.00027174159226831446,kg,False
Methacrylamide sulfate,1.072532251822519e-05,kg,False
Methyl acetate,7.754485492134105e-05,kg,False
"1,1-Difluoroethane",1.005284436135318e-08,kg,False
Sulfuric acid,0.003105586845470822,kg,False
Sodium,0.0004491679264047842,kg,True
Butatriene,7.997463434819425e-10,kg,False
Acrylate,1.1810496983396248e-07,kg,False
Zinc II,0.07605122138115397,kg,False
Vinyl chloride,1.0192499019887875e-07,kg,False
Mercury II,6.820992294834871e-07,kg,False
Chromium,0.679755962105214,kg,True
Nickel,0.6795185232184167,kg,True
Platinum,1.5997293624133595e-09,kg,False
Trichloroethylene,2.3052281272052245e-05,kg,False
Tetrachloroethylene,3.143668324795418e-09,kg,False
Fluoride,0.003592085777043083,kg,False
Pentachlorobenzene,2.260439722019304e-12,kg,False
"Hydrocarbons, aromatic",3.485593412075253e-10,kg,False
Acetaldehyde,4.4493379249196354e-05,kg,False
Ethyl benzene,0.0002296805638723963,kg,False
Tetrachloroethylene,1.7170129086117984e-08,kg,False
Magnesium,0.35481556311895773,kg,True
Tributyltin compounds,7.788228031620819e-10,kg,False
Polychlorinated biphenyls,1.8393457598050742e-10,kg,False
Boron,0.024102598673445934,kg,True
Polychlorinated biphenyls,4.752331527988425e-08,kg,False
Pentachlorophenol,2.0496968530444035e-08,kg,False
"VOC, volatile organic compounds",2.90137414970346e-06,kg,False
Silicon,0.30981958604360144,kg,True
Iron ion,0.00042299149950202736,kg,False
Copper,3.3491231849657663,kg,True
Isobutanol,1.0888427458627918e-06,kg,False
Cobalt,0.005848148653426752,kg,True
Furan,2.263113450310107e-14,kg,False
"Transformation, from unspecified, natural (non-use)",0.0002423320544074879,m2,True
Monochloroethane,7.695522577387278e-08,kg,False
Butadiene,1.0449828626187275e-06,kg,False
Hydrogen cyanide,0.004159482438262583,kg,False
Hydrogen sulfide,3.3673056363903022e-06,kg,False
Butene,0.003933102783057438,kg,False
Sulfite,3.093460347915522e-06,kg,False
"Dioxins, measured as 2,3,7,8-tetrachlorodibenzo-p-dioxin",9.568024151065863e-10,kg,False
Phosphorus,3.210528667841655e-07,kg,False
Lithium I,1.2098048225998607e-08,kg,False
Epichlorohydrin,2.671477182769894e-06,kg,False
Hydroxide,0.006441507740013315,kg,False
Ethylene dichloride,1.106661719605956e-07,kg,False
Ethylene dichloride,2.2828861949689675e-05,kg,False
Trichloroethylene,1.0822047130351618e-09,kg,False
Methyl methacrylate,8.258618371048167e-07,kg,False
Cyclopropene,3.0145681643073934e-06,kg,False
Silver I,2.6762786561128996e-09,kg,False
Acetone cyanohydrin,1.7488504020782778e-05,kg,False
"Suspended solids, unspecified",0.04381044121366969,kg,False
Sulfur trioxide,0.0003673565229352702,kg,False
Acetone cyanohydrin,5.69569899700107e-06,kg,False
Arsenic ion,5.0480665357449405e-05,kg,False
Dichlorofluoromethane,1.0231120913788187e-09,kg,False
Styrene,0.0008625978712837736,kg,False
Propanol,0.0005755671699856511,kg,False
"1,1,2-Trichloroethane",1.2799275842757662e-07,kg,False
Sulfuric acid,9.27092180771512e-05,kg,False
Ethyl acrylate,0.0,kg,False
"Hydrocarbons, unspecified",5.477617267406796e-09,kg,False
Silver,0.05127762500134806,kg,True
Benzo(a)pyrene,9.84574422422298e-13,kg,False
Hexachlorobenzene,1.3145225989714958e-07,kg,False
Acrylate,0.0009255064542848634,kg,False
Sulfur,0.9339160994371593,kg,True
Nickel II,0.002858755539077179,kg,False
Copper ion,0.012647210449798985,kg,False
Hexachloroethane,6.163542583193785e-11,kg,False
Calcium,0.30126222744662706,kg,True
Silver I,2.1329655397885504e-08,kg,False
Ethanol,0.00017057293703536837,kg,False
Ammonium bisulfate,1.1353170939364663e-05,kg,False
Epichlorohydrin,2.671477182769894e-06,kg,False
Ethylene oxide,1.9398588821955654e-07,kg,False
Monochloroethane,5.273862918253618e-10,kg,False
Hexane,0.00018201798568397615,kg,False
"Transformation, to river, artificial",0.016549234166629928,m2,True
"Occupation, river, artificial",1.4187693442206673,m2*a,True
"Occupation, urban, discontinuously built",0.015117459881125023,m2*a,True
"Transformation, to urban, discontinuously built",0.00030959272235972247,m2,True
"Carbon dioxide, to soil or biomass stock",0.006543618513192128,kg,False
"Transformation, from annual crop, non-irrigated, extensive",0.0039041366713880674,m2,True
"Transformation, to annual crop, non-irrigated, extensive",0.004259906543064511,m2,True
"Occupation, annual crop, non-irrigated, extensive",0.0027496021079702567,m2*a,True
Carbonate,4.284981513192837e-05,kg,False
S-Metolachlor,2.9160805237907935e-07,kg,False
Methomyl,6.194136770627703e-07,kg,False
"Occupation, annual crop, non-irrigated",0.03413759128599811,m2*a,True
"Transformation, to annual crop, irrigated",0.1395389177144999,m2,True
Atrazine,1.7391508548746568e-05,kg,False
"Occupation, annual crop, irrigated",0.08380614375660186,m2*a,True
"Transformation, from annual crop, irrigated",0.1395389177144999,m2,True
Chlorpyrifos,1.2433907396583506e-05,kg,False
Lambda-cyhalothrin,4.894255439735979e-08,kg,False
Beta-cyfluthrin,3.8738101818023487e-08,kg,False
"Transformation, from annual crop, non-irrigated",0.03529635323437913,m2,True
Mancozeb,1.427072611843539e-05,kg,False
"Transformation, to annual crop, non-irrigated",0.035309416951622034,m2,True
Imidacloprid,5.8402784248219274e-08,kg,False
Azoxystrobin,3.109069725357994e-10,kg,False
Pyraflufen-ethyl,0.0,kg,False
Bentazone,1.5676214846466218e-10,kg,False
Sethoxydim,0.0,kg,False
Carboxin,0.0,kg,False
Pyraclostrobin,2.635657846686758e-11,kg,False
MCPA,9.283452468642411e-07,kg,False
Sethoxydim,7.213386093310444e-09,kg,False
Clethodim,1.4507980552027046e-05,kg,False
Flumioxazin,2.902790665546329e-11,kg,False
Carboxin,0.0,kg,False
Trifloxystrobin,2.313986431683078e-11,kg,False
Glyphosate,4.905651084585159e-08,kg,False
Thiram,9.585139699611913e-12,kg,False
Penflufen,0.0,kg,False
Ethaboxam,0.0,kg,False
Metalaxyl-M,5.053175656908535e-11,kg,False
Trifluralin,0.0,kg,False
Phosphorus,0.0007841857864007638,kg,False
Dimethoate,0.0,kg,False
Pyraclostrobin,2.6797470157547284e-08,kg,False
Ethalfluralin,0.0,kg,False
Clethodim,0.0,kg,False
Fluxapyroxad,9.721984514152518e-11,kg,False
MCPA,3.327798028831497e-11,kg,False
Imidacloprid,5.229438048800346e-06,kg,False
Pyroxasulfone,0.0,kg,False
Saflufenacil,0.0,kg,False
Thiamethoxam,3.861576319298833e-09,kg,False
Diquat dibromide,1.294639568357034e-07,kg,False
Quizalofop-ethyl,0.0,kg,False
Propiconazole,5.462013244787765e-12,kg,False
Pyraclostrobin,1.5035807224916656e-06,kg,False
Carfentrazone-ethyl,0.0,kg,False
Chlorpyrifos,3.6459430896146525e-08,kg,False
Nitrate,2.6385154503385413e-05,kg,False
Imazamox,0.0,kg,False
Quizalofop-ethyl,6.81340118657097e-11,kg,False
Dimethoate,2.7206817639748075e-06,kg,False
Deltamethrin,1.4447196392742656e-12,kg,False
Thiamethoxam,3.0854263954387794e-06,kg,False
Imazethapyr,5.223181145410259e-08,kg,False
Diquat dibromide,1.4682858732458155e-12,kg,False
Trifluralin,6.184173480825398e-06,kg,False
Sulfentrazone,3.7725974932117216e-08,kg,False
Tribenuron-methyl,0.0,kg,False
Trifluralin,3.089384104723694e-09,kg,False
Sethoxydim,0.0,kg,False
Pyroxasulfone,3.0789431896531455e-08,kg,False
Chlorantraniliprole,5.760425414831883e-11,kg,False
Ethalfluralin,2.6375182702915106e-09,kg,False
Imazamox,2.0287162880426298e-10,kg,False
Saflufenacil,2.3803760957852145e-09,kg,False
Quizalofop-ethyl,0.0,kg,False
Tribenuron-methyl,1.8964786061363898e-09,kg,False
Clethodim,1.618647364441915e-06,kg,False
Tribenuron-methyl,0.0,kg,False
Ethaboxam,0.0,kg,False
Penflufen,0.0,kg,False
Imazethapyr,0.0,kg,False
Sulfentrazone,1.543983846999751e-06,kg,False
Fludioxonil,2.8226784576511482e-14,kg,False
Permethrin,0.0,kg,False
Sulfentrazone,1.4941699316552017e-05,kg,False
Metalaxyl-M,3.600497424771516e-10,kg,False
Pyraflufen-ethyl,3.6343447091257547e-06,kg,False
Permethrin,0.0,kg,False
Diquat dibromide,9.521547823322926e-07,kg,False
Prothioconazole,7.286410258193641e-12,kg,False
Sedaxane,0.0,kg,False
Sedaxane,0.0,kg,False
Thiram,9.653123570520104e-10,kg,False
Thiamethoxam,4.35174383567136e-08,kg,False
Chlorpyrifos,1.585273292800223e-11,kg,False
Deltamethrin,6.505848263920123e-10,kg,False
Chlorantraniliprole,2.3810542701518107e-08,kg,False
Flumioxazin,1.2606317563004532e-07,kg,False
Imazamox,2.509560073041112e-08,kg,False
Imidacloprid,7.276211015654755e-09,kg,False
MCPA,5.021934508150167e-09,kg,False
Metalaxyl-M,1.077689110974838e-05,kg,False
Ethalfluralin,0.0,kg,False
Benzovindiflupyr,0.0,kg,False
Dimethoate,0.0,kg,False
Lambda-cyhalothrin,1.1470625536925642e-08,kg,False
Lambda-cyhalothrin,1.6963107172427738e-13,kg,False
Thiram,4.355113217790019e-08,kg,False
Imazethapyr,4.79797747336139e-10,kg,False
Deltamethrin,0.0,kg,False
Permethrin,1.025182735381889e-08,kg,False
Metribuzin,0.0,kg,False
Flumioxazin,1.3323849069773584e-09,kg,False
"Energy, solar, converted",6.295421280676694,MJ,True
Methyl ethyl ketone,0.0018159945098059412,kg,False
Furfural,6.962613220755527e-09,kg,False
"Hydrocarbons, unspecified",0.00030800015976437296,kg,False
Tungsten,2.2247167109409715e-08,kg,False
Scandium,4.6181083752954075e-09,kg,False
Molybdenum VI,1.0846058919989274e-06,kg,False
Calcium II,0.053317615333188476,kg,False
Potassium I,0.005062540188947052,kg,False
Potassium I,7.724776317698099e-05,kg,False
Silicon,0.0010787240759702029,kg,False
Magnesium,0.010885302633149574,kg,False
Scandium,2.94719357746083e-08,kg,False
Phosphorus,3.6089316206012653e-06,kg,False
Silver I,1.019202046878914e-06,kg,False
Polychlorinated biphenyls,2.2294775050938032e-07,kg,False
"Dioxins, measured as 2,3,7,8-tetrachlorodibenzo-p-dioxin",6.716029472280473e-11,kg,False
Phosphorus,0.0009560614091613542,kg,False
Silicon,0.02426623289739163,kg,False
Kieserite,0.000301037324287676,kg,True
Ozone,2.5800979597359276e-07,kg,False
Benzo(a)pyrene,2.6000610794662117e-11,kg,False
Hexachlorobenzene,3.130559073511657e-12,kg,False
Chlorodifluoromethane,1.2928049115030868e-06,kg,False
Benzo(b)fluoranthene,3.2792259862392516e-06,kg,False
Fluorene,6.558451297074432e-06,kg,False
Thorium,2.6728553550439828e-08,kg,False
Uranium,9.95277632590989e-10,kg,False
"Dibenz(a,h)anthracene",9.171928577155184e-07,kg,False
Naphthalene,4.8415876931043545e-05,kg,False
Benzo(k)fluoranthene,1.600659686904209e-06,kg,False
Benz(a)anthracene,4.1185093497877664e-06,kg,False
Fluoranthene,1.493357128971575e-05,kg,False
Anthracene,1.0131612751651165e-05,kg,False
Pentachlorobenzene,3.4389074820013105e-12,kg,False
Chrysene,2.8896798662123474e-06,kg,False
"Indeno(1,2,3-cd)pyrene",4.334519799318522e-06,kg,False
Pentachlorophenol,1.1501835579405352e-06,kg,False
Phenanthrene,4.320004951920234e-05,kg,False
Pyrene,9.136494537426879e-06,kg,False
Acenaphthylene,1.0581334470533058e-05,kg,False
Benzo(ghi)perylene,4.334519799318522e-06,kg,False
Zirconium,9.72524304180471e-08,kg,False
Bromochlorodifluoromethane,1.5159555680410728e-07,kg,False
Ethanol,5.553539478265165e-06,kg,False
Helium,0.00483157549622486,kg,False
"Radioactive species, other beta emitters",7.566209987166694e-09,kBq,False
Chlorine,2.147365655769252e-05,kg,False
"Nitrogen, organic bound",0.00274864313214258,kg,False
Nitrite,9.153092849301054e-05,kg,False
Myclobutanil,1.833750312008924e-08,kg,False
"Transformation, from permanent crop, irrigated",0.030496839342374057,m2,True
"Transformation, to permanent crop, irrigated",0.030496839342374057,m2,True
"Occupation, permanent crop, irrigated",0.46517213102426486,m2*a,True
Ozone,0.01054899438394087,kg,False
"Transformation, from mineral extraction site",0.7222149491731881,m2,True
Fluorine,0.042977435570319425,kg,True
"Oils, unspecified",0.22665345997480937,kg,False
"Solids, inorganic",0.6485699367735536,kg,False
Thallium I,7.670204147441107e-08,kg,False
Polychlorinated biphenyls,4.7269916529522116e-08,kg,False
Europium,6.756878376705278e-06,kg,True
Cadmium II,7.03824761331129e-08,kg,False
Samarium,2.8542170685812417e-05,kg,True
Tetrafluoromethane,0.0002154625928371895,kg,False
2-Chlorophenol,5.655675500314407e-10,kg,False
Indium,3.830868418126961e-05,kg,True
Neodymium,0.0005921801637900644,kg,True
Nitric acid,1.7412547533408052e-07,kg,False
Gallium,0.00073122433347212,kg,True
"Transformation, from forest, extensive",0.040844131974954186,m2,True
"Pesticides, unspecified",8.131507318820883e-07,kg,False
Chloro-fluoromethane,4.647080036091671e-07,kg,False
Bromate,2.960756590448579e-07,kg,False
Cadmium,0.0002778266926537795,kg,True
Allyl chloride,1.732298822542445e-07,kg,False
Carbon-14,0.04949581521393501,kBq,False
Praseodymium,0.00019768186415190824,kg,True
Allyl alcohol,0.0,kg,False
Carbonate,0.026712788618308062,kg,False
Cerium,0.0016261097715338886,kg,True
Allyl alcohol,0.0,kg,False
Hafnium,0.00021704917182462934,kg,True
Nitric oxide,6.041446764569511e-06,kg,False
Titanium,0.08042932907121467,kg,True
Barium,1.633529566812799,kg,True
Carnallite,0.019646712790124022,kg,True
"Transformation, from heterogeneous, agricultural",1.3412895012918834e-05,m2,True
Lead II,5.8719907095396344e-08,kg,False
Argon,3.9878391651237375e-05,kg,False
Nickel II,4.836412760614869e-07,kg,False
Thorium-232,0.00012171311125480682,kBq,False
Sulfate,4.4103585910501365e-05,kg,False
Ammonia,2.1527006853889986e-06,kg,False
Cyanide,0.020606418523893777,kg,False
"1,1,1,2-Tetrafluoroethane",1.8602069310933307e-05,kg,False
Zirconium,0.011922638781708997,kg,True
Copper ion,-9.675175106941992e-07,kg,False
Difluoromethane,6.916361517356757e-07,kg,False
Lanthanum,0.0007982610752453463,kg,True
Nitrogen dioxide,9.429860763539005e-08,kg,False
Gadolinium,2.2990124732034385e-05,kg,True
Niobium,0.0006629529494797606,kg,True
Dissolved solids,1.5492573548692803e-06,kg,False
Lead II,4.021938216857802e-05,kg,False
Hexafluoroethane,7.373036044347275e-06,kg,False
Manganese II,0.00013016320767379738,kg,False
Allyl chloride,0.0,kg,False
Nitrate,0.00038458125894300815,kg,False
Ammonium,0.004361060436349635,kg,False
Chlorate,0.0024059399119686618,kg,False
Mercury,1.2368864919451244e-06,kg,True
Zinc II,-3.0457604985443243e-06,kg,False
Radium-226,2.304997228744835e-05,kBq,False
Hydroxide,0.00867114907455649,kg,False
"Aldehydes, unspecified",2.33255903878076e-07,kg,False
Scandium,2.6543988865878175e-06,kg,True
Potassium,0.15407981326439943,kg,True
Vanadium,2.4016678191895497e-05,kg,True
"Hydrocarbons, unspecified",3.8697456291442326e-05,kg,False
Uranium-238,1.5524917152901527e-05,kBq,False
"Transformation, from urban, continuously built",1.25859015897391e-08,m2,True
Chromium III,8.03684924476e-07,kg,False
Methyl acrylate,3.0431808068596215e-05,kg,False
Methyl acrylate,0.0015215899773846683,kg,False
Clomazone,5.808700079507571e-09,kg,False
Deltamethrin,1.9023650680680326e-14,kg,False
Imazamox,9.642576487764955e-14,kg,False
Clomazone,1.9194753115677094e-10,kg,False
Clethodim,1.1020781124929332e-12,kg,False
Propaquizafop,2.2521376813954232e-12,kg,False
Pirimicarb,1.962018870502393e-11,kg,False
Clethodim,4.427471789792594e-08,kg,False
Propaquizafop,2.0239879035938216e-11,kg,False
Clomazone,8.38085536154028e-14,kg,False
S-Metolachlor,2.9145089531074153e-10,kg,False
Pirimicarb,2.6919680566863393e-13,kg,False
Cycloxydim,9.40135750856973e-14,kg,False
Fluazifop-P-butyl,1.6205824528845047e-08,kg,False
Deltamethrin,6.55987954506216e-16,kg,False
Napropamide,4.1390245800514786e-12,kg,False
Cycloxydim,1.9833828683523388e-10,kg,False
Dimethenamid-P,1.0528841995611278e-12,kg,False
Napropamide,2.3463430137952284e-10,kg,False
Tepraloxydim,1.0869426658794284e-14,kg,False
Pethoxamid,1.1238135472836157e-12,kg,False
S-Metolachlor,8.278418367009613e-14,kg,False
Propaquizafop,2.838142673319533e-14,kg,False
Lambda-cyhalothrin,1.3696751245599579e-15,kg,False
Dimethenamid-P,1.0865040744635781e-09,kg,False
Pirimicarb,2.993514188989363e-07,kg,False
Pirimicarb,9.2826484713322e-15,kg,False
Lambda-cyhalothrin,7.319853991581301e-10,kg,False
Imazamox,2.796347181451848e-12,kg,False
Fluazifop-P-butyl,1.8115613879109498e-12,kg,False
S-Metolachlor,2.4007413264327843e-12,kg,False
Clomazone,2.4304480548466944e-12,kg,False
Fluazifop-P-butyl,6.246763406589472e-14,kg,False
Dimethenamid-P,3.053364178727261e-11,kg,False
Cycloxydim,1.7842239042568634e-09,kg,False
Cycloxydim,2.726393677485227e-12,kg,False
Pethoxamid,1.1386436469229388e-09,kg,False
Pethoxamid,1.0214078415887944e-08,kg,False
Propaquizafop,9.786698873515683e-16,kg,False
Napropamide,1.1035055037106871e-07,kg,False
Napropamide,1.4272498551901656e-13,kg,False
Tepraloxydim,2.059692278762837e-10,kg,False
Pethoxamid,3.2590592871224736e-11,kg,False
Tepraloxydim,2.2906398691642872e-11,kg,False
Tepraloxydim,3.15213373105034e-13,kg,False
Dimethenamid-P,6.578692321658347e-08,kg,False
Fluazifop-P-butyl,1.3750694218801363e-10,kg,False
Tributyltin compounds,5.692985078775811e-08,kg,False
Diphenyltin,1.4591595943035907e-13,kg,False
Dibutyltin,2.3039362015319852e-15,kg,False
Trioctyltin,1.0239716451253268e-13,kg,False
Tin ion,9.983723539971935e-13,kg,False
Triphenyltin,4.351879491782638e-14,kg,False
Phenyltin,4.351879491782638e-16,kg,False
Monobutyltin (III),3.967890124860641e-13,kg,False
Glycidyl methacrylate,0.0,kg,False
Methacrylic acid,0.0,kg,False
Diethylamine,4.3937564017670027e-08,kg,False
Diethylamine,1.8307056318924668e-08,kg,False
Propylene oxide,1.4405540965025168e-05,kg,False
Dichlorvos,3.5739937335591847e-11,kg,False
Hexaconazole,7.165696885502349e-07,kg,False
Zineb,2.052429344165375e-07,kg,False
Propineb,0.0,kg,False
Buprofezin,1.3587476321476432e-08,kg,False
Oxyfluorfen,1.2202656031241387e-06,kg,False
Metalaxil,9.144001212965446e-07,kg,False
Abamectin,4.719129798744866e-08,kg,False
Cymoxanil,1.4012783494334129e-08,kg,False
Dimethomorph,3.049141938614667e-09,kg,False
Ziram,0.0,kg,False
Fosetyl,6.129856891258069e-09,kg,False
Diphenylether compounds,0.0,kg,False
Bromine,0.0,kg,False
Epoxiconazole,2.7071609987937466e-11,kg,False
Imidacloprid,1.299433600426332e-10,kg,False
Trifloxystrobin,8.630727562373189e-11,kg,False
Tebuconazole,1.040224223918704e-09,kg,False
Azoxystrobin,1.1010651155023729e-10,kg,False
Metolachlor,8.215360712570702e-12,kg,False
Metolachlor,1.9466297381439605e-10,kg,False
Cyproconazole,1.9871064978582454e-10,kg,False
Teflubenzuron,4.664577320730115e-10,kg,False
"2,4-D",3.8306199053632855e-08,kg,False
Thiodicarb,2.6233941940601467e-07,kg,False
Teflubenzuron,4.5159970417394906e-08,kg,False
Atrazine,8.608658768454009e-07,kg,False
Thiodicarb,7.606911907401262e-10,kg,False
Fluxapyroxad,1.3396875309289795e-13,kg,False
Lufenuron,1.7990568924541047e-10,kg,False
Epoxiconazole,4.325069218023066e-12,kg,False
Diquat dibromide,2.568424773451328e-10,kg,False
Pyraclostrobin,1.2286839388252415e-09,kg,False
Teflubenzuron,8.759430953205793e-09,kg,False
"Occupation, annual crop, non-irrigated, intensive",0.12306274911992833,m2*a,True
Glyphosate,1.7628487508265413e-08,kg,False
Metolachlor,3.927724755709009e-06,kg,False
Atrazine,3.85841372087997e-08,kg,False
Arsenic ion,0.00021635457705375527,kg,False
Nicosulfuron,1.508428408133113e-09,kg,False
Metolachlor,6.163850536054915e-09,kg,False
Atrazine,1.71713349636728e-09,kg,False
Beta-cyfluthrin,5.235489923429297e-14,kg,False
Metolachlor,1.2157801002469992e-09,kg,False
Thiodicarb,1.1856255240632004e-10,kg,False
Beta-cyfluthrin,7.834297951220706e-11,kg,False
Atrazine,2.8548202649888868e-08,kg,False
Beta-cyfluthrin,4.854318580424791e-12,kg,False
Mesotrione,3.347524977491656e-12,kg,False
Methomyl,1.3785852948286257e-10,kg,False
Thiodicarb,3.0443851983697756e-08,kg,False
Beta-cyfluthrin,2.0608466998113145e-09,kg,False
Teflubenzuron,2.1738548022737963e-11,kg,False
Cyproconazole,3.565242827038432e-11,kg,False
Imidacloprid,6.341319182291001e-09,kg,False
"Transformation, to annual crop, non-irrigated, intensive",0.19904072066554726,m2,True
"Pesticides, unspecified",1.4786202408614308e-10,kg,False
Tebuconazole,1.1054228746149771e-10,kg,False
Pyraclostrobin,3.374744255196612e-11,kg,False
Lufenuron,2.4119665808779268e-08,kg,False
Diquat dibromide,5.425979308379324e-09,kg,False
Methomyl,1.5027627073060237e-09,kg,False
Thiodicarb,1.1278904118929303e-09,kg,False
Methomyl,4.173187881421787e-09,kg,False
"2,4-D",3.935454662940027e-10,kg,False
"Transformation, from annual crop, non-irrigated, intensive",0.08883711252761009,m2,True
Nicosulfuron,8.9993788957092e-12,kg,False
Methomyl,1.0825562426971874e-07,kg,False
o-Nitrotoluene,0.0,kg,False
o-Toluidine,0.0,kg,False
Sulfur,0.00013318016359882394,kg,False
Triethylene glycol,5.056584220236535e-07,kg,False
Chlorpyrifos,1.07418760241511e-12,kg,False
Imidacloprid,3.5877076133149355e-14,kg,False
Nitrogen,8.27337765793898e-06,kg,False
Triclopyr,4.723941301284486e-10,kg,False
Triclopyr,5.87343368459704e-11,kg,False
Triclopyr,1.450023679673938e-06,kg,False
Butadiene,7.45696516838515e-09,kg,False
Imidacloprid,3.106240357848426e-13,kg,False
"Occupation, cropland fallow (non-use)",0.0004161828522718303,m2*a,True
Trifluralin,3.8445244253587805e-10,kg,False
Cypermethrin,2.566508437131679e-06,kg,False
"Transformation, from seabed, unspecified",0.01567437746945688,m2,True
"Transformation, to seabed, infrastructure",0.00014355841785272376,m2,True
"Occupation, seabed, infrastructure",0.005875623057561973,m2*a,True
Maleic anhydride,5.393133747193223e-06,kg,False
Hydrogen,0.07621042887639425,kg,False
"Transformation, to arable land, unspecified use",0.0739178028668923,m2,True
Argon,1.5331934109267928,kg,True
Methiocarb,3.2203449061606325e-17,kg,False
Rimsulfuron,8.711076171726752e-17,kg,False
Methiocarb,3.9102393378194965e-13,kg,False
Pyrimethanil,1.3700108628856627e-13,kg,False
Foramsulfuron,3.287391508169848e-14,kg,False
Dimethachlor,8.586129144263109e-15,kg,False
Foramsulfuron,1.3727287164580787e-11,kg,False
Dimethachlor,2.489977451836304e-13,kg,False
Metalaxyl-M,2.641688905583713e-11,kg,False
Rimsulfuron,2.5262120898007528e-15,kg,False
Foramsulfuron,1.1335832786792612e-15,kg,False
Methiocarb,4.626118084538507e-09,kg,False
Pyrimethanil,1.8664353947318026e-11,kg,False
Sulcotrione,2.4831446889802674e-13,kg,False
Sulcotrione,5.930605984119178e-16,kg,False
Atrazine,3.638861666812495e-11,kg,False
Dimethachlor,5.4488249675284934e-11,kg,False
Sulcotrione,2.2342167091183603e-12,kg,False
Sulcotrione,2.045036546247997e-17,kg,False
Methiocarb,9.339000227865778e-16,kg,False
Pyrimethanil,3.2720584739967844e-16,kg,False
Metalaxyl-M,6.686291362294355e-16,kg,False
Rimsulfuron,8.788886757046563e-09,kg,False
Pyrimethanil,1.1282960255161326e-17,kg,False
Dimethachlor,3.822390253045004e-09,kg,False
Rimsulfuron,1.0577249864219616e-12,kg,False
Foramsulfuron,3.429357954533706e-10,kg,False
"1,1,1,2-Tetrafluoroethane",1.1290788134261594e-05,kg,False
Copper ion,0.0001402449444072799,kg,False
Zinc II,0.00013179908928959792,kg,False
Lead II,2.6369527239981733e-05,kg,False
Chromium III,3.633876917283746e-05,kg,False
Cadmium II,3.3599996285461327e-07,kg,False
Nickel II,2.241703816024716e-05,kg,False
Diethanolamine,2.2452013087716924e-08,kg,False
Decanoic acid,3.188441354191811e-08,kg,False
Fluazifop,0.0,kg,False
Acetamiprid,3.6894487730756315e-07,kg,False
Oryzalin,3.852198155048435e-09,kg,False
Glufosinate,1.9233677781533398e-07,kg,False
"1-Chloro-1,1-difluoroethane",8.713701286108265e-07,kg,False
Vinylidene fluoride,5.459981939570215e-08,kg,False
Formaldehyde,9.353194228116602e-06,kg,False
Cyhalothrin,1.6627456234790174e-10,kg,False
Manganese carbonate,0.0,kg,False
"Transformation, from permanent crop, irrigated, intensive",4.407564191128701e-05,m2,True
Propamocarb,1.0033488784869426e-12,kg,False
Tin ion,6.345698369072645e-06,kg,False
Tungsten,1.1601798653687112e-06,kg,False
Ethylene diamine,8.1205923263366e-08,kg,False
Chloroacetic acid,1.6739976517414876e-20,kg,False
Mercury II,4.2719848453176365e-14,kg,False
Halosulfuron-methyl,5.254146811905274e-11,kg,False
Picloram,1.0136372412920746e-13,kg,False
"Discarded fish, pelagic, to ocean",1.2142821741643183e-06,kg,False
"Transformation, from grassland, natural, for livestock grazing",0.015633063680156524,m2,True
Ammonium sulfate,9.76553876249647e-09,kg,False
Spirotetramat,3.413524533573564e-13,kg,False
Isopropylamine,3.5286716211983076e-17,kg,False
Propargite,1.6018111281294184e-07,kg,False
Thiobencarb,8.727602018723972e-09,kg,False
Butyl acetate,7.95231504838396e-17,kg,False
Toluene,0.0002973298616986307,kg,False
Fenbuconazole,9.080140730822613e-10,kg,False
"Transformation, to dump site, inert material landfill",0.0070924631613964225,m2,True
Caesium I,4.751337158416146e-06,kg,False
Radium-226,15.610422015971968,kBq,False
Phosphorus,0.0004283154570273701,kg,False
Phosphoric acid,1.3027329489609405e-10,kg,False
Pirimiphos methyl,1.3008538927162771e-07,kg,False
Metsulfuron-methyl,2.0997683177661758e-13,kg,False
Novaluron,6.3252988824991286e-09,kg,False
Beryllium,1.7593085645713587e-16,kg,True
Imazethapyr,9.188809572596701e-11,kg,False
Butene,4.093555824245489e-08,kg,False
Tetrachloroethylene,0.0005023342400563456,kg,False
Imazethapyr,1.136554421676232e-11,kg,False
Etofenprox,1.3331533282210978e-12,kg,False
"Transformation, to dump site, residual material landfill",3.850134257799651e-05,m2,True
Uranium-238,0.00039036594075639807,kBq,False
Bifenthrin,1.2278232637750928e-16,kg,False
Metosulam,5.578665643012382e-11,kg,False
Thiophanate-methyl,3.049094073840598e-11,kg,False
Acetamide,6.144218517091952e-09,kg,False
2-Aminopropanol,6.5900018907151586e-09,kg,False
m-Xylene,3.985495395120224e-09,kg,False
Etofenprox,2.2504472105116425e-16,kg,False
Benthiavalicarb,1.0747177046579583e-16,kg,False
"Transformation, to forest, secondary (non-use)",5.862440367538542e-10,m2,True
Gamma-cyhalothrin,1.081840742418796e-10,kg,False
Carbaryl,9.364930369479548e-13,kg,False
Tebuthiuron,1.89890484622107e-08,kg,False
Benalaxyl-M,1.9156419333039118e-11,kg,False
Dodecanol,2.98216340759978e-17,kg,False
Lenacil,1.0935871030373694e-09,kg,False
Quizalofop-p-ethyl,4.697328341451774e-08,kg,False
Chlorsulfuron,2.916071115486024e-10,kg,False
"Pesticides, unspecified",1.1998009627129424e-11,kg,False
"Hydrocarbons, aromatic",1.6587372878000867e-06,kg,False
Polonium-210,0.22681188129239319,kBq,False
"Transformation, from seabed, infrastructure",2.3391774110686536e-05,m2,True
Fluthiacet-methyl,7.086777617312635e-10,kg,False
tert-Butanol,1.40435090496747e-06,kg,False
"Aldehydes, unspecified",2.6394586791127757e-06,kg,False
Xenon-135m,13.177804485048224,kBq,False
Bifenthrin,7.862426347894214e-09,kg,False
Propamocarb,2.7344769745733945e-10,kg,False
"Chlorinated solvents, unspecified",1.6932673302885447e-05,kg,False
Thionyl chloride,6.008009483216455e-10,kg,False
Ethylamine,1.2499500390289877e-07,kg,False
Diisopropyl sulfate,2.3295805544987624e-17,kg,False
Lead-210,0.0007608889535649805,kBq,False
Fluoride,0.00011084299777745275,kg,False
Cyclohexane,0.00022691596613674619,kg,False
Potassium I,3.260022527916309e-10,kg,False
Flumioxazin,7.034260734930804e-11,kg,False
Propanol,8.383720527905459e-13,kg,False
Flusilazole,1.2343150110260769e-17,kg,False
Benzene,0.00018921268562399182,kg,False
Pyrethrins,1.6438294835068947e-13,kg,False
t-Butyl amine,4.0720081542066873e-08,kg,False
Bifenazate,2.1596456901314307e-12,kg,False
Borax,1.4996883261549477e-05,kg,True
Tefluthrin,5.606403938505343e-09,kg,False
Azinphos-methyl,2.9091267571440178e-08,kg,False
"Actinides, radioactive, unspecified",0.005123769024582017,kBq,False
Chrysene,5.7900829082800613e-11,kg,False
Thorium-232,1.646267319827126e-05,kBq,False
Sodium formate,1.4604890335188528e-07,kg,False
Molybdenum VI,3.178122239048505e-08,kg,False
Mercury II,1.1596944378152555e-07,kg,False
Acetic anhydride,1.2006977380480507e-05,kg,False
Esfenvalerate,1.660285710023597e-08,kg,False
Calcium II,0.5248828183953747,kg,False
Asulam,1.5188755143723744e-13,kg,False
Phenanthrene,3.9094280721797937e-07,kg,False
Propylene oxide,8.215406131159808e-06,kg,False
"Transformation, to permanent crop, non-irrigated",0.015620350017192478,m2,True
o-Nitrotoluene,3.1991113361057345e-09,kg,False
Silver I,2.1053332807954485e-10,kg,False
Tantalum,0.004950069366704345,kg,True
Boric acid,1.6757921173062371e-12,kg,False
Vanadium V,6.606206261320965e-06,kg,False
Alpha-cypermethrin,2.8620876080367603e-08,kg,False
Fipronil,4.507656050865181e-09,kg,False
Methoxyfenozide,2.1427707731737818e-08,kg,False
Copper ion,1.0291134267318348e-09,kg,False
Uranium alpha,0.05720238839822231,kBq,False
"Wood, soft, standing",0.013579451263986934,m3,True
Antimony ion,2.253462675087721e-06,kg,False
Propanol,3.8388321413389585e-08,kg,False
Bensulfuron methyl ester,1.84873113147601e-10,kg,False
Iodine,1.1867109972286658e-06,kg,False
Metsulfuron-methyl,1.956509856781589e-11,kg,False
Nitric acid,6.241625741843542e-12,kg,False
Benalaxyl-M,7.813268127911412e-15,kg,False
"Occupation, seabed, unspecified",1.5561486275626068e-05,m2*a,True
Copper oxide,1.4186074452343646e-11,kg,False
Copper oxychloride,2.6673208875691125e-12,kg,False
Simazine,5.595243065605965e-10,kg,False
Diethylene glycol,1.1852716969746966e-10,kg,False
Acifluorfen,3.599018672024146e-08,kg,False
Acetic acid,0.0004894506081594696,kg,False
Quizalofop-P,1.5756407344064024e-15,kg,False
Lenacil,1.3540924289450062e-16,kg,False
Bitertanol,2.9465032272030817e-09,kg,False
Thorium-228,9.32800150221365e-06,kBq,False
Iodide,0.001193208341170995,kg,False
Pencycuron,2.138329297102871e-11,kg,False
"Pesticides, unspecified",2.2224399803912907e-09,kg,False
Mefentrifluconazole,7.451159592794448e-10,kg,False
"PAH, polycyclic aromatic hydrocarbons",6.868845763814158e-08,kg,False
Fipronil,2.7471937383697828e-08,kg,False
"Occupation, traffic area, rail network",0.37027691361059667,m2*a,True
"1,1,1,2-Tetrafluoroethane",1.3281256225097163e-06,kg,False
Isohexane,7.556500981919023e-07,kg,False
Bromoxynil,3.0317399371334087e-09,kg,False
Molybdenum VI,3.7012682189217024e-06,kg,False
Glutaraldehyde,1.194678388584935e-06,kg,False
"2,4-D ester",5.1041377668407775e-09,kg,False
Palladium,2.3925154483691866e-05,kg,True
Phosphorus trichloride,3.693927584427373e-10,kg,False
Famoxadone,3.5953119309889785e-12,kg,False
"2,4-di-tert-butylphenol",6.124585942491744e-12,kg,False
Molinate,1.5744795020085484e-08,kg,False
"Herbicides, unspecified",2.925415394615539e-09,kg,False
Methoxyfenozide,7.346042777353281e-13,kg,False
Quinclorac,6.810831360849764e-10,kg,False
Fluopicolide,1.7615330749028966e-15,kg,False
"Transformation, from river, natural (non-use)",0.000441253864570406,m2,True
Tebuthiuron,5.638497905284687e-07,kg,False
Dichromate,4.977948037943826e-06,kg,False
Chlorimuron-ethyl,4.666552422965365e-08,kg,False
Desmedipham,2.006533599873905e-09,kg,False
"Occupation, unspecified, natural (non-use)",0.0003446177286280069,m2*a,True
"Fungicides, unspecified",3.56552946369886e-08,kg,False
Chlormequat,1.1066632686470204e-07,kg,False
Radium-226,0.0008534284384300987,kBq,False
"Occupation, permanent crop, non-irrigated",0.3128588636119705,m2*a,True
Terbufos,1.3054330204677375e-06,kg,False
Calcium II,0.0011528071244705106,kg,False
Isopropanol,2.458216267939908e-07,kg,False
Metalaxyl-M,4.632361824499941e-13,kg,False
"2-Chloro-1,1,1,2-tetrafluoroethane",5.4810375770747455e-06,kg,False
Oxamyl,3.6711066210508325e-07,kg,False
"Hydrocarbons, aliphatic, unsaturated",5.703089000258728e-05,kg,False
Chlorine,3.558927811072787e-05,kg,False
Beryllium II,2.275635210868961e-08,kg,False
Formamide,6.421816932609489e-07,kg,False
Picloram,3.76158071956409e-11,kg,False
Lithium I,2.2896083517641516e-08,kg,False
Ioxynil,3.827134336354677e-17,kg,False
Dichlorofluoromethane,5.615596959610443e-07,kg,False
Nitric acid,0.00010807310728291685,kg,False
Succinic acid,2.5342233658261594e-08,kg,False
Phenmedipham,1.1205349703396548e-14,kg,False
Sulfide,3.204393932136766e-06,kg,False
Lead II,1.2228592878572433e-08,kg,False
Triflusulfuron-methyl,3.884389339699064e-16,kg,False
"1,3-Dichloropropene",2.6751717529448726e-10,kg,False
"2,4-Dichlorophenol",7.05469420547754e-09,kg,False
Chlorantraniliprole,2.5755157517572975e-10,kg,False
Cyazofamid,1.154817071287774e-15,kg,False
Pyriproxyfen,2.3891476518299616e-09,kg,False
Etofenprox,6.526296910483779e-15,kg,False
Triflumuron,5.557254597299511e-12,kg,False
Tin ion,1.330048835781876e-06,kg,False
Ethyl acetate,0.0022934258532215147,kg,False
Kaolin,6.610266021369046e-15,kg,False
Haloxyfop-ethoxyethyl,2.021522148128411e-12,kg,False
Alpha-cypermethrin,1.1901331349402682e-09,kg,False
Quizalofop-p-ethyl,8.149841644236556e-12,kg,False
Acenaphthene,3.3612020605930456e-07,kg,False
Carbon disulfide,1.6069799526036597e-07,kg,False
Dichlorprop-P,7.446771871340885e-06,kg,False
Chlorantraniliprole,1.259912623100429e-16,kg,False
"Transformation, from pasture, man made, extensive",4.437595932799107e-08,m2,True
"Transformation, from permanent crop, non-irrigated",0.06508709105111783,m2,True
Gibberellic acid,1.9271074355164404e-13,kg,False
Aniline,9.15744473142291e-08,kg,False
Triflusulfuron-methyl,1.3394445998962324e-17,kg,False
Ametoctradin,5.964326815199536e-17,kg,False
Dimethylamine,2.3105619048094372e-07,kg,False
Flusilazole,3.4631697392119295e-09,kg,False
Triadimenol,3.4948603185876174e-10,kg,False
Copper oxide,2.2255843985725083e-16,kg,False
Endothall,1.0002528663450674e-09,kg,False
Desmedipham,1.5254285605360387e-16,kg,False
Silver I,4.3911245746610003e-07,kg,False
Carbofuran,1.6841018672095077e-06,kg,False
"1,1,1-Trichloroethane",2.8011285453675722e-14,kg,False
Caesium-137,0.5871365216780816,kBq,False
Haloxyfop-P,1.148068400054747e-15,kg,False
Cloquintocet-mexyl,9.359808784640565e-15,kg,False
Asulam,1.2664932014846266e-17,kg,False
Hydrogen peroxide,7.319218092428945e-05,kg,False
Desmedipham,1.205643748060241e-12,kg,False
Tefluthrin,2.929439426587764e-16,kg,False
Mancozeb,1.3056807544623164e-09,kg,False
Phenmedipham,3.0539076991034983e-12,kg,False
Thiamethoxam,4.34091704627589e-11,kg,False
Emamectin benzoate,1.8140784927458161e-13,kg,False
2-Nitrobenzoic acid,3.7047414911743636e-09,kg,False
Titanium ion,0.00012078282595790907,kg,False
"2,4-DB",5.360944470185397e-10,kg,False
Dimethyl malonate,1.8804752968616615e-21,kg,False
Cobalt II,1.2540419391816457e-05,kg,False
Dichlorprop,6.524837954359286e-10,kg,False
Vinclozolin,1.7743250118260352e-10,kg,False
Simazine,7.56486898780358e-10,kg,False
Quinmerac,7.83165346619868e-16,kg,False
Mandipropamid,2.2024544184572591e-13,kg,False
Spiromesifen,6.231081669956309e-12,kg,False
"Water, unspecified natural origin",1.826988720375403e-05,m3,True
Benalaxyl-M,2.1293891138006502e-12,kg,False
Benalaxyl-M,2.6942303889349586e-16,kg,False
Ethylene dichloride,9.422107317258709e-08,kg,False
Selenium IV,6.1186932109174996e-12,kg,False
Lithium I,2.2896083517641516e-08,kg,False
Carbaryl,1.1662098426598e-14,kg,False
Silver I,1.5254986747432823e-06,kg,False
Tetraconazole,6.226104408331147e-09,kg,False
Magnesium,0.0025404828458193184,kg,False
Fluazinam,3.8809700679405164e-10,kg,False
"Transformation, to permanent crop, irrigated, intensive",4.407564191128701e-05,m2,True
Pyriproxyfen,3.9923680654671944e-13,kg,False
Tin,0.49276329611848546,kg,True
Fenoxaprop,9.044084447878832e-09,kg,False
Sulfur,0.0179005861038071,kg,False
Sodium I,0.0161958903850577,kg,False
Barite,0.009676894947537977,kg,False
Strontium II,0.00032972370453118353,kg,False
Haloxyfop-ethoxyethyl,1.5301799593472e-09,kg,False
Chromium III,3.058965179946406e-11,kg,False
Chloridazon,1.8489187613438781e-16,kg,False
Tetrafluoromethane,9.663055384531811e-08,kg,False
Tungsten,9.95539256642947e-08,kg,False
Borate,5.2603837710963485e-06,kg,False
Maneb,7.033089216372419e-09,kg,False
Diuron,8.744695280842371e-11,kg,False
Sulfur hexafluoride,2.068289164582043e-09,kg,False
Mancozeb,1.123180103778855e-09,kg,False
Metam-sodium,4.921823827259341e-05,kg,False
Aniline,3.8016020658856386e-08,kg,False
Novaluron,2.1944086287258682e-13,kg,False
"Hydrocarbons, aliphatic, alkanes, cyclic",0.000505763220659611,kg,False
Pronamide,3.936952847841793e-11,kg,False
Methyl lactate,8.724555910467623e-09,kg,False
Phenyl isocyanate,2.653683831759913e-07,kg,False
Diquat,1.0589110710477297e-10,kg,False
"Occupation, pasture, man made",0.6449056473503441,m2*a,True
Flumetsulam,5.228162900122736e-09,kg,False
Tetramethyl ammonium hydroxide,7.865330324333396e-07,kg,False
Phosphorus,5.65301350287974e-06,kg,False
Diafenthiuron,1.7615710980467707e-09,kg,False
"1,4-Butanediol",4.901444177797236e-06,kg,False
Methoxyfenozide,4.07575952192667e-10,kg,False
Sulfur dichloride,1.7921862652513442e-10,kg,False
Diuron,3.457205111030705e-09,kg,False
Boron,4.831372086621406e-06,kg,False
Glufosinate,2.3566098130262813e-18,kg,False
Diflubenzuron,1.8680578694380073e-12,kg,False
Thorium-228,0.950267431683229,kBq,False
"Hydrocarbons, aliphatic, alkanes, cyclic",9.632725398914213e-07,kg,False
Manganese II,0.00013594344577648517,kg,False
"Carboxylic acids, unspecified",0.01748492074297141,kg,False
Phosphoric acid,5.93246473974506e-11,kg,False
t-Butyl methyl ether,2.9076560000426292e-06,kg,False
Acephate,4.553125877580672e-06,kg,False
Flumioxazin,1.5349893908213092e-12,kg,False
Diuron,1.4517373858757111e-06,kg,False
"Occupation, forest, extensive",1.6570302965968768,m2*a,True
Benthiavalicarb,8.494047836837467e-13,kg,False
Butyrolactone,1.4555264497738313e-06,kg,False
Butanol,3.6495208552804626e-05,kg,False
Trifluoromethane,0.00017867808513706996,kg,False
Methomyl,1.9896862807806806e-17,kg,False
Thiophanate-methyl,2.5342915733125194e-10,kg,False
Acetamiprid,2.8066504167882406e-12,kg,False
"Hydrocarbons, unspecified",0.00023642822630435257,kg,False
Flutolanil,5.435459346600998e-08,kg,False
Methylamine,2.9476477806376403e-09,kg,False
Pymetrozine,4.900260618522383e-15,kg,False
Indoxacarb,2.752943064673662e-11,kg,False
4-Methyl-2-pentanol,4.0500909044133894e-14,kg,False
Dinitrogen monoxide,9.630768342925167e-07,kg,False
Benzo(k)fluoranthene,5.004606544753693e-12,kg,False
"Hydrocarbons, aliphatic, alkanes, unspecified",0.0007095361832149164,kg,False
"Gas, mine, off-gas, process, coal mining",4.763083738586842,m3,True
"Transformation, to traffic area, rail network",0.0008564666268889909,m2,True
Triallate,9.84176303102607e-10,kg,False
Ethylene carbonate,1.0127636226506842e-05,kg,False
Monoethanolamine,0.010897731300495034,kg,False
Benomyl,2.9548291182315445e-09,kg,False
Anthraquinone,3.132949208664309e-08,kg,False
"Transformation, to dump site, slag compartment",0.0001352406352176836,m2,True
Chloride,0.0002560607641176267,kg,False
Zoxamide,2.3240307935087913e-16,kg,False
Selenium IV,2.839271217813963e-07,kg,False
Sulfentrazone,5.662081997642307e-08,kg,False
Tefluthrin,4.882342937454256e-18,kg,False
Chlorine,9.136690133243435e-06,kg,False
Iodine,5.015821102022623e-11,kg,False
Pyridate,6.544570883994483e-13,kg,False
Octaethylene glycol monododecyl ether,1.8335266876193875e-07,kg,False
Benzo(ghi)perylene,1.4968935270631012e-12,kg,False
Kaolin,4.399354955576478e-11,kg,False
Titanium ion,0.0030290337901070436,kg,False
Methyl acetate,2.0590418838281915e-09,kg,False
Butene,2.745406021284793e-07,kg,False
Acenaphthene,1.2005674570229638e-07,kg,False
Radium-228,2.5440232899135475,kBq,False
Mesosulfuron-methyl (prop),9.739382225684736e-11,kg,False
Silicon dioxide,3.4535724081285437e-05,kg,False
Indoxacarb,8.955460359924458e-06,kg,False
Acenaphthylene,5.946393834149314e-08,kg,False
Mancozeb,6.667147737845631e-07,kg,False
Paraquat,1.1035413451824264e-06,kg,False
Antimony ion,5.084995582477608e-07,kg,False
Rubidium,4.751337158416145e-05,kg,False
o-Xylene,8.383147184417884e-08,kg,False
"1,1,2-Trichloro-1,2,2-trifluoroethane",5.4810375770747455e-06,kg,False
Metolachlor,4.8230682664659e-12,kg,False
Maleic hydrazide,3.024728163931413e-07,kg,False
Boron trifluoride,1.1425816554310805e-08,kg,False
Trisodium phosphate,6.70198277677585e-07,kg,False
Nitrogen oxides,2.0224613520180995e-07,kg,False
Abamectin,1.1610483639412972e-11,kg,False
Pentachlorophenol,1.4905184702239093e-09,kg,False
"Transformation, to forest, extensive",0.012746675577639817,m2,True
Zoxamide,1.83680129663721e-12,kg,False
Formic acid,3.1391381877492657e-06,kg,False
Magnesium,0.00032871414354074165,kg,False
Topramezone,4.82756290852476e-10,kg,False
Paclobutrazol,1.6636872112511224e-12,kg,False
Quinoxyfen,1.0648205966498085e-09,kg,False
Ethylene oxide,7.259696950618141e-13,kg,False
Piperonyl butoxide,1.638390101541302e-09,kg,False
Butyric acid,1.1825958793490133e-08,kg,False
"2,4-D ester",2.2885985534777162e-12,kg,False
"Transformation, to grassland, natural, for livestock grazing",0.02100468178723931,m2,True
Molybdenum VI,5.0070797923622085e-06,kg,False
"1,1,2-Trichloroethane",8.058108675096863e-07,kg,False
Cupric hydroxide,8.387333403868685e-12,kg,False
Bicyclopyrone,9.87171952264908e-10,kg,False
Cypermethrin,2.3418529095328958e-17,kg,False
Chlorpyrifos,2.139620845401704e-11,kg,False
"VOC, volatile organic compounds",0.0017136536087946639,kg,False
Formaldehyde,5.467387314837236e-07,kg,False
m-Xylene,5.73771074616931e-08,kg,False
"Volume occupied, underground deposit",0.00015399854449765123,m3,True
Sodium hydroxide,0.0008931864231410958,kg,False
2-Methyl-2-butanol,6.924486359210555e-13,kg,False
Haloxyfop-P,3.958856551912908e-17,kg,False
Isocyanic acid,1.845904875187027e-05,kg,False
Oxyfluorfen,3.5066405561618006e-11,kg,False
Linuron,1.5339568902918356e-14,kg,False
Carfentrazone-ethyl,1.063917000358135e-11,kg,False
Bifenthrin,1.1083618396962133e-14,kg,False
Benz(a)anthracene,8.9768727260156e-11,kg,False
Tefluthrin,5.980986241992214e-11,kg,False
"Transformation, to seabed, drilling and mining",0.015530819051604155,m2,True
Thiabendazole,6.343396171174857e-11,kg,False
Acephate,3.503705394818117e-07,kg,False
Uranium-235,0.000502179872391135,kBq,False
"Occupation, annual crop, irrigated, intensive",0.0003760660708551723,m2*a,True
Chloroacetic acid,2.373698404270035e-06,kg,False
Benzal chloride,2.0339623989356064e-06,kg,False
Difenoconazole,5.676066403956471e-12,kg,False
Monochlorobenzene,0.018531940337311228,kg,False
Chloropicrin,5.3128504446408214e-08,kg,False
Glyphosate,2.2538594136401122e-05,kg,False
"2,4-DB",1.2613493989547008e-09,kg,False
Bifenthrin,2.241450220340541e-10,kg,False
Chlorosulfonic acid,2.517818132158998e-09,kg,False
Orbencarb,1.0884905549741991e-06,kg,False
Magnesium,0.1740113528874873,kg,False
Boron,0.00011043376944908126,kg,False
o-Xylene,0.00040389774450138964,kg,False
Lithium I,1.4532423630549914e-10,kg,False
Thiram,2.1799663310268128e-10,kg,False
Arsine,8.753759711583933e-09,kg,False
Simazine,2.596895324171378e-08,kg,False
Cyazofamid,9.127114407626482e-12,kg,False
Emamectin benzoate,5.0155054837480545e-08,kg,False
Methyl isobutyl ketone,2.9033343072507214e-10,kg,False
Methyl ethyl ketone,3.4792670087066397e-09,kg,False
Nitrobenzene,2.945395751931083e-05,kg,False
Dodecanol,8.127439365651363e-15,kg,False
Ruthenium-103,1.7505291268248284e-08,kBq,False
Plutonium-alpha,9.864622926330503e-10,kBq,False
"Occupation, bare area (non-use)",0.00014670783423738627,m2*a,True
"Transformation, to seabed, unspecified",2.3391774110686536e-05,m2,True
Isophorone,7.027723909764236e-07,kg,False
Nitrogen,0.00017133255297654404,kg,False
Pronamide,3.426115259642202e-16,kg,False
Carbon disulfide,6.967819380568785e-08,kg,False
Procymidone,5.32303219248651e-10,kg,False
"2,4-Dichlorophenol",1.8434359525255305e-08,kg,False
Selenium IV,7.926157631907566e-06,kg,False
Aldicarb,5.451460520204299e-07,kg,False
Fluoranthene,4.712858181158188e-07,kg,False
Ametoctradin,1.6254878731302725e-14,kg,False
Mefenpyr-diethyl,3.957619189429649e-09,kg,False
Anthracene,2.3788712723941328e-08,kg,False
Ametoctradin,1.462322086491536e-13,kg,False
Paraffins,1.6320788949399013e-08,kg,False
Tebutam,4.415867235776078e-07,kg,False
Isophoronenitrile,7.942128814477598e-07,kg,False
Methyl ethyl ketone,3.278699833707182e-05,kg,False
Sulfur dioxide,5.137649923730383e-07,kg,False
"Volume occupied, final repository for low-active radioactive waste",1.4107155156473604e-05,m3,True
Carbon,0.005492910224454968,kg,False
Isophorondiisocyanate,8.679026791637668e-08,kg,False
Silthiofam,1.6364149165962169e-09,kg,False
"Transformation, from dump site, inert material landfill",0.0070924631613964225,m2,True
Diisopropyl sulfate,3.22501282435601e-18,kg,False
Abamectin,3.581957718542298e-10,kg,False
Yttrium,4.482142055266009e-06,kg,True
Mancozeb,1.4150673868723817e-13,kg,False
"2,4-D dimethylamine salt",1.1107384495785959e-11,kg,False
TCMTB,4.655939733052025e-06,kg,False
Thallium I,1.97075006334532e-08,kg,False
Carbon,0.000960227493551956,kg,False
Fluopyram,2.0137662909061836e-14,kg,False
Boron,0.00011653689417614812,kg,False
Aluminium III,0.0018331389996602554,kg,False
Fluazinam,9.60151330022245e-09,kg,False
Dimethenamide,6.037933523846062e-08,kg,False
Trichlorfon,3.0277535496646727e-06,kg,False
Monocrotophos,2.7988940394184754e-07,kg,False
Arsenic ion,7.485887828709925e-06,kg,False
Silver I,1.3024548949002354e-06,kg,False
Benzo(b)fluoranthene,1.0637594180328484e-11,kg,False
Carbendazim,1.245914347569331e-09,kg,False
Picloram,2.941079637299037e-16,kg,False
Chloroform,0.0011087633721681475,kg,False
Sulfuric acid,9.491576046375887e-18,kg,False
Methyl formate,5.1456158856868255e-08,kg,False
Isobutane,0.00018791171413634018,kg,False
Methyl formate,1.2888449656748789e-07,kg,False
Etofenprox,1.1991628612358321e-11,kg,False
"Occupation, permanent crop, non-irrigated, intensive",0.04452105134879001,m2*a,True
Pencycuron,7.846071925395007e-14,kg,False
Diflubenzuron,8.225278574834825e-10,kg,False
Cumene,0.0027188573140622756,kg,False
Scandium,9.021457472383108e-06,kg,False
Ferrocyanide,4.608775564646178e-11,kg,False
Glufosinate,6.834168457776194e-17,kg,False
Fludioxonil,5.928353070412534e-13,kg,False
"Transformation, to cropland fallow (non-use)",0.000804089845160417,m2,True
Fluazinam,1.1913228647256295e-14,kg,False
Norflurazon,6.641897443036058e-08,kg,False
Bicarbonate,0.01007857053409742,kg,False
"2,4-D dimethylamine salt",1.7140185201230835e-07,kg,False
Maleic hydrazide,4.584304990027509e-15,kg,False
Propiconazole,4.762940050977269e-12,kg,False
Pendimethalin,1.1338456840982691e-10,kg,False
Pencycuron,2.7055420432396528e-15,kg,False
Silicon,0.08453099662971304,kg,False
Pumice,3.528794359563574e-14,kg,True
Quinmerac,2.644536093903569e-12,kg,False
Quizalofop-p-ethyl,1.2790921052687194e-15,kg,False
"Transformation, to inland waterbody, unspecified",2.399479931341289e-07,m2,True
Paclobutrazol,8.144387053578935e-15,kg,False
"Acidity, unspecified",1.4467868171416329e-07,kg,False
Cymoxanil,6.455669382681407e-11,kg,False
Iodine-129,0.003154491250009571,kBq,False
Vanadium V,6.914663441948861e-05,kg,False
Silicon,0.0006584804859280616,kg,False
Phosgene,0.002198199945601022,kg,False
Xenon-131m,1.4309095351660395,kBq,False
Cupric chloride dihydrate,7.359573018614566e-12,kg,False
"VOC, volatile organic compounds",0.0008898742269335814,kg,False
Fluorene,1.7370248724840183e-07,kg,False
Alachlor,1.4278817687239028e-07,kg,False
Emamectin benzoate,5.211947173391305e-10,kg,False
Chromium VI,8.767755707199472e-10,kg,False
Fluazinam,3.7246202543918446e-10,kg,False
Propyl amine,1.537967108718736e-08,kg,False
Alpha-cypermethrin,3.3799350135691104e-11,kg,False
Flucarbazone sodium salt,1.822521430890103e-11,kg,False
Monopotassium phosphite,1.5380440163906718e-10,kg,False
Linuron,5.628476450278916e-17,kg,False
Beryllium II,1.0947733060136317e-09,kg,False
Chloridazon,5.361864407897271e-15,kg,False
Dimethomorph,7.014048334674666e-14,kg,False
Quizalofop-p-ethyl,1.511675730535043e-10,kg,False
"Indeno(1,2,3-cd)pyrene",1.6450119270423585e-11,kg,False
Carbon,2.6092737352843658e-06,kg,False
Pyraflufen-ethyl,5.45016071044095e-19,kg,False
Bifenox,9.951969095889939e-09,kg,False
Chrysotile,0.00044895158131633405,kg,True
Acetonitrile,1.7265836185291914e-09,kg,False
Dimethylamine,1.9446382045232305e-07,kg,False
Acetochlor,1.5570928851781293e-06,kg,False
Ethyl benzene,6.824064071684951e-05,kg,False
Dimethenamide,8.239227258056079e-11,kg,False
Sodium hydroxide,0.00014241553397714328,kg,False
Dodecanol,3.085339910594385e-08,kg,False
"Fungicides, unspecified",2.259835025082049e-11,kg,False
Oxyfluorfen,4.363819358779131e-12,kg,False
Diquat,3.885412989147227e-13,kg,False
"Particulate Matter, < 2.5 um",9.668801108113443e-08,kg,False
Flusilazole,3.3639405488856005e-15,kg,False
Acetamiprid,3.67732282511746e-12,kg,False
Chromium-51,1.3106293203428138e-06,kBq,False
Dimethomorph,2.4186373567843638e-15,kg,False
Phosmet,6.990952514648558e-08,kg,False
Fipronil,2.4862612518208405e-05,kg,False
Lithium I,0.0006737619146782831,kg,False
Phthalic anhydride,5.3265436710626557e-05,kg,False
Lithium,1.4203353954257915e-06,kg,True
"Oils, non-fossil",2.4787820494029636e-09,kg,False
Aluminium hydroxide,4.7508123317598465e-08,kg,False
Thiram,1.3562469226508604e-12,kg,False
Flusilazole,4.256258658710601e-19,kg,False
Indoxacarb,5.952042980595011e-13,kg,False
Chlorimuron-ethyl,4.05443358133906e-09,kg,False
Organic carbon,1.9245812933080464e-06,kg,False
Chloroacetyl chloride,8.788932443286416e-09,kg,False
Mandipropamid,7.594670408473287e-15,kg,False
Propionic acid,5.91318112917988e-08,kg,False
"Hydrocarbons, aliphatic, alkanes, unspecified",0.00037968136515685564,kg,False
"Transformation, to wetland, inland (non-use)",1.8564394497205433e-09,m2,True
Sodium formate,6.079192931398271e-08,kg,False
"Occupation, arable land, unspecified use",0.0001912268488879496,m2*a,True
Flurtamone,3.2639652624009445e-08,kg,False
Plutonium-238,4.3032366185101653e-10,kBq,False
Carbetamide,1.587175451897468e-07,kg,False
Triflusulfuron-methyl,1.0586320907342956e-13,kg,False
Emamectin benzoate,7.0852697036953135e-12,kg,False
Pyraclostrobin,8.953911485994613e-13,kg,False
Cymoxanil,2.368748647447071e-13,kg,False
Mancozeb,2.2450566452243154e-08,kg,False
Sodium methoxide,3.044993229779938e-09,kg,False
Strontium-90,0.065277911416383,kBq,False
Lithium hexafluorophosphate,1.6238355870977593e-09,kg,False
Fluopicolide,5.108445917218397e-14,kg,False
Methylamine,2.5032289643838517e-06,kg,False
Kaolin,4.2838045068512896e-08,kg,False
"1,1,1-Trifluoroethane",3.145600072358785e-14,kg,False
Granite,2.872023950797733,kg,True
"Dioxins, measured as 2,3,7,8-tetrachlorodibenzo-p-dioxin",8.453818651045807e-15,kg,False
Phosphorus pentafluoride,2.7201635566481256e-09,kg,False
Vanadium V,1.6526235643052224e-08,kg,False
Quinmerac,2.480198790175979e-13,kg,False
Phosphine,7.257160985861417e-07,kg,False
Metsulfuron-methyl,1.7292209675721443e-11,kg,False
Lauric acid,2.329146207554522e-08,kg,False
Metazachlor,2.4452409488218813e-15,kg,False
"Occupation, pasture, man made, intensive",0.05111458864765993,m2*a,True
"Oils, non-fossil",0.0005517502013110236,kg,False
Dipropyl amine,1.0149058562866842e-08,kg,False
Fluopyram,4.238876483996531e-11,kg,False
Triflumuron,6.825859793084752e-12,kg,False
Bromomethane,4.985304194269379e-06,kg,False
Flurochloridone,3.955171646798475e-11,kg,False
Linuron,1.9408539483720408e-18,kg,False
Bromomethane,9.444793721841187e-13,kg,False
Methoxyfenozide,4.612081828590722e-12,kg,False
"Carbon dioxide, from soil or biomass stock",0.019424670308509306,kg,False
Rhenium,7.515431353463946e-06,kg,True
"2,4-D ester",5.981347941397916e-10,kg,False
Erbium,1.7444753542338405e-07,kg,True
"Occupation, unspecified",0.005209455499124204,m2*a,True
Platinum,2.4389548729920263e-05,kg,True
Sodium chloroacetate,5.880691511881253e-20,kg,False
Tungsten,2.550911166342772e-09,kg,False
"2,4-DB",2.209963244560586e-12,kg,False
Pymetrozine,1.1780980081294524e-12,kg,False
Triflumuron,1.728767490630622e-08,kg,False
Gypsum,0.8854587714563259,kg,True
Potassium I,0.004019377527116376,kg,False
Dipropyl amine,2.4357985600612085e-08,kg,False
"Transformation, from forest, secondary (non-use)",0.0021051515383600783,m2,True
Silicon tetrafluoride,2.381151353737828e-06,kg,False
Cymoxanil,8.168098784300226e-15,kg,False
Bromuconazole,2.1152845949172205e-10,kg,False
Cadmium II,6.1186932109174996e-12,kg,False
Dimethenamide,2.334428081693225e-10,kg,False
"Transformation, from pasture, man made, intensive",0.03732125320086807,m2,True
"Pesticides, unspecified",4.861081636481426e-10,kg,False
"Transformation, from dump site, residual material landfill",3.768633601056014e-05,m2,True
Terbium,4.303608606311846e-07,kg,True
Desmedipham,4.423742825554531e-15,kg,False
Chlorodifluoromethane,0.00022005647338546122,kg,False
Steatite,1.192294344306472e-07,kg,True
Hexafluoroethane,0.0024563657883061485,kg,False
Diazinon,1.1028868805838015e-07,kg,False
Clethodim,2.2939188228444777e-09,kg,False
Beryllium II,3.2054094173214393e-06,kg,False
Dichlorprop,2.600253065932089e-08,kg,False
Methyl acetate,8.579321157350819e-10,kg,False
Dimethyl carbonate,9.841497913134154e-07,kg,False
Dichlorprop,2.742294564297649e-12,kg,False
Copper oxide,6.454194755860266e-15,kg,False
Dicamba,8.529202442263149e-10,kg,False
Tellurium,0.0004456443281080623,kg,True
Monoethanolamine,2.262336943844176e-06,kg,False
Maleic hydrazide,3.623212469207371e-11,kg,False
Fenamidone,3.2402747921885846e-15,kg,False
Krypton,1.8320803573127235e-11,kg,True
"Transformation, to pasture, man made, intensive",0.03610403095832943,m2,True
Mandipropamid,1.1990418881842515e-09,kg,False
2-Aminopropanol,2.723763789816456e-09,kg,False
Lactofen,1.2967881290801657e-08,kg,False
Diflufenzopyr-sodium,2.128811882460202e-09,kg,False
Novaluron,2.776496965696328e-17,kg,False
Linuron,2.620129118832417e-06,kg,False
Cypermethrin,6.184952489937454e-10,kg,False
Silver I,5.632036340075675e-07,kg,False
Ethyl acetate,0.24693458913456887,kg,False
Polonium-210,0.0011577475125212832,kBq,False
Nitrogen fluoride,3.2795773567552686e-11,kg,False
"1,1-Difluoroethane",2.6503307127942187e-08,kg,False
"Transformation, to pasture, man made, extensive",4.437595932799107e-08,m2,True
Peat,0.36301461420970893,kg,True
Choline chloride,4.0201441713651525e-08,kg,False
Azadirachtin,2.1061514086841127e-06,kg,False
Gibberellic acid,1.340041594233286e-12,kg,False
Amisulbrom,1.8489413127118543e-15,kg,False
"Hydrocarbons, aliphatic, unsaturated",3.0509973494865647e-05,kg,False
Zeta-cypermethrin,3.047248644207826e-10,kg,False
Alkylbenzene (c10-c15),7.960600155841443e-08,kg,False
"Transformation, to annual crop, irrigated, intensive",0.0005231134798857783,m2,True
Propamocarb,2.4682938196455217e-09,kg,False
Organic carbon,6.17113946916461e-06,kg,False
Sodium tetrahydridoborate,2.1773038084407063e-08,kg,False
Propamocarb,3.459823718920479e-14,kg,False
Cyclohexane,0.00031320814306863164,kg,False
Selenium,0.006631929376942345,kg,True
Endosulfan,7.98234175886112e-07,kg,False
Diisopropyl ether,3.572775055544331e-18,kg,False
Dysprosium,9.606331813339789e-07,kg,True
Phosphorus trichloride,2.0561188037230028e-08,kg,False
Ammonium carbonate,2.9871811761523488e-05,kg,False
Titanium ion,4.586475519814602e-07,kg,False
Helium,0.002521959946703081,kg,False
Scandium,1.0269154625510283e-05,kg,False
Silicon tetrachloride,4.068991224759103e-06,kg,False
Lambda-cyhalothrin,1.4829587250434433e-11,kg,False
Paraquat,2.0295620779454633e-11,kg,False
"Herbicides, unspecified",1.4691435518422132e-14,kg,False
Benzal chloride,8.474976675500968e-07,kg,False
Ethylene,8.575258550011502e-08,kg,False
Abamectin,6.669852303492559e-13,kg,False
Zoxamide,6.739689301175494e-15,kg,False
Xenon,2.1493680169590607e-12,kg,True
Cloquintocet-mexyl,7.523962045530994e-14,kg,False
Nitrate,1.0906505055874028e-08,kg,False
Anthranilic acid,2.8455478433601523e-09,kg,False
Lactic acid,7.947136461799579e-09,kg,False
Fipronil,2.783322012076573e-10,kg,False
Caesium-134,9.795707030934142e-07,kBq,False
Picloram,1.0141653921720836e-17,kg,False
Zinc-65,3.351401618454638e-06,kBq,False
Fluazinam,9.956386204758734e-09,kg,False
Amisulbrom,5.039012406703835e-13,kg,False
Isopropylamine,1.7565892792184987e-17,kg,False
Pyriproxyfen,1.7620658962189043e-10,kg,False
Hexamethylenediamine,1.5713000491175764e-07,kg,False
Lauric acid,6.647893369923864e-09,kg,False
Haloxyfop-ethoxyethyl,6.912007997377917e-12,kg,False
Dichlorprop,6.262526600503059e-10,kg,False
Hypochlorite,0.0005846713834425857,kg,False
Shale,247.11442298973296,kg,True
Thulium,1.9383059491487113e-08,kg,True
Cloransulam-methyl,7.360661541513351e-09,kg,False
"Fish, demersal, in ocean",4.625381627906689e-06,kg,True
Mandipropamid,6.002459387706565e-11,kg,False
Bicarbonate,2.0536801763079953e-19,kg,False
Radium-224,1.1987623650683932,kBq,False
"1,4-Diisopropylbenzene",2.7444608065676176e-06,kg,False
Uranium alpha,0.9482877063110458,kBq,False
Silicon,2.8832250773154935e-06,kg,False
"Transformation, from traffic area, rail/road embankment",0.004836094890635561,m2,True
"Hydrocarbons, aromatic",0.0013358973868323343,kg,False
Ethofumesate,1.65559533778965e-07,kg,False
Dimethyl ether,1.5702646843248403e-07,kg,False
Molybdenum,0.07222390526520488,kg,True
Prosulfuron,1.9680899406967833e-10,kg,False
Perlite,0.0001592214358997222,kg,True
Paclobutrazol,2.808409328820324e-16,kg,False
"Transformation, to grassland, natural (non-use)",0.007543211326433348,m2,True
Mecoprop,1.6648314894301874e-08,kg,False
"Discarded fish, demersal, to ocean",3.766719683522486e-07,kg,False
Sodium nitrate,0.002145516836496969,kg,True
Bifenthrin,8.989102403249736e-08,kg,False
"1,4-Diethylbenzene",2.6509589152827818e-05,kg,False
Hexamethylene diisocyanate,2.1498130103532192e-08,kg,False
Vinyl chloride,1.4315817250072355e-05,kg,False
Nitrite,7.95004731216285e-06,kg,False
Fluorine,0.00017481077133683513,kg,False
"Oils, non-fossil",5.014823565424475e-06,kg,False
Propanal,1.0739539118656342e-06,kg,False
"Oils, non-fossil",0.00024245087692442932,kg,False
Nitrogen oxides,9.585538023209642e-06,kg,False
"Occupation, inland waterbody, unspecified",2.399479931341289e-05,m2*a,True
"2,4-D dimethylamine salt",2.717762696588151e-09,kg,False
Tritium,1219.8581770268215,kBq,False
"Transformation, from annual crop, irrigated, intensive",1.989359975631184e-05,m2,True
Difenoconazole,4.6911857994497915e-12,kg,False
Formate,1.255093213308854e-05,kg,False
Xenon-137,0.41633549223027017,kBq,False
Prothioconazole,3.9896255301694757e-11,kg,False
"Occupation, annual crop, greenhouse",4.883802182070034e-08,m2*a,True
Tritium,17.144373661629682,kBq,False
Iodide,3.0924937682624252e-09,kg,False
Flumiclorac-pentyl,2.9270358803362387e-09,kg,False
"Energy, geothermal, converted",170.56535128203018,MJ,True
Dimethomorph,1.911573738801194e-11,kg,False
Carbendazim,4.264249192163871e-09,kg,False
Flonicamid,1.6821579296963434e-12,kg,False
Methyl isobutyl ketone,2.1282330525838882e-08,kg,False
Flurochloridone,2.0092943372729618e-14,kg,False
Chlorosulfonic acid,3.771844518459203e-09,kg,False
Carbaryl,5.027240972952756e-09,kg,False
Paclobutrazol,1.4964759673273682e-11,kg,False
"Occupation, seabed, drilling and mining",0.015530819051604155,m2*a,True
Lutetium,1.9383059491487113e-08,kg,True
Fluopicolide,1.3922303633360757e-11,kg,False
"1,1,2-Trichloro-1,2,2-trifluoroethane",3.5641604634820476e-05,kg,False
"Herbicides, unspecified",3.5056855435139357e-07,kg,False
Ethylene oxide,1.148310555396517e-08,kg,False
Quizalofop-P,1.8740380417005455e-10,kg,False
Phorate,4.993549171120702e-07,kg,False
"Wood, hard, standing",0.0250218665035547,m3,True
Tungsten,1.3748889893810585e-06,kg,True
Chloride,0.0226292384435742,kg,False
Isophorondiamine,7.73751902205938e-07,kg,False
Acephate,1.5439764045293236e-08,kg,False
Diflubenzuron,2.3176406714139326e-06,kg,False
Chlorantraniliprole,3.648311333870923e-09,kg,False
t-Butyl methyl ether,3.656230995903878e-10,kg,False
Thiabendazole,3.2664488196032606e-12,kg,False
Pencycuron,1.9236847047796118e-10,kg,False
"1,4-Butanediol",2.1310729197012572e-06,kg,False
Pyridate,6.547980901632821e-17,kg,False
Chromium VI,1.850015337914488e-06,kg,False
Lenacil,1.0702090248544723e-12,kg,False
Triflusulfuron-methyl,9.523670482809e-13,kg,False
t-Butyl methyl ether,2.0875124323519453e-06,kg,False
Thiabendazole,2.5441188460064325e-09,kg,False
Acrinathrin,4.980797291861848e-12,kg,False
Olivine,3.0442000886750534e-06,kg,True
Tebupirimfos,6.387952548658047e-09,kg,False
Cypermethrin,4.6893494296282573e-14,kg,False
Pronamide,9.935734252962415e-15,kg,False
Fenamidone,9.396796897346904e-14,kg,False
"Transformation, to annual crop, greenhouse",2.8812992224601998e-08,m2,True
Strontium II,0.01838406057332771,kg,False
Thiamethoxam,2.4253466103670797e-09,kg,False
Paraquat,1.6301273929279037e-10,kg,False
Dimethyl malonate,2.585737761785484e-09,kg,False
Diquat,1.3397975824645528e-14,kg,False
Cyanoacetic acid,2.0619640570610005e-09,kg,False
Benthiavalicarb,3.11668134350807e-15,kg,False
"Solids, inorganic",0.0003914160553114139,kg,False
Bromate,0.00020869488341208046,kg,False
Diclofop-methyl,4.992493633708925e-08,kg,False
Acephate,4.463040369200345e-10,kg,False
Fluopyram,4.114007086162028e-12,kg,False
Monoethanolamine,1.9379580073644175e-08,kg,False
Iodide,0.002962009926793207,kg,False
Alpha-cypermethrin,1.2833700052863415e-12,kg,False
Dichlorodifluoromethane,4.4932605966838735e-05,kg,False
Mineral oil,3.5092128445462105e-14,kg,False
"Insecticides, unspecified",1.814200177902756e-09,kg,False
Metazachlor,7.162412181445246e-09,kg,False
Methyl acrylate,0.01664534048361049,kg,False
Dodecanol,1.0283322095171623e-18,kg,False
Methanesulfonic acid,2.0836780143061075e-09,kg,False
Phenmedipham,4.4292884242552716e-08,kg,False
Lenacil,3.9268680439405174e-15,kg,False
"Dioxins, measured as 2,3,7,8-tetrachlorodibenzo-p-dioxin",2.9070829803405097e-12,kg,False
Sulfosate,2.2178742439203083e-07,kg,False
Molybdenum VI,7.698870483614823e-07,kg,False
"Carbon dioxide, fossil",0.0019052534397250335,kg,False
Radium-228,4.754187960711192,kBq,False
Simazine,4.9428828875532505e-11,kg,False
Ethephon,2.219801866992464e-15,kg,False
Sodium dichromate,1.5476060989390551e-06,kg,False
Thiram,2.975797964312929e-17,kg,False
Fenpiclonil,1.882794135822532e-07,kg,False
"2,4-D dimethylamine salt",4.3721486372186853e-10,kg,False
Ethylamine,2.9999231160836134e-07,kg,False
Simazine,6.220657167208792e-07,kg,False
"Transformation, to unspecified, natural (non-use)",8.405310454341635e-06,m2,True
Isopropylamine,4.435649719431212e-08,kg,False
Ametoctradin,2.0566644190343196e-18,kg,False
Iprodione,0.00011584771310816406,kg,False
Sulfur hexafluoride,1.3116242696639532e-10,kg,False
"Occupation, grassland, natural, for livestock grazing",0.3370217524847649,m2*a,True
Oxydemeton-methyl,1.9380706951150772e-10,kg,False
Mineral oil,5.166061037451426e-05,kg,False
Fluopicolide,1.2524788670799975e-10,kg,False
Potassium I,0.0005133873634410402,kg,False
Imazapyr,2.9256765081732564e-11,kg,False
EPTC,1.1922786426599312e-06,kg,False
Thiabendazole,1.8656593568430217e-10,kg,False
Cobalt II,2.3475188260774407e-06,kg,False
tau-Fluvalinate,9.398791180087022e-26,kg,False
Ulexite,0.005620214004933268,kg,True
Methylamine,7.074212268033037e-09,kg,False
Propoxycarbazone-sodium (prop),1.2176412472130855e-10,kg,False
Nickel II,4.271984845317636e-11,kg,False
Gibberellic acid,2.2248944564571714e-15,kg,False
Carbon disulfide,2.277437542508347e-08,kg,False
Acenaphthylene,1.1143262903917541e-07,kg,False
Pyridate,1.898914461473508e-15,kg,False
Pyridate,7.524292122323115e-12,kg,False
Benzaldehyde,1.0956912935685197e-07,kg,False
Thiabendazole,2.256666280200526e-08,kg,False
Copper oxychloride,1.4974433053019584e-09,kg,False
Fluorine,6.761342258930588e-05,kg,False
Butadiene,7.128514244204824e-09,kg,False
Cypermethrin,5.131373677640543e-11,kg,False
Tralkoxydim,6.770924322092413e-08,kg,False
Quinmerac,2.7005701607581614e-17,kg,False
Glufosinate,2.8614662911287445e-14,kg,False
Pydiflumetofen,3.8958629394031694e-09,kg,False
"PAH, polycyclic aromatic hydrocarbons",6.868845763814158e-08,kg,False
Mefenpyr,8.140400575584766e-09,kg,False
Diflubenzuron,1.5265128263735692e-13,kg,False
Water,4.680194583988407e-09,m3,False
"Transformation, from wetland, inland (non-use)",0.0012460804915201769,m2,True
Ioxynil,1.602421123032099e-14,kg,False
Protactinium-234,0.024305070014824817,kBq,False
Thorium-228,0.5087353468202968,kBq,False
Pronamide,3.424331028191034e-12,kg,False
Captan,0.0002568716662959835,kg,False
Alkylbenzene (c10-c15),1.044153888173963e-08,kg,False
"2,4-DB",2.0064684456679524e-08,kg,False
Cyazofamid,3.34896950673454e-14,kg,False
MCPA,2.498569865055438e-09,kg,False
Sulfentrazone,9.3735377744999e-10,kg,False
Methyl acrylate,0.0008520650553499345,kg,False
Metazachlor,7.091198751583442e-14,kg,False
Isopropylamine,1.064572025744463e-07,kg,False
Pymetrozine,1.5357047203121315e-08,kg,False
Cu-HDO,5.3832166871233665e-12,kg,False
Cerium-141,2.045307347663378e-05,kBq,False
"Solids, inorganic",1.004673265781524e-08,kg,False
Novaluron,8.051841200519377e-16,kg,False
Hydrogen peroxide,4.5327606468143023e-07,kg,False
t-Butyl amine,9.772987057383116e-08,kg,False
"1,4-Butanediol",8.610766734390153e-16,kg,False
"Carbon monoxide, fossil",1.2614987470489845e-06,kg,False
Ethylene dichloride,2.8032970286150774e-05,kg,False
Thiocyanate,6.220410756519019e-09,kg,False
"Fish, pelagic, in ocean",1.3839946224697153e-05,kg,True
"PAH, polycyclic aromatic hydrocarbons",5.5451876826918325e-05,kg,False
Platinum,2.2766328084275865e-11,kg,False
Barium II,0.004394311572941755,kg,False
"1,1-Difluoroethane",9.456340814537309e-05,kg,False
Copper oxide,1.7589940376399208e-12,kg,False
Phosphorus oxychloride,7.67278416057669e-09,kg,False
Indoxacarb,2.2783453164270776e-17,kg,False
Diisopropyl ether,1.4615897954499535e-19,kg,False
Propyl amine,6.4082500251322654e-09,kg,False
Phosphoric acid,2.1084715008416932e-07,kg,False
Laterite,0.19567508903468836,kg,True
Haloxyfop-P,4.485729992418522e-12,kg,False
Thallium I,5.549948864936966e-07,kg,False
Amisulbrom,6.375659699006384e-17,kg,False
Krypton-85,0.5247854455087517,kBq,False
Tebuthiuron,3.3058650898675266e-10,kg,False
Methyl ethyl ketone,0.24693461060297145,kg,False
Trimethylamine,4.180349594510933e-09,kg,False
Ethoprop,2.7622011870831465e-07,kg,False
Flurochloridone,6.928601163010201e-16,kg,False
Metazachlor,2.443967531124009e-11,kg,False
Aluminium III,0.053807530872227484,kg,False
Barium II,0.0002471676838552017,kg,False
Krypton-87,0.2721311546028433,kBq,False
Abamectin,2.717347234756227e-11,kg,False
Carbonate,0.014283706484101606,kg,False
Isopropanol,1.3284938470129815e-08,kg,False
"Transformation, from annual crop, greenhouse",2.8812992224601998e-08,m2,True
"Carboxylic acids, unspecified",0.009457939534788521,kg,False
Triflumuron,1.5630129874166038e-10,kg,False
Urea,4.636889054043659e-08,kg,False
Krypton-88,0.35895607649668604,kBq,False
Alpha-cypermethrin,1.8225758215915353e-12,kg,False
Primisulfuron,7.314343234682181e-10,kg,False
Quizalofop-p-ethyl,1.5871009065374427e-16,kg,False
Cypermethrin,2.6702832103192056e-13,kg,False
Pyraflufen-ethyl,4.307542863795219e-15,kg,False
Ioxynil,1.3197014952947248e-18,kg,False
Gibberellic acid,7.955167559416653e-16,kg,False
Spirotetramat,4.318995279972066e-17,kg,False
Flurochloridone,4.396944696817397e-12,kg,False
Dithianon,1.8283680732269855e-10,kg,False
Fomesafen,1.1196365070855953e-07,kg,False
Chlorimuron-ethyl,5.756085913659749e-12,kg,False
Potassium-40,9.196323771475024e-05,kBq,False
Naphthalene,3.4830266176940524e-08,kg,False
Phosphate,0.002587394181688319,kg,False
Chloridazon,1.4612957744358998e-12,kg,False
Trichlorofluoromethane,6.195480622182683e-07,kg,False
Glufosinate ammonium,7.320475799229972e-08,kg,False
Ammonia,1.3426120985392158e-06,kg,False
N-methyl-2-pyrrolidone,6.264086136409181e-09,kg,False
Fenamidone,2.3038884472674157e-10,kg,False
Organic carbon,6.17113946916461e-06,kg,False
Diflubenzuron,3.5175989762068754e-11,kg,False
Rhodium,3.0784719347879807e-06,kg,True
"Fungicides, unspecified",1.9481336423121128e-10,kg,False
Benzaldehyde,3.978589525325593e-06,kg,False
Sulfuric acid,7.197335563204783e-05,kg,False
Trifluralin,1.7708971866751454e-16,kg,False
Ioxynil,2.4063099667092603e-08,kg,False
Lead-210,2.4327605732145967,kBq,False
Silicon,0.00904862097527329,kg,False
"Hydrocarbons, aliphatic, unsaturated",1.0866930899187715e-15,kg,False
Kaolinite,0.03736415990321116,kg,True
Ametryn,1.4794605614638398e-07,kg,False
Basalt,0.1287148979902195,kg,True
Ethofumesate,1.6370895263970353e-14,kg,False
Talc,0.003833269742620953,kg,True
Carbendazim,6.914130706672537e-07,kg,False
Ytterbium,1.722938621465522e-07,kg,True
Tebuthiuron,5.030072770067767e-06,kg,False
Dimethenamide,1.0299034072570092e-12,kg,False
Spodumene,0.0001570921565030906,kg,True
Ethyl benzene,0.00012752591009927738,kg,False
Trimethyl borate,2.0295193634608833e-08,kg,False
Alkylbenzene (c10-c15),2.220386056213319e-10,kg,False
Fenamidone,2.560956144116746e-11,kg,False
Xenon-138,3.1047913072667295,kBq,False
Quizalofop-P,5.128700966962368e-13,kg,False
Rubidium,2.5424977912388043e-05,kg,False
"Radioactive species, Nuclides, unspecified",3.063320982668252,kBq,False
Sodium sulfate,0.011360463649784202,kg,True
Sulfur dichloride,2.1585021792225073e-10,kg,False
Quizalofop-p-ethyl,4.879992055120549e-09,kg,False
Asulam,5.450716443398775e-09,kg,False
"Transformation, to permanent crop, non-irrigated, intensive",0.049466741620169404,m2,True
Lactic acid,1.90732158393344e-08,kg,False
Argon-41,0.15005353782416708,kBq,False
"Carboxylic acids, unspecified",0.00010865441877853241,kg,False
Uranium-238,0.07751644536374296,kBq,False
Pymetrozine,1.68974504086979e-16,kg,False
Pyriproxyfen,6.0580966088646975e-09,kg,False
Bromine,0.0017797484538671629,kg,False
Sulfate,0.33942959090700203,kg,False
Phosphorus trichloride,2.319734680612479e-13,kg,False
"2,4-D ester",4.9886816058001993e-08,kg,False
Lanthanum-140,7.210728786664297e-06,kBq,False
2-Methyl-2-butene,1.4996637087596664e-12,kg,False
Fentin hydroxide,4.779835020183871e-08,kg,False
Spirotetramat,1.2525086311919008e-15,kg,False
"Occupation, permanent crop, irrigated, intensive",0.0010274068519959567,m2*a,True
Acrolein,2.641208147304227e-07,kg,False
Holmium,6.676387158178894e-08,kg,True
Spirotetramat,5.449016343180618e-12,kg,False
Nitrate,1.4147230640376008e-05,kg,False
Cyazofamid,8.509192487974671e-11,kg,False
Alpha-cypermethrin,1.5956875905861832e-13,kg,False
Pentafluoroethane,4.0840575376521775e-13,kg,False
Maleic hydrazide,1.3294484471079712e-13,kg,False
"Herbicides, unspecified",3.643014977135897e-10,kg,False
Carbendazim,8.216053745222945e-08,kg,False
Haloxyfop-P,3.9265314296083905e-13,kg,False
Fenoxaprop ethyl ester,4.065974273273252e-09,kg,False
tert-Butanol,8.114027450923168e-05,kg,False
Tebuthiuron,2.086788535342037e-08,kg,False
Potassium I,0.08103222897929371,kg,False
Bromine,3.510752133991958e-07,kg,False
Fluopyram,6.944021692779934e-16,kg,False
Antimony ion,2.212820394023127e-07,kg,False
Silver I,3.0297159687570886e-07,kg,False
"Dibenz(a,h)anthracene",1.048049890762321e-12,kg,False
Dodecanol,7.311610432457694e-14,kg,False
"1,1,2-Trichloro-1,2,2-trifluoroethane",5.825404311842544e-06,kg,False
"Xylenes, unspecified",0.00024831558927912906,kg,False
Ethofumesate,5.645136297920824e-16,kg,False
Asulam,3.6728302843054133e-16,kg,False
Phenmedipham,3.863913690826381e-16,kg,False
Potassium-40,0.01796254280174015,kBq,False
Teflubenzuron,1.0488988537075052e-18,kg,False
"Occupation, pasture, man made, extensive",2.2187646845964667e-06,m2*a,True
Caesium I,2.542497791238804e-06,kg,False
Xenon-133m,0.0517054623158586,kBq,False
Triethylammonium,1.1056360220250394e-08,kg,False
Benthiavalicarb,7.641418900039776e-12,kg,False
"NMVOC, non-methane volatile organic compounds",1.0585516585655896e-07,kg,False
Sulfuric acid,5.864327740383509e-05,kg,False
Scandium,2.6811408679345984e-07,kg,False
Fipronil,1.2543629174413036e-07,kg,False
Chlorimuron-ethyl,1.0147063028084798e-09,kg,False
Carbon tetrachloride,0.00010794432548143599,kg,False
Phenol,0.0001381440990022048,kg,False
Chloroacetic acid,1.9440721854582128e-07,kg,False
Fenoxaprop-P ethyl ester,2.647868816145113e-09,kg,False
Acetamiprid,5.246737632967618e-17,kg,False
"Occupation, permanent crop",0.031773008789113294,m2*a,True
"Volume occupied, final repository for radioactive waste",2.636188280174184e-06,m3,True
Acetamiprid,6.25669864157471e-10,kg,False
Quintozene,2.9995594632081845e-07,kg,False
Sulfadiazine,2.872587167792449e-09,kg,False
Chloride,5.138397465674281,kg,False
"Xylenes, unspecified",0.00046405400944368687,kg,False
Fluosilicic acid,1.544479324417457e-06,kg,False
Sulfur,3.859659232566352e-05,kg,False
Carbaryl,6.71273262538686e-11,kg,False
Fluazinam,5.54750427358556e-11,kg,False
Manganese-54,6.711873336014734e-07,kBq,False
Acetamiprid,6.841188664900294e-09,kg,False
Cumene,9.598400682294705e-06,kg,False
Aldrin,1.1690588555277853e-05,kg,False
"Occupation, grassland, natural (non-use)",0.5657403065275407,m2*a,True
"Transformation, to traffic area, rail/road embankment",0.007558187374685239,m2,True
Vinyl chloride,1.090449756043135e-06,kg,False
Barium-140,0.00021949639828584909,kBq,False
Phosphorus pentachloride,2.3785558323573696e-08,kg,False
Silicon dioxide,1.076171271567426,kg,True
Ethyl cellulose,0.00011787347695114492,kg,False
Zoxamide,2.144756102454537e-11,kg,False
Calcium II,0.009843251428167775,kg,False
Cyclohexane,4.77754888758726e-06,kg,False
Chlorantraniliprole,3.5309657723889307e-12,kg,False
Chromium III,3.5117860098476334e-06,kg,False
Benzovindiflupyr,7.533647778943353e-12,kg,False
Triflumuron,3.4482308663422803e-09,kg,False
Chlorosulfonic acid,6.278537539996911e-09,kg,False
Methoxyfenozide,2.0428354935582652e-11,kg,False
Ketene,0.0001755033684481574,kg,False
Amisulbrom,4.533198468123752e-12,kg,False
Isopropanol,2.0650683719202413e-05,kg,False
Kaolin,1.91697714619702e-13,kg,False
Bifenthrin,1.063406517566782e-11,kg,False
Methyl formate,2.0783392840059352e-08,kg,False
Ethyl acetate,0.0003506899164409743,kg,False
Chloridazon,1.8890930997679002e-08,kg,False
Peracetic acid,3.552738059672388e-05,kg,False
Propamocarb HCl,2.397644051036052e-09,kg,False
Urea,5.116321727868036e-10,kg,False
Iodide,1.5780154275245087e-05,kg,False
Propanil,4.0778854610821515e-08,kg,False
MCPB,9.161829339956102e-12,kg,False
"Fungicides, unspecified",3.73225301806415e-08,kg,False
"Occupation, traffic area, rail/road embankment",1.1772427791837685,m2*a,True
Diethyl ether,5.577246807756758e-13,kg,False
Butanol,1.5776047331994034e-08,kg,False
Methyl acetate,5.920408083949653e-06,kg,False
Cloquintocet-mexyl,1.0498345177491344e-09,kg,False
Chlorpyrifos,2.891142200857209e-09,kg,False
Ethofumesate,4.461642117942762e-12,kg,False
Carbendazim,1.5255658336822024e-10,kg,False
Boron,0.0007245059494422829,kg,False
Malathion,8.509906948101938e-08,kg,False
Phosphorous acid,1.0757638069425186e-10,kg,False
Diuron,1.830285058780961e-12,kg,False
Pyrene,3.550353163139169e-07,kg,False
Parathion,4.429236914273961e-09,kg,False
"Transformation, from grassland, natural (non-use)",0.03270024963238139,m2,True
Pyriproxyfen,2.016522028740615e-12,kg,False
Trimethylchlorosilane,2.246910324342625e-05,kg,False
Carbosulfan,6.94943225969843e-10,kg,False
Trimethylamine,1.7418123310462222e-09,kg,False
Chlorimuron-ethyl,2.096657425228078e-10,kg,False
Radium-224,0.6414721927295504,kBq,False
Profenofos,4.036685047012778e-06,kg,False
Acephate,3.989515158731221e-09,kg,False
Zinc II,6.1186932109175e-09,kg,False
"Transformation, from dump site, slag compartment",0.0001352406352176836,m2,True
"Transformation, to heterogeneous, agricultural",0.09454098082356766,m2,True
Dimethylamine,6.723915305996899e-08,kg,False
Thorium-234,0.024320589353692103,kBq,False
Thifensulfuron-methyl,1.812828936511292e-09,kg,False
Diethyl ether,1.3964620074209573e-16,kg,False
Anhydrite,2.781661444149085e-06,kg,True
Iodosulfuron,4.620981394775561e-11,kg,False
Benzyl alcohol,2.487419267577013e-08,kg,False
Carbon,7.695586829943097e-07,kg,False
Vinylidene chloride,6.092053742112272e-07,kg,False
Ethyl acetate,5.57531110189323e-05,kg,False
Triasulfuron,2.916071115486024e-10,kg,False
"Water, in air",0.00013163908132225526,m3,True
Diquat,1.3753064898458354e-06,kg,False
Feldspar,1.568542205399143e-09,kg,True
Quizalofop-P,5.43324391174623e-17,kg,False
Magnesium,5.063075324627571e-16,kg,False
Diclofop,4.879240948969078e-08,kg,False
2-Methyl-2-butene,5.8282792330675655e-12,kg,False
Chloroform,9.965470946092786e-05,kg,False
Pyraflufen-ethyl,1.580546606027875e-17,kg,False
"N,N-Dimethylformamide",9.901091860955409e-09,kg,False
Krypton-89,0.15213762589126242,kBq,False
2-Ethylhexanal,0.0,kg,False
Calcium acetate,0.0,kg,False
"Transformation, from permanent crop, non-irrigated, intensive",0.0,m2,True
Terbacil,0.0,kg,False
Diethofencarb,0.0,kg,False
Diethofencarb,0.0,kg,False
"Insecticides, unspecified",0.0,kg,False
Spirodiclofen,0.0,kg,False
Spirodiclofen,0.0,kg,False
Acibenzolar-S-methyl,0.0,kg,False
Oryzalin,0.0,kg,False
Tebufenozide,0.0,kg,False
Oryzalin,0.0,kg,False
Fenhexamid,0.0,kg,False
Spirodiclofen,0.0,kg,False
Dimethoate,0.0,kg,False
Carbendazim,0.0,kg,False
Fenhexamid,0.0,kg,False
Thiamethoxam,0.0,kg,False
Diethofencarb,0.0,kg,False
Acibenzolar-S-methyl,0.0,kg,False
Tebufenozide,0.0,kg,False
Dimethoate,0.0,kg,False
Fosetyl,0.0,kg,False
Iprodione,0.0,kg,False
Iprodione,0.0,kg,False
Acibenzolar-S-methyl,0.0,kg,False
Diethofencarb,0.0,kg,False
Oryzalin,0.0,kg,False
Fosetyl,0.0,kg,False
Fenhexamid,0.0,kg,False
"Insecticides, unspecified",0.0,kg,False
Abamectin,0.0,kg,False
Tebufenozide,0.0,kg,False
Iprodione,0.0,kg,False
Fosetyl,0.0,kg,False
"Fungicides, unspecified",0.0,kg,False
Acibenzolar-S-methyl,0.0,kg,False
Fenhexamid,0.0,kg,False
"Insecticides, unspecified",0.0,kg,False
Tebufenozide,0.0,kg,False
Spirodiclofen,0.0,kg,False
Flutriafol,0.0,kg,False
Methylcyclohexane,0.0,kg,False
"1,2-Dichloro-1,1,2,2-tetrafluoroethane",0.0,kg,False
Fosetyl-Al,0.0,kg,False
Diethylene glycol,0.0,kg,False
Diethylene glycol,0.0,kg,False
Chloroprene,0.0,kg,False
Chloroprene,0.0,kg,False
Hydrogen,0.0,kg,False
Propylene carbonate,0.0,kg,False
Fomesafen,0.0,kg,False
"Hydrocarbons, unspecified",0.0,kg,False
S-Metolachlor,0.0,kg,False
Halosulfuron,0.0,kg,False
Metconazole,0.0,kg,False
Fomesafen,0.0,kg,False
Pyraclostrobin,0.0,kg,False
Halosulfuron,0.0,kg,False
Fluazinam,0.0,kg,False
"Hydrocarbons, unspecified",0.0,kg,False
Surfactant blend,0.0,kg,False
Dimethenamid-P,0.0,kg,False
Saflufenacil,0.0,kg,False
Surfactant blend,0.0,kg,False
Surfactant blend,0.0,kg,False
Fluopyram,0.0,kg,False
Methyl propionate,0.0,kg,False
Methyl propionate,0.0,kg,False
Hydramethylnon,0.0,kg,False
Hexazinone,0.0,kg,False
Fenamiphos,0.0,kg,False
Bromacil,0.0,kg,False
p-Nitrotoluene,0.0,kg,False
m-Nitrotoluene,0.0,kg,False
Flonicamid,0.0,kg,False
Flonicamid,0.0,kg,False
Flonicamid,0.0,kg,False
Glucose,0.0,kg,False
Oxygen,0.0,kg,False
Iodopropynyl butylcarbamate,0.0,kg,False
Isobutanol,0.0,kg,False
"1,4-Butanediol",0.0,kg,False
Iodopropynyl butylcarbamate,0.0,kg,False
Chlorfenvinphos,0.0,kg,False
Propyl propionate,0.0,kg,False
Propanol,0.0,kg,False
Propanol,0.0,kg,False
Helium,0.0,kg,False
Sodium hexafluorophosphate,0.0,kg,False
Pyrite,0.0,kg,True
Azadirachtin,0.0,kg,False
Azadirachtin,0.0,kg,False
Azadirachtin,0.0,kg,False
Ethylene glycol monoethyl ether,0.0,kg,False
Ethylene glycol monoethyl ether,0.0,kg,False
o-Chlorobenzaldehyde,0.0,kg,False
"Fatty acids, c9-13-neo-",0.0,kg,False
Pyrethrins,0.0,kg,False
Potassium bicarbonate,0.0,kg,False
Potassium bicarbonate,0.0,kg,False
"Fatty acids, c9-13-neo-",0.0,kg,False
Potassium bicarbonate,0.0,kg,False
Pyrethrins,0.0,kg,False
"Fatty acids, c9-13-neo-",0.0,kg,False
Pyrethrins,0.0,kg,False
Potassium bicarbonate,0.0,kg,False
"Fatty acids, c9-13-neo-",0.0,kg,False
EPTC,0.0,kg,False
Methylbutynol,0.0,kg,False
2-Ethylhexanol,0.0,kg,False
2-Ethyl hexyl acrylate,0.0,kg,False
Aluminium sulfate,0.0,kg,False
Aluminium sulfate,0.0,kg,False
Aluminium sulfate,0.0,kg,False
Aluminium sulfate,0.0,kg,False
Manganese II,0.0,kg,True
Bromide,0.0,kg,False
Calcium II,0.0,kg,True
Potassium I,0.0,kg,True
Bromide,0.0,kg,True
Sodium I,0.0,kg,True
Chloride,0.0,kg,True
o-Chlorotoluene,0.0,kg,False
Rotenone,0.0,kg,False
Pyrethrin II,0.0,kg,False
Hexane,0.0,kg,False
Cyclopentane,0.0,kg,False
Isobutane,0.0,kg,False
Diethyl carbonate,0.0,kg,False
Propylene glycol,0.0,kg,False
Triallate,0.0,kg,False
Triallate,0.0,kg,False
Flazasulfuron,0.0,kg,False
Folpet,0.0,kg,False
Myclobutanil,0.0,kg,False
Fosetyl-Al,0.0,kg,False
Fenpyrazamine,0.0,kg,False
Proquinazid,0.0,kg,False
Mepanipyrim,0.0,kg,False
Iprovalicarb,0.0,kg,False
Myclobutanil,0.0,kg,False
Folpet,0.0,kg,False
Flazasulfuron,0.0,kg,False
Iprovalicarb,0.0,kg,False
Flazasulfuron,0.0,kg,False
Folpet,0.0,kg,False
Quinoxyfen,0.0,kg,False
Flazasulfuron,0.0,kg,False
Penconazole,0.0,kg,False
Iprovalicarb,0.0,kg,False
Cyflufenamid,0.0,kg,False
Cyflufenamid,0.0,kg,False
Proquinazid,0.0,kg,False
Mepanipyrim,0.0,kg,False
Fenpyrazamine,0.0,kg,False
Proquinazid,0.0,kg,False
Fenpyrazamine,0.0,kg,False
Proquinazid,0.0,kg,False
Penconazole,0.0,kg,False
Iprovalicarb,0.0,kg,False
Fenpyrazamine,0.0,kg,False
Penconazole,0.0,kg,False
Cyflufenamid,0.0,kg,False
Quinoxyfen,0.0,kg,False
Penconazole,0.0,kg,False
Quinoxyfen,0.0,kg,False
Folpet,0.0,kg,False
Mepanipyrim,0.0,kg,False
Myclobutanil,0.0,kg,False
Fosetyl-Al,0.0,kg,False
Cyflufenamid,0.0,kg,False
Fosetyl-Al,0.0,kg,False
Mepanipyrim,0.0,kg,False
Chlorfenapyr,0.0,kg,False
Diflufenzopyr,0.0,kg,False
Glufosinate ammonium,0.0,kg,False
Glufosinate ammonium,0.0,kg,False
Diflufenzopyr,0.0,kg,False
Sodium dihydrogen phosphate,0.0,kg,False
Carbon,0.0,kg,False
Barite,0.0,kg,False
Benfluralin,0.0,kg,False
Dichlorodifluoromethane,0.0,kg,False
Acrolein,0.0,kg,False
"3,4-Dichloro-1-butene",0.0,kg,False
"1,4-Dichloro-2-butene",0.0,kg,False
Dimethyl hexynediol,0.0,kg,False
p-Toluidine,0.0,kg,False
Cyclohexane,0.0,kg,False
Butyraldehyde,0.0,kg,False
Butyraldehyde,0.0,kg,False
Monoethanolamine,0.0,kg,False
Methydiethanolamine,0.0,kg,False
m-Toluidine,0.0,kg,False
Linalool,0.0,kg,False
Dehydrolinalool,0.0,kg,False
Acrylonitrile,0.0,kg,False
Acrylonitrile,0.0,kg,False
Diethylene glycol,0.0,kg,False
Vermiculite,0.0,kg,True
Methylbutenol,0.0,kg,False
Methylbutenol,0.0,kg,False
Methylheptenone,0.0,kg,False
Disodium phosphate,0.0,kg,False
Diethyl ketone,0.0,kg,False
3-Methyl-1-butanol,0.0,kg,False
3-Methyl-1-butanol,0.0,kg,False
Perchlorate,0.0,kg,False
"2,4-D dimethylamine salt",0.0,kg,False
Ethylene glycol dimethyl ether,0.0,kg,False
Ethylene glycol dimethyl ether,0.0,kg,False
Cobalt oxide,0.0,kg,False
Hexythiazox,0.0,kg,False
Hexythiazox,0.0,kg,False
Captan,0.0,kg,False
1-naphthylacetic acid,0.0,kg,False
Bupirimate,0.0,kg,False
6-benzyladenine,0.0,kg,False
1-naphthylacetic acid,0.0,kg,False
1-naphthylacetic acid,0.0,kg,False
Spinetoram,0.0,kg,False
6-benzyladenine,0.0,kg,False
Methoxyfenozide,0.0,kg,False
Bupirimate,0.0,kg,False
Hexythiazox,0.0,kg,False
Hexythiazox,0.0,kg,False
Spinetoram,0.0,kg,False
Penthiopyrad,0.0,kg,False
Spinetoram,0.0,kg,False
Bupirimate,0.0,kg,False
Penthiopyrad,0.0,kg,False
6-benzyladenine,0.0,kg,False
6-benzyladenine,0.0,kg,False
Captan,0.0,kg,False
1-naphthylacetic acid,0.0,kg,False
Penthiopyrad,0.0,kg,False
Dithianon,0.0,kg,False
Spinetoram,0.0,kg,False
Diflubenzuron,0.0,kg,False
Bupirimate,0.0,kg,False
Captan,0.0,kg,False
Penthiopyrad,0.0,kg,False
Dithianon,0.0,kg,False
Dithianon,0.0,kg,False
Furathiocarb,0.0,kg,False
Triforine,0.0,kg,False
Flubendiamide,0.0,kg,False
Acenaphthene,0.0,kg,False
Vinylacetylene,0.0,kg,False
Propachlor,0.0,kg,False
EPTC,0.0,kg,False
Pydiflumetofen,0.0,kg,False
Dinitrogen tetroxide,0.0,kg,False
Calcium polysulphid,0.0,kg,False
Calcium polysulphid,0.0,kg,False
Calcium polysulphid,0.0,kg,False
Calcium polysulphid,0.0,kg,False
2-Methylbutanal,0.0,kg,False
Pentanal,0.0,kg,False
Butene,0.0,kg,False
2-Methylbutanal,0.0,kg,False
"Oils, unspecified",0.0,kg,False
Dimethyl hexanediol,0.0,kg,False
Fipronil,0.0,kg,False
Krypton-85,0.0,kBq,False
Ethylamine,0.0,kg,False
Alachlor,0.0,kg,False
Methanol,0.0,kg,False
Iridium,0.0,kg,True
Xenon-135,0.0,kBq,False
Iodine-129,0.0,kBq,False
Acrylonitrile,0.0,kg,False
t-Butyl methyl ether,0.0,kg,False
Trimethylamine,0.0,kg,False
Thorium-230,0.0,kBq,False
Cumene,0.0,kg,False
Dicrotophos,0.0,kg,False
2-Methyl-2-butene,0.0,kg,False
Silicon tetrafluoride,0.0,kg,False
Tritium,0.0,kBq,False
Methyl isobutyl ketone,0.0,kg,False
Esfenvalerate,0.0,kg,False
2-Methyl-2-butene,0.0,kg,False
"Transformation, from cropland fallow (non-use)",0.0,m2,True
Lanthanum,0.0,kg,False
Iodine-133,0.0,kBq,False
Ruthenium,0.0,kg,True
Dimethyl malonate,0.0,kg,False
Uranium-235,0.0,kBq,False
Osmium,0.0,kg,True
"Nitrogen, organic bound",0.0,kg,False
Perfluoropentane,0.0,kg,False
Dimethoate,0.0,kg,False
Cobalt-60,0.0,kBq,False
Propyl amine,0.0,kg,False
o-Nitrotoluene,0.0,kg,False
Plutonium-alpha,0.0,kBq,False
Thiram,0.0,kg,False
Chloroacetic acid,0.0,kg,False
Pentafluoroethane,0.0,kg,False
1-Pentene,0.0,kg,False
Imazaquin,0.0,kg,False
Methyl parathion,0.0,kg,False
Tetrachloroethylene,0.0,kg,False
Pyrithiobac sodium salt,0.0,kg,False
Antimony-124,0.0,kBq,False
Ethylene diamine,0.0,kg,False
Nitrogen fluoride,0.0,kg,False
Tribufos,0.0,kg,False
Ruthenium-103,0.0,kBq,False
Caesium-134,0.0,kBq,False
Cyclohexane,0.0,kg,False
Selenium IV,0.0,kg,False
Acifluorfen,0.0,kg,False
Chloramine,0.0,kg,False
Iodine-131,0.0,kBq,False
Diethylamine,0.0,kg,False
Cerium-141,0.0,kBq,False
Flumiclorac-pentyl,0.0,kg,False
Triethylene glycol,0.0,kg,False
Hydrazine,0.0,kg,False
Diethylene glycol,0.0,kg,False
Uranium-234,0.0,kBq,False
Butyrolactone,0.0,kg,False
Xenon-133,0.0,kBq,False
Butyrolactone,0.0,kg,False
1-Pentanol,0.0,kg,False
"Transformation, from permanent crop, non-irrigated, extensive",0.0,m2,True
Nitrobenzene,0.0,kg,False
Xenon-131m,0.0,kBq,False
Tungsten,0.0,kg,False
Chromium-51,0.0,kBq,False
Zirconium,0.0,kg,False
Methyl lactate,0.0,kg,False
"Heat, waste",0.0,MJ,False
t-Butyl amine,0.0,kg,False
Butyl acetate,0.0,kg,False
Xenon-138,0.0,kBq,False
Dipropyl amine,0.0,kg,False
o-Xylene,0.0,kg,False
Butyl acetate,0.0,kg,False
Argon-41,0.0,kBq,False
Isoprene,0.0,kg,False
o-Dichlorobenzene,0.0,kg,False
Cinnabar,0.0,kg,True
Isobutanol,0.0,kg,False
Benzo(k)fluoranthene,0.0,kg,False
Thidiazuron,0.0,kg,False
Trifluoromethane,0.0,kg,False
Silver-110,0.0,kBq,False
Curium alpha,0.0,kBq,False
Flumetsulam,0.0,kg,False
Manganese-54,0.0,kBq,False
Ruthenium-106,0.0,kBq,False
Phosphine,0.0,kg,False
Technetium-99,0.0,kBq,False
Imazaquin,0.0,kg,False
Carbon-14,0.0,kBq,False
Zinc-65,0.0,kBq,False
Cobalt-60,0.0,kBq,False
"Dioxins, measured as 2,3,7,8-tetrachlorodibenzo-p-dioxin",0.0,kg,False
Krypton-88,0.0,kBq,False
"Occupation, forest, unspecified",0.0,m2*a,True
Phosphoric acid,0.0,kg,False
Acrylic acid,0.0,kg,False
Protactinium-234,0.0,kBq,False
Dichromate,0.0,kg,False
Sodium dichromate,0.0,kg,False
Mancozeb,0.0,kg,False
Acetonitrile,0.0,kg,False
Americium-241,0.0,kBq,False
Triethylene glycol,0.0,kg,False
Colemanite,0.0,kg,True
Antimony-125,0.0,kBq,False
Arsine,0.0,kg,False
Hexane,0.0,kg,False
Stibnite,0.0,kg,True
Anthracene,0.0,kg,False
Ruthenium-106,0.0,kBq,False
Krypton-89,0.0,kBq,False
Zirconium-95,0.0,kBq,False
Prometryn,0.0,kg,False
"Herbicides, unspecified",0.0,kg,False
Xenon-137,0.0,kBq,False
Plutonium-alpha,0.0,kBq,False
Tetrachloroethylene,0.0,kg,False
"1,4-Butanediol",0.0,kg,False
Caesium-137,0.0,kBq,False
Iodine-129,0.0,kBq,False
Carbon-14,0.0,kBq,False
"Oils, unspecified",0.0,kg,False
Krypton-87,0.0,kBq,False
Acetic acid,0.0,kg,False
Hydrogen peroxide,0.0,kg,False
Acrylate,0.0,kg,False
Uranium-234,0.0,kBq,False
Barium-140,0.0,kBq,False
Iodine-131,0.0,kBq,False
Lactofen,0.0,kg,False
Lactic acid,0.0,kg,False
Nitrobenzene,0.0,kg,False
Niobium-95,0.0,kBq,False
Caesium-134,0.0,kBq,False
MSMA,0.0,kg,False
Aniline,0.0,kg,False
Isohexane,0.0,kg,False
Beryllium II,0.0,kg,False
"Transformation, to bare area (non-use)",0.0,m2,True
Cobalt-58,0.0,kBq,False
Deltamethrin,0.0,kg,False
Lanthanum-140,0.0,kBq,False
Sodium formate,0.0,kg,False
"1,1,1-Trifluoroethane",0.0,kg,False
Methyl parathion,0.0,kg,False
Thorium-234,0.0,kBq,False
Methyl vinyl ketone,0.0,kg,False
Amine oxides,0.0,kg,False
Potassium acetate,0.0,kg,False
Monochloroethane,0.0,kg,False
Ethylene glycol monoethyl ether,0.0,kg,False
Monochloroethane,0.0,kg,False
Hydrazine,0.0,kg,False
Glycidol,0.0,kg,False
Ethyl propionate,0.0,kg,False
Ethyl propionate,0.0,kg,False
Bromopropane,0.0,kg,False
Bromopropane,0.0,kg,False
Benzaldehyde,0.0,kg,False
Pentane,0.0,kg,False
Chlorosulfonic acid,0.0,kg,False
Sulfur trioxide,0.0,kg,False
Methyl vinyl ether,0.0,kg,False
Succinonitrile,0.0,kg,False
2-Ethyl-2-hexenal,0.0,kg,False
"1,1,2,2-Tetrafluoroethene",4.652842157907776e-05,kg,False
Sodium hydroxide,0.0,kg,False
Mesityl oxide,0.0,kg,False
Carboxin,0.0,kg,False
Propylene glycol,0.0,kg,False
S-Metolachlor,0.0,kg,False
Carboxin,0.0,kg,False
Carboxin,0.0,kg,False
S-Metolachlor,0.0,kg,False
Chlorothalonil,0.0,kg,False
Trifluralin,0.0,kg,False
Chlorothalonil,0.0,kg,False
Diafenthiuron,0.0,kg,False
Fluazifop-P-butyl,0.0,kg,False
Fluazifop-P-butyl,0.0,kg,False
"Occupation, urban, green area",0.0,m2*a,True
Methyl isopropyl ketone,0.0,kg,False
Methyl isopropyl ketone,0.0,kg,False
"Transformation, to annual crop, irrigated, extensive",0.0,m2,True
"Occupation, permanent crop, irrigated, extensive",0.0,m2*a,True
"Occupation, annual crop, flooded crop",0.0,m2*a,True
"Occupation, heterogeneous, agricultural",0.0,m2*a,True
"Occupation, permanent crop, non-irrigated, extensive",0.0,m2*a,True
"Occupation, forest, secondary (non-use)",0.0,m2*a,True
"Occupation, annual crop, irrigated, extensive",0.0,m2*a,True
Chlorothalonil,0.0,kg,False
Resmethrin,0.0,kg,False
Carbophenothion,0.0,kg,False
Methyl isobutyl ketone,0.0,kg,False
Fenamiphos,0.0,kg,False
Prochloraz,0.0,kg,False
Thiabendazole,0.0,kg,False
Methiocarb,0.0,kg,False
Parathion,0.0,kg,False
Etrimfos,0.0,kg,False
Dithianon,0.0,kg,False
Tecnazene,0.0,kg,False
Tebuthiuron,0.0,kg,False
Fenitrothion,0.0,kg,False
Resmethrin,0.0,kg,False
Dodine,0.0,kg,False
Fenchlorphos,0.0,kg,False
Dicamba,0.0,kg,False
Oxamyl,0.0,kg,False
Chlorpyrifos methyl,0.0,kg,False
Fentin chloride,0.0,kg,False
Dichlofluanid,0.0,kg,False
Thiram,0.0,kg,False
Glufosinate ammonium,0.0,kg,False
Methomyl,0.0,kg,False
Cyhexatin,0.0,kg,False
Pyrethrins,0.0,kg,False
Leptophos,0.0,kg,False
Fentin chloride,0.0,kg,False
Glyphosate,0.0,kg,False
Hexazinone,0.0,kg,False
Pyrazophos,0.0,kg,False
Fenchlorphos,0.0,kg,False
Fenpropathrin,0.0,kg,False
Dichlofluanid,0.0,kg,False
Paraquat,0.0,kg,False
Fenarimol,0.0,kg,False
Butylate,0.0,kg,False
Propineb,0.0,kg,False
MCPB,0.0,kg,False
Propazine,0.0,kg,False
Chinomethionate,0.0,kg,False
Propazine,0.0,kg,False
Phenothrin,0.0,kg,False
"1,1,2-Trichloroethane",0.0,kg,False
Thiometon,0.0,kg,False
Flucythrinate,0.0,kg,False
Ziram,0.0,kg,False
Phenmedipham,0.0,kg,False
Fenitrothion,0.0,kg,False
Vinclozolin,0.0,kg,False
Triallate,0.0,kg,False
Triallate,0.0,kg,False
Isoxaben,0.0,kg,False
Pyrethrins,0.0,kg,False
Thallium I,0.0,kg,False
Ethylene glycol monoethyl ether,0.0,kg,False
Imazalil,0.0,kg,False
Hydramethylnon,0.0,kg,False
Propineb,0.0,kg,False
Endothall,0.0,kg,False
Paraquat dichloride,0.0,kg,False
Silver I,0.0,kg,False
"2,4-Dichlorophenol",0.0,kg,False
2-Methyl-2-butene,0.0,kg,False
Dimethyl ether,0.0,kg,False
Methyl acetate,0.0,kg,False
Amitrole,0.0,kg,False
Ethylene oxide,0.0,kg,False
"p,p'-DDD",0.0,kg,False
Monochlorobenzene,0.0,kg,False
Aldrin,0.0,kg,False
Trichloroethylene,0.0,kg,False
t-Butyl methyl ether,0.0,kg,False
Daminozide,0.0,kg,False
Chlordane,0.0,kg,False
Amitrole,0.0,kg,False
Vinyl chloride,0.0,kg,False
"Xylenes, unspecified",0.0,kg,False
Dioctyl phthalate,0.0,kg,False
Quintozene,0.0,kg,False
Aramite,0.0,kg,False
Arsenic ion,0.0,kg,False
Rabon,0.0,kg,False
Chlordane,0.0,kg,False
Aldrin,0.0,kg,False
Metapa,0.0,kg,False
Dichlorvos,0.0,kg,False
Diethylene glycol,0.0,kg,False
Diallate,0.0,kg,False
Griseofulvin,0.0,kg,False
Piperonyl sulfoxide,0.0,kg,False
Butyl benzyl phthalate,0.0,kg,False
Mirex,0.0,kg,False
Monochloroethane,0.0,kg,False
Styrene,0.0,kg,False
Rabon,0.0,kg,False
N-nitrosodimethylamine,0.0,kg,False
Ziram,0.0,kg,False
Hexachloroethane,0.0,kg,False
Butyl benzyl phthalate,0.0,kg,False
Amitrole,0.0,kg,False
Chlordecone,0.0,kg,False
Griseofulvin,0.0,kg,False
"p,p'-DDD",0.0,kg,False
"2,2-Dichloro-1,1,1-trifluoroethane",0.0,kg,False
Daminozide,0.0,kg,False
Methidathion,0.0,kg,False
Captan,0.0,kg,False
Trichloroethylene,0.0,kg,False
Acifluorfen,0.0,kg,False
Lindane,0.0,kg,False
Cacodylic acid,0.0,kg,False
Chromium VI,0.0,kg,False
Acifluorfen,0.0,kg,False
N-nitrosodimethylamine,0.0,kg,False
Ethanol,0.0,kg,False
Rabon,0.0,kg,False
Maneb,0.0,kg,False
"Dioxins, measured as 2,3,7,8-tetrachlorodibenzo-p-dioxin",0.0,kg,False
Trichloroethylene,0.0,kg,False
Dicofol,0.0,kg,False
Cyanazine,0.0,kg,False
Hexachloroethane,0.0,kg,False
Carbaryl,0.0,kg,False
Sulfallate,0.0,kg,False
Acephate,0.0,kg,False
Propylene oxide,0.0,kg,False
Benzene,0.0,kg,False
Aldrin,0.0,kg,False
Furfural,0.0,kg,False
Pronamide,0.0,kg,False
Chlordane,0.0,kg,False
Chlordecone,0.0,kg,False
Thiourea,0.0,kg,False
Furfural,0.0,kg,False
Piperonyl butoxide,0.0,kg,False
Vinyl chloride,0.0,kg,False
Mirex,0.0,kg,False
Dicofol,0.0,kg,False
Sulfallate,0.0,kg,False
Aldrin,0.0,kg,False
Piperonyl butoxide,0.0,kg,False
N-nitrosodimethylamine,0.0,kg,False
N-nitrosodimethylamine,0.0,kg,False
Propoxur,0.0,kg,False
Thiofanox,0.0,kg,False
Chinomethionate,0.0,kg,False
Captafol,0.0,kg,False
Chlorthion,0.0,kg,False
Bifenox,0.0,kg,False
Bupirimate,0.0,kg,False
Ethidimuron,0.0,kg,False
2-Imidazolidinone,0.0,kg,False
Butocarboxim,0.0,kg,False
Monocrotophos,0.0,kg,False
Ethylene oxide,0.0,kg,False
Disulfoton,0.0,kg,False
Diquat,0.0,kg,False
Norea,0.0,kg,False
Chlorobenzilate,0.0,kg,False
Methyl parathion,0.0,kg,False
Aphidan,0.0,kg,False
Fenchlorphos,0.0,kg,False
Fluchloralin,0.0,kg,False
Pirimiphos methyl,0.0,kg,False
Hydrazine,0.0,kg,False
Flucythrinate,0.0,kg,False
Nitralin,0.0,kg,False
Butylate,0.0,kg,False
"2,6-Dichloro-4-nitroaniline",0.0,kg,False
Propamocarb,0.0,kg,False
Furalaxyl,0.0,kg,False
Dimethirimol,0.0,kg,False
Diethyltoluamide,0.0,kg,False
Tecnazene,0.0,kg,False
Tribufos,0.0,kg,False
Sulfotep,0.0,kg,False
Tetradifon,0.0,kg,False
Carbon disulfide,0.0,kg,False
Prothiofos,0.0,kg,False
Methoprotryne,0.0,kg,False
Fenoxaprop-P ethyl ester,0.0,kg,False
Fluenetil,0.0,kg,False
Dimethyl phthalate,0.0,kg,False
Tetradifon,0.0,kg,False
Propazine,0.0,kg,False
t-Butyl methyl ether,0.0,kg,False
Propanil,0.0,kg,False
Pyrazoxyfen,0.0,kg,False
Fensulfothion,0.0,kg,False
Endosulfan,0.0,kg,False
Starane,0.0,kg,False
Naled,0.0,kg,False
Thiophanate,0.0,kg,False
Methidathion,0.0,kg,False
Furfural,0.0,kg,False
Carboxin,0.0,kg,False
Isofenphos,0.0,kg,False
"2,4,5-T",0.0,kg,False
Chlorbromuron,0.0,kg,False
Tribufos,0.0,kg,False
Dinoterb,0.0,kg,False
Benzoylprop-ethyl,0.0,kg,False
Fluorodifen,0.0,kg,False
Chlorfenprop-methyl,0.0,kg,False
Ethephon,0.0,kg,False
Dinoseb acetate,0.0,kg,False
Aramite,0.0,kg,False
Bromopropylate,0.0,kg,False
DNOC,0.0,kg,False
Benzoic acid,0.0,kg,False
Trifenmorph,0.0,kg,False
Tridemorph,0.0,kg,False
Butylate,0.0,kg,False
Dinitramine,0.0,kg,False
Beta-cypermethrin,0.0,kg,False
Fenchlorazole-ethyl,0.0,kg,False
Chloroacetic acid,0.0,kg,False
Chloranil,0.0,kg,False
Oxyfluorfen,0.0,kg,False
Fenbutatin oxide,0.0,kg,False
2-Imidazolidinone,0.0,kg,False
Parathion,0.0,kg,False
Ethirimol,0.0,kg,False
Metobromuron,0.0,kg,False
3-Isopropylphenyl methylcarbamate,0.0,kg,False
Simetryn,0.0,kg,False
Fenchlorazole-ethyl,0.0,kg,False
Fentin acetate,0.0,kg,False
Vinclozolin,0.0,kg,False
Fensulfothion,0.0,kg,False
Fenoxycarb,0.0,kg,False
Vamidothion,0.0,kg,False
Phenkapton,0.0,kg,False
t-Butyl amine,0.0,kg,False
Pirimicarb,0.0,kg,False
Fluenetil,0.0,kg,False
Sulfallate,0.0,kg,False
Teflubenzuron,0.0,kg,False
Beta-endosulfan,0.0,kg,False
Fluenetil,0.0,kg,False
Chlorfenac,0.0,kg,False
Triallate,0.0,kg,False
Fenarimol,0.0,kg,False
Pentanochlor,0.0,kg,False
Lindane,0.0,kg,False
Terbumeton,0.0,kg,False
Methidathion,0.0,kg,False
Aspon,0.0,kg,False
Bromomethane,0.0,kg,False
Starane,0.0,kg,False
Dimethrin,0.0,kg,False
Fenfuram,0.0,kg,False
Fentin chloride,0.0,kg,False
Phosmet,0.0,kg,False
"Methyl 2,5-dichlorobenzoate",0.0,kg,False
Ethion,0.0,kg,False
Empenthrin,0.0,kg,False
Carbaryl,0.0,kg,False
Butocarboxim,0.0,kg,False
Ethylene dichloride,0.0,kg,False
Bromuconazole,0.0,kg,False
Oxydisulfoton,0.0,kg,False
"Methyl 2,5-dichlorobenzoate",0.0,kg,False
Chlorbufam,0.0,kg,False
Triadimefon,0.0,kg,False
Fenoxycarb,0.0,kg,False
Niclosamide,0.0,kg,False
Parathion,0.0,kg,False
Propham,0.0,kg,False
Cyclethrin,0.0,kg,False
Isoprothiolane,0.0,kg,False
Fluometuron,0.0,kg,False
Methabenzthiazuron,0.0,kg,False
Aziprotryne,0.0,kg,False
Azinphos-methyl,0.0,kg,False
Oxydemeton-methyl,0.0,kg,False
2-Propen-1-ol,0.0,kg,False
Sodium formate,0.0,kg,False
Oxadixyl,0.0,kg,False
Metolachlor,0.0,kg,False
Phosmet,0.0,kg,False
Bufencarb,0.0,kg,False
2-Propen-1-ol,0.0,kg,False
Hymexazol,0.0,kg,False
Nitralin,0.0,kg,False
"2,4-D sodium salt",0.0,kg,False
Prothiofos,0.0,kg,False
Tin ion,0.0,kg,False
Demeton-S-methyl,0.0,kg,False
Oxine-copper,0.0,kg,False
Pyrethrin I,0.0,kg,False
Propazine,0.0,kg,False
Pyriproxyfen,0.0,kg,False
Benzoximate,0.0,kg,False
Profenofos,0.0,kg,False
Bromacil,0.0,kg,False
Ammonium acetate,0.0,kg,False
Mirex,0.0,kg,False
Dinobuton,0.0,kg,False
Beta-endosulfan,0.0,kg,False
Mirex,0.0,kg,False
Dichlone,0.0,kg,False
Pyrimethanil,0.0,kg,False
Isoprocarb,0.0,kg,False
Nicosulfuron,0.0,kg,False
Thiometon,0.0,kg,False
Sodium formate,0.0,kg,False
Dinoterb,0.0,kg,False
Vamidothion,0.0,kg,False
Metamitron,0.0,kg,False
Etridiazole,0.0,kg,False
Sulfotep,0.0,kg,False
S-Bioallethrin,0.0,kg,False
Acrolein,0.0,kg,False
Dicamba,0.0,kg,False
Dinitramine,0.0,kg,False
Carbetamide,0.0,kg,False
Styrene,0.0,kg,False
Tecnazene,0.0,kg,False
Pronamide,0.0,kg,False
Benzthiazuron,0.0,kg,False
Methamidophos,0.0,kg,False
Butylate,0.0,kg,False
Piperalin,0.0,kg,False
Benzyl alcohol,0.0,kg,False
Terbumeton,0.0,kg,False
Carbetamide,0.0,kg,False
"Methyl 2,5-dichlorobenzoate",0.0,kg,False
8-Quinolinol,0.0,kg,False
Heptachlor,0.0,kg,False
Glyodin,0.0,kg,False
Paclobutrazol,0.0,kg,False
Quintozene,0.0,kg,False
Amitraz,0.0,kg,False
Chinomethionate,0.0,kg,False
Chlorfenson,0.0,kg,False
Etofenprox,0.0,kg,False
MCPA-thioethyl,0.0,kg,False
Metolcarb,0.0,kg,False
Cycloate,0.0,kg,False
P-tert-amylphenol,0.0,kg,False
Ethylamine,0.0,kg,False
Butachlor,0.0,kg,False
Glyoxal,0.0,kg,False
Cyromazine,0.0,kg,False
Phosmet,0.0,kg,False
Peracetic acid,0.0,kg,False
Triasulfuron,0.0,kg,False
Acetic acid,0.0,kg,False
Methyl parathion,0.0,kg,False
Thiourea,0.0,kg,False
Molinate,0.0,kg,False
Daminozide,0.0,kg,False
Dichlobenil,0.0,kg,False
Ethidimuron,0.0,kg,False
1-Pentanol,0.0,kg,False
Nonanoic acid,0.0,kg,False
Ioxynil sodium,0.0,kg,False
Bronopol,0.0,kg,False
Pyrazophos,0.0,kg,False
Malathion,0.0,kg,False
Endothall,0.0,kg,False
Myclobutanil,0.0,kg,False
Piperonyl butoxide,0.0,kg,False
t-Butyl amine,0.0,kg,False
Tetrasul,0.0,kg,False
Carbofuran,0.0,kg,False
Fluenetil,0.0,kg,False
Propyl amine,0.0,kg,False
Bronopol,0.0,kg,False
Octanoic acid,0.0,kg,False
Phenothrin,0.0,kg,False
Sulfometuron methyl,0.0,kg,False
Fenthion,0.0,kg,False
Fluroxypyr,0.0,kg,False
Picloram,0.0,kg,False
Hexachlorocyclohexane,0.0,kg,False
Schradan,0.0,kg,False
Chlorpyrifos methyl,0.0,kg,False
Isoprocarb,0.0,kg,False
Pyraclofos,0.0,kg,False
Omethoate,0.0,kg,False
Demeton-S-methyl,0.0,kg,False
Acrylonitrile,0.0,kg,False
Bendiocarb,0.0,kg,False
Carbosulfan,0.0,kg,False
Diethylamine,0.0,kg,False
Prometon,0.0,kg,False
Diclofop-methyl,0.0,kg,False
Terbuthylazin,0.0,kg,False
Difenzoquat,0.0,kg,False
Chloramine,0.0,kg,False
Allidochlor,0.0,kg,False
Propamocarb HCl,0.0,kg,False
Benzoylprop-ethyl,0.0,kg,False
Fentin chloride,0.0,kg,False
Oxycarboxin,0.0,kg,False
Dialifor,0.0,kg,False
Dimethirimol,0.0,kg,False
Fenitrothion,0.0,kg,False
Glyodin,0.0,kg,False
Zeta-cypermethrin,0.0,kg,False
Tolylfluanid,0.0,kg,False
Molybdenum VI,0.0,kg,False
Fensulfothion,0.0,kg,False
"O,P'-DDT",0.0,kg,False
Cycloheximide,0.0,kg,False
Metribuzin,0.0,kg,False
Myclobutanil,0.0,kg,False
Azoxystrobin,0.0,kg,False
Isodrin,0.0,kg,False
Oxydisulfoton,0.0,kg,False
Paclobutrazol,0.0,kg,False
Chlorphoxim,0.0,kg,False
Dimethylamine,0.0,kg,False
Difenzoquat,0.0,kg,False
Benzyl alcohol,0.0,kg,False
Secbumeton,0.0,kg,False
Imazapyr,0.0,kg,False
Phosfolan,0.0,kg,False
Fluvalinate,0.0,kg,False
Mefenacet,0.0,kg,False
Cycloheximide,0.0,kg,False
Pyrazoxyfen,0.0,kg,False
Fenthion,0.0,kg,False
Chlorfenvinphos,0.0,kg,False
Vernolate,0.0,kg,False
Chlorphoxim,0.0,kg,False
Prallethrin,0.0,kg,False
Trichloronat,0.0,kg,False
Bufencarb,0.0,kg,False
Butoxycarboxim,0.0,kg,False
Pretilachlor,0.0,kg,False
Dodine,0.0,kg,False
Dichlofluanid,0.0,kg,False
Propachlor,0.0,kg,False
o-Dichlorobenzene,0.0,kg,False
Acrylic acid,0.0,kg,False
Tralomethrin,0.0,kg,False
Pyroquilon,0.0,kg,False
Phosfolan,0.0,kg,False
Allethrin,0.0,kg,False
Benazolin,0.0,kg,False
Mecoprop-P,0.0,kg,False
Flucythrinate,0.0,kg,False
Propyl amine,0.0,kg,False
Tricyclazole,0.0,kg,False
3-Isopropylphenyl methylcarbamate,0.0,kg,False
Fluazifop-butyl,0.0,kg,False
Propyl amine,0.0,kg,False
Dazomet,0.0,kg,False
Tolylfluanid,0.0,kg,False
Fenvalerate,0.0,kg,False
Thiobencarb,0.0,kg,False
Methyl isobutyl ketone,0.0,kg,False
Isothioate,0.0,kg,False
Polychlorinated biphenyls,0.0,kg,False
Terbumeton,0.0,kg,False
Fluvalinate,0.0,kg,False
Aramite,0.0,kg,False
Bromacil,0.0,kg,False
Tricyclazole,0.0,kg,False
Beta-cyfluthrin,0.0,kg,False
Prothiofos,0.0,kg,False
"4-Chloro-3,5-dimethylphenol",0.0,kg,False
Zeta-cypermethrin,0.0,kg,False
Pebulate,0.0,kg,False
Benfuracarb,0.0,kg,False
Sodium formate,0.0,kg,False
Esfenvalerate,0.0,kg,False
Bronopol,0.0,kg,False
Biphenyl,0.0,kg,False
Fospirate,0.0,kg,False
Dioxacarb,0.0,kg,False
Paraquat dichloride,0.0,kg,False
Chlorobenzilate,0.0,kg,False
Simetryn,0.0,kg,False
Nuarimol,0.0,kg,False
Terbutryn,0.0,kg,False
Sodium trichloroacetate,0.0,kg,False
Tribufos,0.0,kg,False
Metalaxyl-M,0.0,kg,False
Dioxabenzofos,0.0,kg,False
Pyrethrin I,0.0,kg,False
Bensulide,0.0,kg,False
Beta-cyfluthrin,0.0,kg,False
Monolinuron,0.0,kg,False
Isoproturon,0.0,kg,False
Daminozide,0.0,kg,False
Etrimfos,0.0,kg,False
Anilazine,0.0,kg,False
Benzyl benzoate,0.0,kg,False
Aminocarb,0.0,kg,False
tau-Fluvalinate,0.0,kg,False
Carbon tetrachloride,0.0,kg,False
Methabenzthiazuron,0.0,kg,False
Benazolin,0.0,kg,False
Isocarbophos,0.0,kg,False
Methoprotryne,0.0,kg,False
m-Xylene,0.0,kg,False
Endrin,0.0,kg,False
"2,6-Dichloro-4-nitroaniline",0.0,kg,False
Sulfometuron methyl,0.0,kg,False
Nitralin,0.0,kg,False
Fuberidazole,0.0,kg,False
Plifenat,0.0,kg,False
Atrazine,0.0,kg,False
Isoxathion,0.0,kg,False
Cyprazine,0.0,kg,False
Aldrin,0.0,kg,False
Hexachlorophene,0.0,kg,False
"2,6-Dichloro-4-nitroaniline",0.0,kg,False
Benfluralin,0.0,kg,False
Terbufos,0.0,kg,False
Erbon,0.0,kg,False
Bensultap,0.0,kg,False
Thidiazuron,0.0,kg,False
Picloram,0.0,kg,False
Hexachlorocyclohexane,0.0,kg,False
Edifenphos,0.0,kg,False
Monochlorobenzene,0.0,kg,False
Fluazifop-butyl,0.0,kg,False
Chlorflurecol,0.0,kg,False
Penconazole,0.0,kg,False
Plifenat,0.0,kg,False
"2,4-D sodium salt",0.0,kg,False
Fenaminosulf,0.0,kg,False
Quintozene,0.0,kg,False
Mevinfos,0.0,kg,False
Hexachloroethane,0.0,kg,False
N-nitrosodimethylamine,0.0,kg,False
Dicofol,0.0,kg,False
Cyprofuram,0.0,kg,False
Hexachlorocyclohexane,0.0,kg,False
Fluazifop-butyl,0.0,kg,False
Aniline,0.0,kg,False
Thiobencarb,0.0,kg,False
Dinoseb,0.0,kg,False
Aminocarb,0.0,kg,False
Cyprazine,0.0,kg,False
Pyridate,0.0,kg,False
Vamidothion,0.0,kg,False
Diclofop-methyl,0.0,kg,False
Thiazafluron,0.0,kg,False
Bromoxynil octanoate,0.0,kg,False
Butocarboxim,0.0,kg,False
Asulam,0.0,kg,False
Cumene,0.0,kg,False
Pyroquilon,0.0,kg,False
Ethiofencarb,0.0,kg,False
Azinphos-ethyl,0.0,kg,False
Chinomethionate,0.0,kg,False
Cyhexatin,0.0,kg,False
Isopropalin,0.0,kg,False
Pyrethrin II,0.0,kg,False
Alpha-endosulfan,0.0,kg,False
Methyl acrylate,0.0,kg,False
Flamprop-methyl,0.0,kg,False
Fenuron,0.0,kg,False
Cymoxanil,0.0,kg,False
Allidochlor,0.0,kg,False
Chlorfenvinphos,0.0,kg,False
Tribenuron-methyl,0.0,kg,False
Benomyl,0.0,kg,False
DNOC,0.0,kg,False
Bupirimate,0.0,kg,False
Sodium trichloroacetate,0.0,kg,False
Methyl isobutyl ketone,0.0,kg,False
"1,2-Benzisothiazolin-3-one",0.0,kg,False
Imazapyr,0.0,kg,False
Benfuracarb,0.0,kg,False
Folpet,0.0,kg,False
Bufencarb,0.0,kg,False
Chlorosulfonic acid,0.0,kg,False
Procymidone,0.0,kg,False
Bromomethane,0.0,kg,False
Benfuracarb,0.0,kg,False
Imazapyr,0.0,kg,False
Fentin hydroxide,0.0,kg,False
Propazine,0.0,kg,False
Diflufenican,0.0,kg,False
o-Dichlorobenzene,0.0,kg,False
4-Methyl-2-pentanol,0.0,kg,False
Phoxim,0.0,kg,False
Diethyltoluamide,0.0,kg,False
Chlorflurecol,0.0,kg,False
Bromopropylate,0.0,kg,False
Propaphos,0.0,kg,False
Fenthion,0.0,kg,False
Dinoterb,0.0,kg,False
Cartap hydrochloride,0.0,kg,False
Schradan,0.0,kg,False
Ammonium sulfamate,0.0,kg,False
Nuarimol,0.0,kg,False
Isofenphos,0.0,kg,False
Thiofanox,0.0,kg,False
Methyl parathion,0.0,kg,False
Lambda-cyhalothrin,0.0,kg,False
Cis-permethrin,0.0,kg,False
Dimethrin,0.0,kg,False
Methyl acrylate,0.0,kg,False
Methoprotryne,0.0,kg,False
Dinobuton,0.0,kg,False
Chlorfenvinphos,0.0,kg,False
Chloropicrin,0.0,kg,False
Beta-cypermethrin,0.0,kg,False
Chlorsulfuron,0.0,kg,False
Acetone,0.0,kg,False
Acenaphthene,0.0,kg,False
"2,4-D sodium salt",0.0,kg,False
Benfuracarb,0.0,kg,False
Fenamiphos,0.0,kg,False
Sodium trichloroacetate,0.0,kg,False
Fluazifop-butyl,0.0,kg,False
Oxamyl,0.0,kg,False
Dieldrin,0.0,kg,False
Thiophanate,0.0,kg,False
Metolcarb,0.0,kg,False
Quizalofop-ethyl,0.0,kg,False
Quinonamid,0.0,kg,False
Mexacarbate,0.0,kg,False
Phosmet,0.0,kg,False
Neburon,0.0,kg,False
Leptophos,0.0,kg,False
Glyoxal,0.0,kg,False
Fenpiclonil,0.0,kg,False
Mexacarbate,0.0,kg,False
3-Isopropylphenyl methylcarbamate,0.0,kg,False
Formothion,0.0,kg,False
Butoxycarboxim,0.0,kg,False
Thiobencarb,0.0,kg,False
Hydramethylnon,0.0,kg,False
Methoprene,0.0,kg,False
Triflusulfuron-methyl,0.0,kg,False
Propazine,0.0,kg,False
Cyprofuram,0.0,kg,False
Propachlor,0.0,kg,False
"p,p'-DDD",0.0,kg,False
Butane-1-thiol,0.0,kg,False
Ametryn,0.0,kg,False
Dialifor,0.0,kg,False
Pyroquilon,0.0,kg,False
Styrene,0.0,kg,False
Triflusulfuron-methyl,0.0,kg,False
Gamma-cyhalothrin,0.0,kg,False
Fenbutatin oxide,0.0,kg,False
Thiophanate,0.0,kg,False
Trans-permethrin,0.0,kg,False
Diclofop-methyl,0.0,kg,False
Oxyfluorfen,0.0,kg,False
Benzoylprop-ethyl,0.0,kg,False
"N-(3,5-Dichlorophenyl)succinimide",0.0,kg,False
Temephos,0.0,kg,False
Triflumizole,0.0,kg,False
Chlormephos,0.0,kg,False
Pyrethrin I,0.0,kg,False
Dimethametryn,0.0,kg,False
Empenthrin,0.0,kg,False
Methoprene,0.0,kg,False
Kresoxim-methyl,0.0,kg,False
Chlorthiamid,0.0,kg,False
Fentin acetate,0.0,kg,False
Noruron,0.0,kg,False
Propaphos,0.0,kg,False
Bioresmethrin,0.0,kg,False
Endosulfan,0.0,kg,False
Bifenox,0.0,kg,False
Chlorflurecol,0.0,kg,False
Dazomet,0.0,kg,False
Quinonamid,0.0,kg,False
Chloropicrin,0.0,kg,False
Zineb,0.0,kg,False
Tepraloxydim,0.0,kg,False
Prallethrin,0.0,kg,False
Triadimenol,0.0,kg,False
Erbon,0.0,kg,False
o-Chlorotoluene,0.0,kg,False
Chlordane,0.0,kg,False
Dimethomorph,0.0,kg,False
Iodofenphos,0.0,kg,False
"1,2-Benzisothiazolin-3-one",0.0,kg,False
Copper,0.0,kg,False
3-Isopropylphenyl methylcarbamate,0.0,kg,False
Fenoxaprop-P ethyl ester,0.0,kg,False
Metobromuron,0.0,kg,False
Phoxim,0.0,kg,False
Zineb,0.0,kg,False
Methidathion,0.0,kg,False
Sulprofos,0.0,kg,False
Benfuracarb,0.0,kg,False
Nitrobenzene,0.0,kg,False
Edifenphos,0.0,kg,False
Hexazinone,0.0,kg,False
Thiazafluron,0.0,kg,False
Starane,0.0,kg,False
Nicosulfuron,0.0,kg,False
Aspon,0.0,kg,False
Chlorphoxim,0.0,kg,False
Nitrobenzene,0.0,kg,False
Thiazafluron,0.0,kg,False
Dioxacarb,0.0,kg,False
Thiocyanate,0.0,kg,False
Nitrothal-isopropyl,0.0,kg,False
Fensulfothion,0.0,kg,False
Cyromazine,0.0,kg,False
Ioxynil sodium,0.0,kg,False
Fenvalerate,0.0,kg,False
Sulfotep,0.0,kg,False
Dinoseb acetate,0.0,kg,False
Hexazinone,0.0,kg,False
Pirimicarb,0.0,kg,False
Fluometuron,0.0,kg,False
Propiconazole,0.0,kg,False
Isolan,0.0,kg,False
Oxydisulfoton,0.0,kg,False
Benomyl,0.0,kg,False
Etrimfos,0.0,kg,False
Isopropalin,0.0,kg,False
Chlorfenvinphos,0.0,kg,False
Schradan,0.0,kg,False
"O,P'-DDT",0.0,kg,False
Fonofos,0.0,kg,False
Cyclethrin,0.0,kg,False
Benfluralin,0.0,kg,False
Metobromuron,0.0,kg,False
Mevinfos,0.0,kg,False
Dazomet,0.0,kg,False
Butanol,0.0,kg,False
Tralomethrin,0.0,kg,False
Parathion,0.0,kg,False
Propanol,0.0,kg,False
Glyoxal,0.0,kg,False
Fonofos,0.0,kg,False
t-Butyl amine,0.0,kg,False
Chlorbromuron,0.0,kg,False
Benzoximate,0.0,kg,False
Chlornitrofen,0.0,kg,False
Sulfallate,0.0,kg,False
Dieldrin,0.0,kg,False
MCPA,0.0,kg,False
Difenoxuron,0.0,kg,False
Simetryn,0.0,kg,False
Diisobutyl ketone,0.0,kg,False
Pyroquilon,0.0,kg,False
Butylate,0.0,kg,False
Disulfoton,0.0,kg,False
Fentin hydroxide,0.0,kg,False
Ethion,0.0,kg,False
Methanol,0.0,kg,False
Pyraclofos,0.0,kg,False
Oxydemeton-methyl,0.0,kg,False
Thiazafluron,0.0,kg,False
Thimerosal,0.0,kg,False
Terbumeton,0.0,kg,False
Trichlorfon,0.0,kg,False
Dichlorophen,0.0,kg,False
Metoxuron,0.0,kg,False
Difenoxuron,0.0,kg,False
Naled,0.0,kg,False
Tolylfluanid,0.0,kg,False
Isolan,0.0,kg,False
Chloramine,0.0,kg,False
Dinocap,0.0,kg,False
Chlorothalonil,0.0,kg,False
Dichlone,0.0,kg,False
"Methyl 2,5-dichlorobenzoate",0.0,kg,False
Fluchloralin,0.0,kg,False
Fenbutatin oxide,0.0,kg,False
Ferbam,0.0,kg,False
Cyclohexane,0.0,kg,False
Oxydemeton-methyl,0.0,kg,False
Dinex,0.0,kg,False
Methoprene,0.0,kg,False
Allidochlor,0.0,kg,False
Beta-cypermethrin,0.0,kg,False
Triflumizole,0.0,kg,False
Starane,0.0,kg,False
Orbencarb,0.0,kg,False
Bendiocarb,0.0,kg,False
Mefenacet,0.0,kg,False
Fenson,0.0,kg,False
Bromophos,0.0,kg,False
Nonanoic acid,0.0,kg,False
Cumene,0.0,kg,False
Simetryn,0.0,kg,False
Tetrasul,0.0,kg,False
Fenpropathrin,0.0,kg,False
Benazolin,0.0,kg,False
Dichlorprop,0.0,kg,False
Triforine,0.0,kg,False
Azaconazol,0.0,kg,False
Benomyl,0.0,kg,False
Mecarbam,0.0,kg,False
Triadimefon,0.0,kg,False
Thiourea,0.0,kg,False
Fenthion,0.0,kg,False
Fonofos,0.0,kg,False
Haloxyfop-ethoxyethyl,0.0,kg,False
Trichloronat,0.0,kg,False
Simazine,0.0,kg,False
2-Propen-1-ol,0.0,kg,False
Desmetryn,0.0,kg,False
Ammonium sulfamate,0.0,kg,False
Tecnazene,0.0,kg,False
Dibutyl phthalate,0.0,kg,False
Mecoprop,0.0,kg,False
Ethidimuron,0.0,kg,False
Prothiofos,0.0,kg,False
Benzoylprop-ethyl,0.0,kg,False
Azaconazol,0.0,kg,False
Thiophanate,0.0,kg,False
Triflumizole,0.0,kg,False
Isoxathion,0.0,kg,False
Bioresmethrin,0.0,kg,False
Bifenthrin,0.0,kg,False
Butoxycarboxim,0.0,kg,False
"1,3,5-Trioxane",0.0,kg,False
Monolinuron,0.0,kg,False
Isopropalin,0.0,kg,False
3-Isopropylphenyl methylcarbamate,0.0,kg,False
Phenthoate,0.0,kg,False
Vamidothion,0.0,kg,False
Secbumeton,0.0,kg,False
Oxydisulfoton,0.0,kg,False
Beta-cypermethrin,0.0,kg,False
Ioxynil,0.0,kg,False
Thallium I,0.0,kg,False
Fluorodifen,0.0,kg,False
Oxyfluorfen,0.0,kg,False
Butonate,0.0,kg,False
Chloranil,0.0,kg,False
Fuberidazole,0.0,kg,False
Nabam,0.0,kg,False
Phorate,0.0,kg,False
Dinobuton,0.0,kg,False
Neburon,0.0,kg,False
Polychlorinated biphenyls,0.0,kg,False
Neburon,0.0,kg,False
Monocrotophos,0.0,kg,False
Heptenophos,0.0,kg,False
Tecnazene,0.0,kg,False
Cyanazine,0.0,kg,False
Anthracene,0.0,kg,False
Omethoate,0.0,kg,False
Promecarb,0.0,kg,False
Promecarb,0.0,kg,False
Propachlor,0.0,kg,False
Trichlorfon,0.0,kg,False
Oxine-copper,0.0,kg,False
Calar,0.0,kg,False
Terbuthylazin,0.0,kg,False
Ferbam,0.0,kg,False
Dichlofenthion,0.0,kg,False
Haloxyfop-ethoxyethyl,0.0,kg,False
Vamidothion,0.0,kg,False
Isobutanol,0.0,kg,False
Promecarb,0.0,kg,False
Clodinafop-propargyl,0.0,kg,False
Pretilachlor,0.0,kg,False
Tribenuron-methyl,0.0,kg,False
Bronopol,0.0,kg,False
Pyroquilon,0.0,kg,False
Dichlobenil,0.0,kg,False
Isoxaflutole,0.0,kg,False
Fenchlorphos,0.0,kg,False
Ammonium sulfamate,0.0,kg,False
Quinonamid,0.0,kg,False
Trichloronat,0.0,kg,False
Hymexazol,0.0,kg,False
"1,3,5-Trioxane",0.0,kg,False
Benzthiazuron,0.0,kg,False
Aramite,0.0,kg,False
Prometon,0.0,kg,False
Pyridate,0.0,kg,False
Isocarbophos,0.0,kg,False
Fenoxycarb,0.0,kg,False
Imazapyr,0.0,kg,False
Cyclethrin,0.0,kg,False
Chloral hydrate,0.0,kg,False
Bromomethane,0.0,kg,False
Flutolanil,0.0,kg,False
"4-Chloro-3,5-dimethylphenol",0.0,kg,False
Ethiofencarb,0.0,kg,False
Fluridone,0.0,kg,False
Methyl parathion,0.0,kg,False
Glufosinate ammonium,0.0,kg,False
Demeton-S-methyl,0.0,kg,False
Pretilachlor,0.0,kg,False
Dienochlor,0.0,kg,False
Metribuzin,0.0,kg,False
Furan,0.0,kg,False
Triasulfuron,0.0,kg,False
Methabenzthiazuron,0.0,kg,False
Oxycarboxin,0.0,kg,False
Dithianon,0.0,kg,False
Leptophos,0.0,kg,False
Tebuconazole,0.0,kg,False
Tecnazene,0.0,kg,False
Xylylcarb,0.0,kg,False
Chlorfenprop-methyl,0.0,kg,False
Flutolanil,0.0,kg,False
Flucycloxuron,0.0,kg,False
Propamocarb HCl,0.0,kg,False
"4-Chloro-3,5-dimethylphenol",0.0,kg,False
Tridemorph,0.0,kg,False
Piperonyl sulfoxide,0.0,kg,False
Tetradifon,0.0,kg,False
Fenaminosulf,0.0,kg,False
Triethylene glycol,0.0,kg,False
m-Xylene,0.0,kg,False
Prothiofos,0.0,kg,False
Butachlor,0.0,kg,False
Promecarb,0.0,kg,False
Isopropylamine,0.0,kg,False
Ethylene oxide,0.0,kg,False
"4-Chloro-3,5-dimethylphenol",0.0,kg,False
Fluridone,0.0,kg,False
Hexachlorophene,0.0,kg,False
Carbon tetrachloride,0.0,kg,False
Dichlorprop,0.0,kg,False
Ethoprop,0.0,kg,False
Glyoxal,0.0,kg,False
Dazomet,0.0,kg,False
Bromophos-ethyl,0.0,kg,False
"2,4-DB",0.0,kg,False
Cyphenothrin,0.0,kg,False
Pyrazophos,0.0,kg,False
Neburon,0.0,kg,False
Dinobuton,0.0,kg,False
Tetramethrin,0.0,kg,False
"EDTA, Ethylenediaminetetraacetic Acid",0.0,kg,False
Prometryn,0.0,kg,False
Fenoxycarb,0.0,kg,False
Vamidothion,0.0,kg,False
MCPA-sodium,0.0,kg,False
Dichlorophen,0.0,kg,False
Dinoterb,0.0,kg,False
Metazachlor,0.0,kg,False
tau-Fluvalinate,0.0,kg,False
Deltamethrin,0.0,kg,False
Dimethirimol,0.0,kg,False
Ethirimol,0.0,kg,False
Sodium formate,0.0,kg,False
Fentin acetate,0.0,kg,False
Bromofenoxim,0.0,kg,False
Ethephon,0.0,kg,False
Aldoxycarb,0.0,kg,False
Captafol,0.0,kg,False
Isopropanol,0.0,kg,False
MCPA,0.0,kg,False
Flucycloxuron,0.0,kg,False
Isothioate,0.0,kg,False
Trifluralin,0.0,kg,False
Trifenmorph,0.0,kg,False
Tribufos,0.0,kg,False
Tetrasul,0.0,kg,False
Terbutryn,0.0,kg,False
Trietazine,0.0,kg,False
Profenofos,0.0,kg,False
Trichlorfon,0.0,kg,False
DNOC,0.0,kg,False
Octanoic acid,0.0,kg,False
Aspon,0.0,kg,False
Benzoylprop-ethyl,0.0,kg,False
Triasulfuron,0.0,kg,False
Dichlorvos,0.0,kg,False
Bromoxynil octanoate,0.0,kg,False
Diphenamid,0.0,kg,False
Dioxabenzofos,0.0,kg,False
Thiophanate-methyl,0.0,kg,False
Flucycloxuron,0.0,kg,False
Dichlorophen,0.0,kg,False
Acetonitrile,0.0,kg,False
Ioxynil sodium,0.0,kg,False
Methabenzthiazuron,0.0,kg,False
Propaphos,0.0,kg,False
Iprobenfos,0.0,kg,False
Trichloronat,0.0,kg,False
Desmedipham,0.0,kg,False
Benzoylprop-ethyl,0.0,kg,False
Chlorfenethol,0.0,kg,False
Phorate,0.0,kg,False
Tetrasul,0.0,kg,False
Cloquintocet-mexyl,0.0,kg,False
Butachlor,0.0,kg,False
Benodanil,0.0,kg,False
Hymexazol,0.0,kg,False
Methabenzthiazuron,0.0,kg,False
Dichlofenthion,0.0,kg,False
Ethylene diamine,0.0,kg,False
Ethiofencarb,0.0,kg,False
Acrylate,0.0,kg,False
Piperalin,0.0,kg,False
Chlorfenprop-methyl,0.0,kg,False
"4-Chloro-3,5-dimethylphenol",0.0,kg,False
Maleic anhydride,0.0,kg,False
Cyclethrin,0.0,kg,False
Formothion,0.0,kg,False
Fenson,0.0,kg,False
Aldicarb,0.0,kg,False
Phorate,0.0,kg,False
Ametryn,0.0,kg,False
Chlorthiamid,0.0,kg,False
Aldoxycarb,0.0,kg,False
Allidochlor,0.0,kg,False
Propaphos,0.0,kg,False
Cyclohexane,0.0,kg,False
MCPA-sodium,0.0,kg,False
Desmetryn,0.0,kg,False
MCPA,0.0,kg,False
Tetramethrin,0.0,kg,False
Mecoprop-P,0.0,kg,False
Allethrin,0.0,kg,False
Isofenphos,0.0,kg,False
Profenofos,0.0,kg,False
Esfenvalerate,0.0,kg,False
Butonate,0.0,kg,False
Ziram,0.0,kg,False
Prometryn,0.0,kg,False
Nitrothal-isopropyl,0.0,kg,False
Dimethylamine,0.0,kg,False
Profenofos,0.0,kg,False
Fospirate,0.0,kg,False
Plifenat,0.0,kg,False
MCPA-sodium,0.0,kg,False
Isopropalin,0.0,kg,False
Pencycuron,0.0,kg,False
Acrolein,0.0,kg,False
Butamifos,0.0,kg,False
Chlordimeform,0.0,kg,False
Chlorfenac,0.0,kg,False
Chlorphoxim,0.0,kg,False
4-Chlorophenoxyacetic acid,0.0,kg,False
Merphos,0.0,kg,False
Metoxuron,0.0,kg,False
"2,3,6-Trichlorobenzoic acid",0.0,kg,False
Bensulide,0.0,kg,False
Ethane thiol,0.0,kg,False
Dichlobenil,0.0,kg,False
Resmethrin,0.0,kg,False
Chlormephos,0.0,kg,False
Dichlorvos,0.0,kg,False
Chlorpropham,0.0,kg,False
Etridiazole,0.0,kg,False
Paraquat dichloride,0.0,kg,False
Pyrethrin I,0.0,kg,False
Monocrotophos,0.0,kg,False
"N-(3,5-Dichlorophenyl)succinimide",0.0,kg,False
Pyridaphenthion,0.0,kg,False
Paraquat,0.0,kg,False
Dialifor,0.0,kg,False
Fenobucarb,0.0,kg,False
Noruron,0.0,kg,False
Phosmet,0.0,kg,False
Gamma-cyhalothrin,0.0,kg,False
Methamidophos,0.0,kg,False
Endrin,0.0,kg,False
Fenthion,0.0,kg,False
Bromofenoxim,0.0,kg,False
Pyridaben,0.0,kg,False
Pyrifenox,0.0,kg,False
"1,2-Benzisothiazolin-3-one",0.0,kg,False
Endrin,0.0,kg,False
Linuron,0.0,kg,False
Phenmedipham,0.0,kg,False
Haloxyfop-ethoxyethyl,0.0,kg,False
Omethoate,0.0,kg,False
Metaldehyde,0.0,kg,False
Bronopol,0.0,kg,False
Pencycuron,0.0,kg,False
Butamifos,0.0,kg,False
Dichlofenthion,0.0,kg,False
Thiodicarb,0.0,kg,False
Linuron,0.0,kg,False
Noruron,0.0,kg,False
P-tert-amylphenol,0.0,kg,False
Bioresmethrin,0.0,kg,False
Methamidophos,0.0,kg,False
Azinphos-ethyl,0.0,kg,False
Butylate,0.0,kg,False
Lindane,0.0,kg,False
Dialifor,0.0,kg,False
Thidiazuron,0.0,kg,False
Isoprene,0.0,kg,False
Phorate,0.0,kg,False
"p,p'-DDD",0.0,kg,False
Dioxacarb,0.0,kg,False
Oxydemeton-methyl,0.0,kg,False
Sulprofos,0.0,kg,False
Pyrethrins,0.0,kg,False
Prometryn,0.0,kg,False
Chlornitrofen,0.0,kg,False
Leptophos,0.0,kg,False
Aclonifen,0.0,kg,False
Fenamiphos,0.0,kg,False
Fenoxaprop-P ethyl ester,0.0,kg,False
Pyridaphenthion,0.0,kg,False
Ethane thiol,0.0,kg,False
Malathion,0.0,kg,False
Tepp,0.0,kg,False
Chlorthion,0.0,kg,False
Xylylcarb,0.0,kg,False
Urea,0.0,kg,False
Propetamphos,0.0,kg,False
Carfentrazone-ethyl,0.0,kg,False
Biphenyl,0.0,kg,False
Pirimiphos methyl,0.0,kg,False
Sulfuric acid,0.0,kg,False
Vanadium V,0.0,kg,False
Chlormequat chloride,0.0,kg,False
Aziprotryne,0.0,kg,False
Flucythrinate,0.0,kg,False
Diethyltoluamide,0.0,kg,False
Fenpropathrin,0.0,kg,False
Biphenyl,0.0,kg,False
Fospirate,0.0,kg,False
Bronopol,0.0,kg,False
Hexane,0.0,kg,False
Butamifos,0.0,kg,False
Secbumeton,0.0,kg,False
Kresoxim-methyl,0.0,kg,False
Cyclethrin,0.0,kg,False
Epoxiconazole,0.0,kg,False
Pyridaphenthion,0.0,kg,False
Dimethrin,0.0,kg,False
Fenaminosulf,0.0,kg,False
Hymexazol,0.0,kg,False
Bioresmethrin,0.0,kg,False
Fenaminosulf,0.0,kg,False
Tebuthiuron,0.0,kg,False
Propanal,0.0,kg,False
Ammonium sulfamate,0.0,kg,False
Dinex,0.0,kg,False
Cloquintocet-mexyl,0.0,kg,False
Monocrotophos,0.0,kg,False
Aphidan,0.0,kg,False
Piperophos,0.0,kg,False
Propanil,0.0,kg,False
Chloranil,0.0,kg,False
1-Pentanol,0.0,kg,False
Benfluralin,0.0,kg,False
Tridemorph,0.0,kg,False
Quinoclamine,0.0,kg,False
Fonofos,0.0,kg,False
Benodanil,0.0,kg,False
8-Quinolinol,0.0,kg,False
Mecoprop,0.0,kg,False
Iprobenfos,0.0,kg,False
Plifenat,0.0,kg,False
Fluometuron,0.0,kg,False
Trietazine,0.0,kg,False
Butane-1-thiol,0.0,kg,False
Paclobutrazol,0.0,kg,False
Pretilachlor,0.0,kg,False
Difenzoquat,0.0,kg,False
Piperonyl butoxide,0.0,kg,False
"2,4-D dimethylamine salt",0.0,kg,False
Isofenphos,0.0,kg,False
Toluene,0.0,kg,False
Acetone,0.0,kg,False
Chlorbromuron,0.0,kg,False
Sulfuric acid,0.0,kg,False
"p,p'-DDD",0.0,kg,False
Piperonyl butoxide,0.0,kg,False
Simetryn,0.0,kg,False
Phosalone,0.0,kg,False
Pretilachlor,0.0,kg,False
Rotenone,0.0,kg,False
Sulfotep,0.0,kg,False
Piperophos,0.0,kg,False
Iprobenfos,0.0,kg,False
Metoxuron,0.0,kg,False
Ethidimuron,0.0,kg,False
"N-(3,5-Dichlorophenyl)succinimide",0.0,kg,False
Flutolanil,0.0,kg,False
Cyphenothrin,0.0,kg,False
Ethylene dichloride,0.0,kg,False
Benzoximate,0.0,kg,False
Ioxynil,0.0,kg,False
Triallate,0.0,kg,False
Alpha-endosulfan,0.0,kg,False
Quinonamid,0.0,kg,False
Triforine,0.0,kg,False
Butonate,0.0,kg,False
"3,4,5-Trimethylphenyl methylcarbamate",0.0,kg,False
Fluazifop-P-butyl,0.0,kg,False
Niclosamide,0.0,kg,False
Cyprazine,0.0,kg,False
Cyanophos,0.0,kg,False
Cyprofuram,0.0,kg,False
Isopropanol,0.0,kg,False
Chlorpyrifos methyl,0.0,kg,False
Demeton-S-methyl,0.0,kg,False
Azinphos-ethyl,0.0,kg,False
Allethrin,0.0,kg,False
Nonanoic acid,0.0,kg,False
MCPA-thioethyl,0.0,kg,False
Piperalin,0.0,kg,False
Erbon,0.0,kg,False
Chlorobenzilate,0.0,kg,False
Amitraz,0.0,kg,False
Diflubenzuron,0.0,kg,False
Furalaxyl,0.0,kg,False
Fenarimol,0.0,kg,False
Glyodin,0.0,kg,False
Sulprofos,0.0,kg,False
Fluroxypyr,0.0,kg,False
Fentin acetate,0.0,kg,False
Chlordecone,0.0,kg,False
Dithianon,0.0,kg,False
Dieldrin,0.0,kg,False
Dialifor,0.0,kg,False
Quintozene,0.0,kg,False
Butane-1-thiol,0.0,kg,False
Etrimfos,0.0,kg,False
Fenchlorphos,0.0,kg,False
Oxamyl,0.0,kg,False
Ethoprop,0.0,kg,False
Napropamide,0.0,kg,False
Ethyl acetate,0.0,kg,False
Ammonium acetate,0.0,kg,False
Chloranil,0.0,kg,False
Fenbutatin oxide,0.0,kg,False
Ferbam,0.0,kg,False
Nonanoic acid,0.0,kg,False
Diquat dibromide,0.0,kg,False
Cyprofuram,0.0,kg,False
Chloroacetic acid,0.0,kg,False
Dicrotophos,0.0,kg,False
Dimethirimol,0.0,kg,False
Propamocarb HCl,0.0,kg,False
Biphenyl,0.0,kg,False
Fenvalerate,0.0,kg,False
Nabam,0.0,kg,False
Ethion,0.0,kg,False
Chlorfenprop-methyl,0.0,kg,False
Daminozide,0.0,kg,False
Dimethirimol,0.0,kg,False
Dioctyl phthalate,0.0,kg,False
Piperophos,0.0,kg,False
Barban,0.0,kg,False
Imidacloprid,0.0,kg,False
Dichlofenthion,0.0,kg,False
Fluometuron,0.0,kg,False
Bromomethane,0.0,kg,False
Cyhalothrin,0.0,kg,False
Diquat dibromide,0.0,kg,False
Pirimicarb,0.0,kg,False
Fenchlorazole-ethyl,0.0,kg,False
Aminocarb,0.0,kg,False
Thiophanate,0.0,kg,False
Phosalone,0.0,kg,False
Azamethiphos,0.0,kg,False
Rotenone,0.0,kg,False
Aziprotryne,0.0,kg,False
Fluazifop-P-butyl,0.0,kg,False
4-Chlorophenoxyacetic acid,0.0,kg,False
Benfluralin,0.0,kg,False
Pyriproxyfen,0.0,kg,False
Ethidimuron,0.0,kg,False
Merphos,0.0,kg,False
Iprobenfos,0.0,kg,False
Trichloronat,0.0,kg,False
Chlorosulfonic acid,0.0,kg,False
Carbophenothion,0.0,kg,False
Fluorodifen,0.0,kg,False
Chloramine,0.0,kg,False
Pyrethrin I,0.0,kg,False
Chlordimeform,0.0,kg,False
Thionazin,0.0,kg,False
Dialifor,0.0,kg,False
"1,3,5-Trioxane",0.0,kg,False
Ziram,0.0,kg,False
Gamma-cyhalothrin,0.0,kg,False
Nitrothal-isopropyl,0.0,kg,False
Metobromuron,0.0,kg,False
Tolylfluanid,0.0,kg,False
Chloridazon,0.0,kg,False
Heptachlor,0.0,kg,False
Chlorfenac,0.0,kg,False
Phorate,0.0,kg,False
Metobromuron,0.0,kg,False
Pebulate,0.0,kg,False
Dichlorophen,0.0,kg,False
Nitrothal-isopropyl,0.0,kg,False
Bromopropylate,0.0,kg,False
Phoxim,0.0,kg,False
Iodofenphos,0.0,kg,False
4-Methyl-2-pentanol,0.0,kg,False
Secbumeton,0.0,kg,False
Aspon,0.0,kg,False
Dichlone,0.0,kg,False
Secbumeton,0.0,kg,False
Bensultap,0.0,kg,False
Octanoic acid,0.0,kg,False
Disulfoton,0.0,kg,False
Formaldehyde,0.0,kg,False
Biphenyl,0.0,kg,False
Norea,0.0,kg,False
Chlormephos,0.0,kg,False
Butyl acetate,0.0,kg,False
Butonate,0.0,kg,False
Chlorflurecol,0.0,kg,False
Malathion,0.0,kg,False
"2,4-D sodium salt",0.0,kg,False
Isoprocarb,0.0,kg,False
Acrylonitrile,0.0,kg,False
Ethofumesate,0.0,kg,False
Bifenox,0.0,kg,False
"2,4-D dimethylamine salt",0.0,kg,False
Dimethylamine,0.0,kg,False
Dichlobenil,0.0,kg,False
Pentanochlor,0.0,kg,False
Chlorfenac,0.0,kg,False
Fluchloralin,0.0,kg,False
Fludioxonil,0.0,kg,False
Metalaxil,0.0,kg,False
Butocarboxim,0.0,kg,False
Rimsulfuron,0.0,kg,False
Anilazine,0.0,kg,False
Acrylonitrile,0.0,kg,False
Cyanophos,0.0,kg,False
Chlorthiamid,0.0,kg,False
Cyromazine,0.0,kg,False
Pyrifenox,0.0,kg,False
Chlorflurecol,0.0,kg,False
Pyridaphenthion,0.0,kg,False
Phenthoate,0.0,kg,False
Isocarbophos,0.0,kg,False
Propiconazole,0.0,kg,False
Iprobenfos,0.0,kg,False
Fenthion,0.0,kg,False
Phoxim,0.0,kg,False
Bitertanol,0.0,kg,False
Diethofencarb,0.0,kg,False
Aphidan,0.0,kg,False
Peracetic acid,0.0,kg,False
1-Pentanol,0.0,kg,False
Dichlofenthion,0.0,kg,False
Dinoseb acetate,0.0,kg,False
Ethiofencarb,0.0,kg,False
Bromophos,0.0,kg,False
Iprobenfos,0.0,kg,False
Thionazin,0.0,kg,False
Benzyl benzoate,0.0,kg,False
Dinex,0.0,kg,False
Dioxathion,0.0,kg,False
Neburon,0.0,kg,False
Oxine-copper,0.0,kg,False
Methoxychlor,0.0,kg,False
Carbofuran,0.0,kg,False
Dazomet,0.0,kg,False
Quizalofop-ethyl,0.0,kg,False
Bioresmethrin,0.0,kg,False
Carboxin,0.0,kg,False
Mecarbam,0.0,kg,False
o-Dichlorobenzene,0.0,kg,False
Permethrin,0.0,kg,False
Quinonamid,0.0,kg,False
Buprofezin,0.0,kg,False
Rabon,0.0,kg,False
Maleic hydrazide,0.0,kg,False
Mefenacet,0.0,kg,False
Tepp,0.0,kg,False
Chlornitrofen,0.0,kg,False
"2,4,5-T",0.0,kg,False
Hexachlorophene,0.0,kg,False
Noruron,0.0,kg,False
Sodium trichloroacetate,0.0,kg,False
Isoprothiolane,0.0,kg,False
Isodrin,0.0,kg,False
Quinoclamine,0.0,kg,False
Isoxathion,0.0,kg,False
Chloramine,0.0,kg,False
"N-(3,5-Dichlorophenyl)succinimide",0.0,kg,False
Fenoxaprop-P ethyl ester,0.0,kg,False
Diethyltoluamide,0.0,kg,False
Bifenox,0.0,kg,False
Chloroxuron,0.0,kg,False
Cycloheximide,0.0,kg,False
Chlorfenvinphos,0.0,kg,False
"p,p'-DDD",0.0,kg,False
Butamifos,0.0,kg,False
Indoxacarb,0.0,kg,False
Oxydisulfoton,0.0,kg,False
Hexachlorophene,0.0,kg,False
Bensultap,0.0,kg,False
Schradan,0.0,kg,False
Daminozide,0.0,kg,False
Thiazafluron,0.0,kg,False
Isolan,0.0,kg,False
Ziram,0.0,kg,False
Difenoxuron,0.0,kg,False
Tebuthiuron,0.0,kg,False
Fenpropathrin,0.0,kg,False
Dimethyl phthalate,0.0,kg,False
Dinitramine,0.0,kg,False
Fentin hydroxide,0.0,kg,False
Edifenphos,0.0,kg,False
Cyanophos,0.0,kg,False
Furfural,0.0,kg,False
P-tert-amylphenol,0.0,kg,False
Fentin acetate,0.0,kg,False
Chlorphoxim,0.0,kg,False
Sulprofos,0.0,kg,False
Bitertanol,0.0,kg,False
Aziprotryne,0.0,kg,False
Zineb,0.0,kg,False
Pyridaphenthion,0.0,kg,False
Cyclethrin,0.0,kg,False
Phenmedipham,0.0,kg,False
Ethylamine,0.0,kg,False
Procymidone,0.0,kg,False
Isobenzan,0.0,kg,False
Fluchloralin,0.0,kg,False
Leptophos,0.0,kg,False
Chlorsulfuron,0.0,kg,False
Dieldrin,0.0,kg,False
Clopyralid,0.0,kg,False
Pirimiphos methyl,0.0,kg,False
S-Bioallethrin,0.0,kg,False
Dimethyl phthalate,0.0,kg,False
Captan,0.0,kg,False
Orbencarb,0.0,kg,False
Chlorobenzilate,0.0,kg,False
Chlorfenac,0.0,kg,False
Phosalone,0.0,kg,False
Carbophenothion,0.0,kg,False
Ammonium sulfamate,0.0,kg,False
Pyraclofos,0.0,kg,False
Chlorotoluron,0.0,kg,False
Dichloromethane,0.0,kg,False
Epoxiconazole,0.0,kg,False
Dimethametryn,0.0,kg,False
Isoxathion,0.0,kg,False
Tetrachloroethylene,0.0,kg,False
Difenzoquat,0.0,kg,False
Diquat,0.0,kg,False
Dioxathion,0.0,kg,False
Thiophanate,0.0,kg,False
Azaconazol,0.0,kg,False
Diallate,0.0,kg,False
Thimerosal,0.0,kg,False
Pebulate,0.0,kg,False
Fenoxaprop-P ethyl ester,0.0,kg,False
"2,3,6-Trichlorobenzoic acid",0.0,kg,False
Isoxaflutole,0.0,kg,False
Quinoclamine,0.0,kg,False
Cis-permethrin,0.0,kg,False
Cartap,0.0,kg,False
Isoproturon,0.0,kg,False
Carbon disulfide,0.0,kg,False
Chloroform,0.0,kg,False
Tetradifon,0.0,kg,False
Ethephon,0.0,kg,False
Difenoconazole,0.0,kg,False
Acetaldehyde,0.0,kg,False
Dinex,0.0,kg,False
Thiobencarb,0.0,kg,False
Iprodione,0.0,kg,False
Chlorthion,0.0,kg,False
Leptophos,0.0,kg,False
Cyprofuram,0.0,kg,False
Dicofol,0.0,kg,False
Phenkapton,0.0,kg,False
Metamitron,0.0,kg,False
Chlorotoluron,0.0,kg,False
Diflufenican,0.0,kg,False
Formothion,0.0,kg,False
Desmetryn,0.0,kg,False
Malathion,0.0,kg,False
Pyriproxyfen,0.0,kg,False
Phorate,0.0,kg,False
Diethyltoluamide,0.0,kg,False
Chlordane,0.0,kg,False
Flufenacet,0.0,kg,False
Trans-permethrin,0.0,kg,False
Glufosinate ammonium,0.0,kg,False
Propham,0.0,kg,False
Penconazole,0.0,kg,False
Phenkapton,0.0,kg,False
Thiofanox,0.0,kg,False
S-Bioallethrin,0.0,kg,False
"3,4,5-Trimethylphenyl methylcarbamate",0.0,kg,False
Ammonium acetate,0.0,kg,False
Chlorphoxim,0.0,kg,False
Simetryn,0.0,kg,False
2-Allylphenol,0.0,kg,False
Azamethiphos,0.0,kg,False
Polychlorinated biphenyls,0.0,kg,False
Deltamethrin,0.0,kg,False
Nabam,0.0,kg,False
Heptenophos,0.0,kg,False
Merphos,0.0,kg,False
Endosulfan,0.0,kg,False
Diphenamid,0.0,kg,False
Pyrethrin II,0.0,kg,False
Iodofenphos,0.0,kg,False
Heptachlor,0.0,kg,False
Phoxim,0.0,kg,False
Pendimethalin,0.0,kg,False
Ioxynil sodium,0.0,kg,False
Lenacil,0.0,kg,False
Bromopropylate,0.0,kg,False
Methoprotryne,0.0,kg,False
Formaldehyde,0.0,kg,False
Thiazafluron,0.0,kg,False
Desmetryn,0.0,kg,False
Pebulate,0.0,kg,False
Quinmerac,0.0,kg,False
Cumene,0.0,kg,False
"p,p'-DDD",0.0,kg,False
Anthracene,0.0,kg,False
Azinphos-methyl,0.0,kg,False
Pyridaben,0.0,kg,False
Cyprazine,0.0,kg,False
Folpet,0.0,kg,False
Erbon,0.0,kg,False
Cis-permethrin,0.0,kg,False
4-Chlorophenoxyacetic acid,0.0,kg,False
Dimethirimol,0.0,kg,False
o-Dichlorobenzene,0.0,kg,False
Mirex,0.0,kg,False
Etrimfos,0.0,kg,False
Thiometon,0.0,kg,False
Fenpiclonil,0.0,kg,False
Pirimiphos methyl,0.0,kg,False
Bitertanol,0.0,kg,False
Chlordecone,0.0,kg,False
Carbosulfan,0.0,kg,False
Alpha-cypermethrin,0.0,kg,False
Triadimefon,0.0,kg,False
Trietazine,0.0,kg,False
Dibutyl phthalate,0.0,kg,False
Thionazin,0.0,kg,False
Thiourea,0.0,kg,False
Oxadixyl,0.0,kg,False
Tetradifon,0.0,kg,False
Phenthoate,0.0,kg,False
Trietazine,0.0,kg,False
Dichlone,0.0,kg,False
Temephos,0.0,kg,False
Cis-permethrin,0.0,kg,False
DNOC,0.0,kg,False
Fluenetil,0.0,kg,False
Propanil,0.0,kg,False
Dimethachlor,0.0,kg,False
Copper,0.0,kg,False
Cyanazine,0.0,kg,False
Picloram,0.0,kg,False
"N-(3,5-Dichlorophenyl)succinimide",0.0,kg,False
Calar,0.0,kg,False
Tribenuron-methyl,0.0,kg,False
Diethylamine,0.0,kg,False
Propionic acid,0.0,kg,False
Tebufenozide,0.0,kg,False
"2,6-Dichloro-4-nitroaniline",0.0,kg,False
Bronopol,0.0,kg,False
Pentachlorophenol,0.0,kg,False
Dinitramine,0.0,kg,False
3-Isopropylphenyl methylcarbamate,0.0,kg,False
Flufenacet,0.0,kg,False
Phosphamidon,0.0,kg,False
Cartap hydrochloride,0.0,kg,False
Diquat dibromide,0.0,kg,False
Resmethrin,0.0,kg,False
"O,P'-DDT",0.0,kg,False
Ethirimol,0.0,kg,False
Benzthiazuron,0.0,kg,False
Terbumeton,0.0,kg,False
Phenothrin,0.0,kg,False
Bupirimate,0.0,kg,False
Terbutryn,0.0,kg,False
Copper,0.0,kg,False
Pyrimethanil,0.0,kg,False
Desmetryn,0.0,kg,False
Carbophenothion,0.0,kg,False
Azamethiphos,0.0,kg,False
Ethane thiol,0.0,kg,False
Mexacarbate,0.0,kg,False
Cyphenothrin,0.0,kg,False
Oxine-copper,0.0,kg,False
Cartap hydrochloride,0.0,kg,False
Phoxim,0.0,kg,False
Trans-permethrin,0.0,kg,False
Metalaxil,0.0,kg,False
Captan,0.0,kg,False
Urea,0.0,kg,False
Secbumeton,0.0,kg,False
Dienochlor,0.0,kg,False
Azadirachtin,0.0,kg,False
Fenbutatin oxide,0.0,kg,False
Chloropicrin,0.0,kg,False
Biphenyl,0.0,kg,False
Aphidan,0.0,kg,False
Triforine,0.0,kg,False
Lindane,0.0,kg,False
Diisobutyl ketone,0.0,kg,False
"Carboxylic acids, unspecified",0.0,kg,False
Isothioate,0.0,kg,False
Glyoxal,0.0,kg,False
Isobenzan,0.0,kg,False
Diethyltoluamide,0.0,kg,False
Cyhexatin,0.0,kg,False
Benzyl benzoate,0.0,kg,False
Ethirimol,0.0,kg,False
Carbosulfan,0.0,kg,False
Pyrethrin II,0.0,kg,False
Bendiocarb,0.0,kg,False
Flamprop-methyl,0.0,kg,False
Chlordecone,0.0,kg,False
Carbofuran,0.0,kg,False
Cyphenothrin,0.0,kg,False
Allethrin,0.0,kg,False
Chlorfenson,0.0,kg,False
Monocrotophos,0.0,kg,False
Endothall,0.0,kg,False
Bufencarb,0.0,kg,False
"4-Chloro-3,5-dimethylphenol",0.0,kg,False
Dimethrin,0.0,kg,False
Benzyl benzoate,0.0,kg,False
Cycloate,0.0,kg,False
Benzoximate,0.0,kg,False
Cyhexatin,0.0,kg,False
Fentin chloride,0.0,kg,False
Butylate,0.0,kg,False
Temephos,0.0,kg,False
t-Butyl amine,0.0,kg,False
Sulfotep,0.0,kg,False
Dodemorph,0.0,kg,False
Imazapyr,0.0,kg,False
Sethoxydim,0.0,kg,False
Cycloxydim,0.0,kg,False
Nonanoic acid,0.0,kg,False
Vernolate,0.0,kg,False
Ethirimol,0.0,kg,False
Prothiofos,0.0,kg,False
Iprodione,0.0,kg,False
Fentin hydroxide,0.0,kg,False
DNOC,0.0,kg,False
Metobromuron,0.0,kg,False
Cyphenothrin,0.0,kg,False
Pyrifenox,0.0,kg,False
o-Xylene,0.0,kg,False
Teflubenzuron,0.0,kg,False
Aldicarb,0.0,kg,False
Naled,0.0,kg,False
Tetramethrin,0.0,kg,False
Piperonyl sulfoxide,0.0,kg,False
Dinocap,0.0,kg,False
Beta-endosulfan,0.0,kg,False
Isoxathion,0.0,kg,False
Bentazone,0.0,kg,False
Fenitrothion,0.0,kg,False
Metolachlor,0.0,kg,False
Pyroquilon,0.0,kg,False
Metolcarb,0.0,kg,False
Cartap,0.0,kg,False
Nitrothal-isopropyl,0.0,kg,False
Trichloroethylene,0.0,kg,False
Phosfolan,0.0,kg,False
Propachlor,0.0,kg,False
"3,4,5-Trimethylphenyl methylcarbamate",0.0,kg,False
Clopyralid,0.0,kg,False
Difenzoquat,0.0,kg,False
Pretilachlor,0.0,kg,False
Hymexazol,0.0,kg,False
"1,3,5-Trioxane",0.0,kg,False
Aphidan,0.0,kg,False
"1,1,1-Trichloroethane",0.0,kg,False
"2,3,6-Trichlorobenzoic acid",0.0,kg,False
Acetyl chloride,0.0,kg,False
Cyphenothrin,0.0,kg,False
"Methyl 2,5-dichlorobenzoate",0.0,kg,False
Flucythrinate,0.0,kg,False
Metalaxyl-M,0.0,kg,False
Chlorfenac,0.0,kg,False
Isothioate,0.0,kg,False
Trichlorfon,0.0,kg,False
Cycloate,0.0,kg,False
Chlorsulfuron,0.0,kg,False
Isoprocarb,0.0,kg,False
Bromopropylate,0.0,kg,False
Dimethrin,0.0,kg,False
Diclofop-methyl,0.0,kg,False
Pyrazophos,0.0,kg,False
Cyprazine,0.0,kg,False
Sodium chloroacetate,0.0,kg,False
2-Methoxyethylmercury chloride,0.0,kg,False
Fuberidazole,0.0,kg,False
Sodium chloroacetate,0.0,kg,False
Fenson,0.0,kg,False
Phosphamidon,0.0,kg,False
Fospirate,0.0,kg,False
Isobenzan,0.0,kg,False
Dinoterb,0.0,kg,False
Chinomethionate,0.0,kg,False
Mecarbam,0.0,kg,False
Alachlor,0.0,kg,False
Ammonium acetate,0.0,kg,False
Chlorfenprop-methyl,0.0,kg,False
Buprofezin,0.0,kg,False
Aldoxycarb,0.0,kg,False
Tepp,0.0,kg,False
Carbon disulfide,0.0,kg,False
Tetradifon,0.0,kg,False
Niclosamide,0.0,kg,False
Isoxaflutole,0.0,kg,False
Iprobenfos,0.0,kg,False
Ethofumesate,0.0,kg,False
Octanoic acid,0.0,kg,False
Azadirachtin,0.0,kg,False
Tetramethrin,0.0,kg,False
Piperophos,0.0,kg,False
Chlormephos,0.0,kg,False
Clomazone,0.0,kg,False
Chlorsulfuron,0.0,kg,False
Prometon,0.0,kg,False
Profenofos,0.0,kg,False
Furalaxyl,0.0,kg,False
Oxydemeton-methyl,0.0,kg,False
Sulfometuron methyl,0.0,kg,False
Clomazone,0.0,kg,False
Bromophos-ethyl,0.0,kg,False
Dibutyl phthalate,0.0,kg,False
Methoxyfenozide,0.0,kg,False
Bromophos-ethyl,0.0,kg,False
Azinphos-methyl,0.0,kg,False
Thiofanox,0.0,kg,False
Oxadixyl,0.0,kg,False
Isolan,0.0,kg,False
Diphenamid,0.0,kg,False
Benomyl,0.0,kg,False
Flucythrinate,0.0,kg,False
Fenobucarb,0.0,kg,False
Fenson,0.0,kg,False
Piperonyl sulfoxide,0.0,kg,False
Tralomethrin,0.0,kg,False
Maneb,0.0,kg,False
Fluvalinate,0.0,kg,False
Butonate,0.0,kg,False
Fenfuram,0.0,kg,False
Bifenox,0.0,kg,False
Imazalil,0.0,kg,False
Butanol,0.0,kg,False
Clopyralid,0.0,kg,False
Quinmerac,0.0,kg,False
Oxine-copper,0.0,kg,False
Methoxychlor,0.0,kg,False
Calar,0.0,kg,False
Aramite,0.0,kg,False
Desmedipham,0.0,kg,False
Beta-cypermethrin,0.0,kg,False
Benodanil,0.0,kg,False
Diallate,0.0,kg,False
P-tert-amylphenol,0.0,kg,False
Dimethrin,0.0,kg,False
Triasulfuron,0.0,kg,False
Plifenat,0.0,kg,False
Thimerosal,0.0,kg,False
"2,3,6-Trichlorobenzoic acid",0.0,kg,False
Pyrazophos,0.0,kg,False
Chloropicrin,0.0,kg,False
Barium II,0.0,kg,False
Xylylcarb,0.0,kg,False
Formothion,0.0,kg,False
Fluvalinate,0.0,kg,False
Allethrin,0.0,kg,False
Chloranil,0.0,kg,False
"1,1,2-Trichloroethane",0.0,kg,False
Bromochlorodifluoromethane,0.0,kg,False
"2,2-Dichloro-1,1,1-trifluoroethane",0.0,kg,False
Monochloropentafluoroethane,0.0,kg,False
"1,1-Dichloro-1-fluoroethane",0.0,kg,False
Monochloropentafluoroethane,0.0,kg,False
"1-Chloro-1,1-difluoroethane",0.0,kg,False
Monochloropentafluoroethane,0.0,kg,False
Bromochlorodifluoromethane,0.0,kg,False
"2-Chloro-1,1,1,2-tetrafluoroethane",0.0,kg,False
"1,1-Dichloro-1-fluoroethane",0.0,kg,False
Bromotrifluoromethane,0.0,kg,False
"1,2-Dichloro-1,1,2,2-tetrafluoroethane",0.0,kg,False
Technetium-99,0.0,kBq,False
Strontium-90,0.0,kBq,False
Ruthenium-106,0.0,kBq,False
Americium-241,0.0,kBq,False
"Transformation, from seabed, natural (non-use)",0.0,m2,True
"Transformation, from urban/industrial fallow (non-use)",0.0,m2,True
"Transformation, from annual crop, flooded crop",0.0,m2,True
"Transformation, from wetland, coastal (non-use)",0.0,m2,True
"Transformation, from inland waterbody, unspecified",0.0,m2,True
"Transformation, from river, artificial",0.0,m2,True
"Transformation, from permanent crop, irrigated, extensive",0.0,m2,True
"Transformation, from seabed, drilling and mining",0.0,m2,True
"Transformation, from traffic area, rail network",0.0,m2,True
"Transformation, from field margin/hedgerow",0.0,m2,True
"Transformation, to annual crop, flooded crop",0.0,m2,True
"Transformation, from annual crop, irrigated, extensive",0.0,m2,True
"Transformation, to wetland, coastal (non-use)",0.0,m2,True
"Transformation, to river, natural (non-use)",0.0,m2,True
"Transformation, to seabed, natural (non-use)",0.0,m2,True
"Transformation, to lake, natural (non-use)",0.0,m2,True
"Transformation, from urban, discontinuously built",0.0,m2,True
"Transformation, to permanent crop, irrigated, extensive",0.0,m2,True
"Transformation, to field margin/hedgerow",0.0,m2,True
"Transformation, from lake, artificial",0.0,m2,True
"Occupation, field margin/hedgerow",0.0,m2*a,True
"Occupation, arable, conventional tillage (obsolete)",0.0,m2,True
"Occupation, wetland, coastal (non-use)",0.0,m2*a,True
"Occupation, river, natural (non-use)",0.0,m2*a,True
Water,0.0,m3,False
Sulfur trioxide,0.0,kg,False
Sulfur trioxide,0.0,kg,False
Sulfur dioxide,0.0,kg,False
"1,2-Dichloro-1,1,2,2-tetrafluoroethane",0.0,kg,False
"2-Chloro-1,1,1,2-tetrafluoroethane",0.0,kg,False
"1,1,2-Trichloro-1,2,2-trifluoroethane",0.0,kg,False
Bromomethane,0.0,kg,False
Monochloropentafluoroethane,0.0,kg,False
"1,1-Dichloro-1-fluoroethane",0.0,kg,False
"1-Chloro-1,1-difluoroethane",0.0,kg,False
Methylchloride,0.0,kg,False
Trichlorofluoromethane,0.0,kg,False
Dichlorodifluoromethane,0.0,kg,False
Trichlorofluoromethane,0.0,kg,False
Carbon tetrachloride,0.0,kg,False
Chlorodifluoromethane,0.0,kg,False
Carbon tetrachloride,0.0,kg,False
Trichlorofluoromethane,0.0,kg,False
Bromotrifluoromethane,0.0,kg,False
Methylchloride,0.0,kg,False
Bromochlorodifluoromethane,0.0,kg,False
"2,2-Dichloro-1,1,1-trifluoroethane",0.0,kg,False
"1-Chloro-1,1-difluoroethane",0.0,kg,False
"1,1-Dichloro-1-fluoroethane",0.0,kg,False
"2-Chloro-1,1,1,2-tetrafluoroethane",0.0,kg,False
Dichlorodifluoromethane,0.0,kg,False
"2,2-Dichloro-1,1,1-trifluoroethane",0.0,kg,False
"1,2-Dichloro-1,1,2,2-tetrafluoroethane",0.0,kg,False
"Occupation, forest, primary (non-use)",0.0,m2*a,True
"Transformation, to permanent crop, non-irrigated, extensive",0.0,m2,True
"Occupation, arable, reduced tillage (obsolete)",0.0,m2,True
Thallium,0.0,kg,True
Pyrolusite,0.0,kg,True
"Zirconia, as baddeleyite",0.0,kg,True
Germanium,0.0,kg,True
Aldrin,0.0,kg,False
Chromium VI,0.0,kg,False
Benzo(k)fluoranthene,0.0,kg,False
Diallate,0.0,kg,False
Delta-lindane,0.0,kg,False
Fosetyl-Al,0.0,kg,False
Rabon,0.0,kg,False
"1,2-Dibromoethane",0.0,kg,False
Chloroform,0.0,kg,False
Monochloroethane,0.0,kg,False
Ethyl benzene,0.0,kg,False
Fomesafen,0.0,kg,False
"2,4,6-Trichlorophenol",0.0,kg,False
Sulfallate,0.0,kg,False
Hexachlorobenzene,0.0,kg,False
Maneb,0.0,kg,False
"Carbon dioxide, to soil or biomass stock",0.0,kg,False
"Methane, from soil or biomass stock",0.0,kg,False
"Methane, from soil or biomass stock",0.0,kg,False
"Carbon dioxide, from soil or biomass stock",0.0,kg,False
"Carbon dioxide, to soil or biomass stock",0.0,kg,False
Carbon disulfide,0.0,kg,False
Chlorpropham,0.0,kg,False
Malathion,0.0,kg,False
Triazophos,0.0,kg,False
Carbon disulfide,0.0,kg,False
Pentachlorophenol,0.0,kg,False
Zineb,0.0,kg,False
Mevinfos,0.0,kg,False
Propylene oxide,0.0,kg,False
Antimony ion,0.0,kg,False
Bromoxynil,0.0,kg,False
2-Propen-1-ol,0.0,kg,False
Triazophos,0.0,kg,False
Bis(tributyltin) oxide,0.0,kg,False
Diallate,0.0,kg,False
Fenoxycarb,0.0,kg,False
Prometon,0.0,kg,False
Dimethylamine,0.0,kg,False
Thifensulfuron-methyl,0.0,kg,False
Acetaldehyde,0.0,kg,False
Prosulfuron,0.0,kg,False
8-Quinolinol,0.0,kg,False
"1,2-Dichloropropane",0.0,kg,False
Ethyl acetate,0.0,kg,False
Bromuconazole,0.0,kg,False
Trietazine,0.0,kg,False
"2,4-D isopropylamine salt",0.0,kg,False
Chlorthal-dimethyl,0.0,kg,False
Oxydisulfoton,0.0,kg,False
Benzoylprop-ethyl,0.0,kg,False
Edifenphos,0.0,kg,False
Formamide,0.0,kg,False
Bromomethane,0.0,kg,False
Ethylene glycol monoethyl ether,0.0,kg,False
Nitrofen,0.0,kg,False
Paraquat,0.0,kg,False
Isoxaben,0.0,kg,False
Carbaryl,0.0,kg,False
Hexachlorobenzene,0.0,kg,False
Propionic acid,0.0,kg,False
Bismuth,0.0,kg,True
Caesium,0.0,kg,True
Vernolate,0.0,kg,False
Glufosinate,0.0,kg,False
Naled,0.0,kg,False
Cartap,0.0,kg,False
Buprofezin,0.0,kg,False
Propoxur,0.0,kg,False
Iodine-131,0.0,kBq,False
Bromophos-ethyl,0.0,kg,False
Edifenphos,0.0,kg,False
Carbon tetrachloride,0.0,kg,False
"Methane, from soil or biomass stock",0.0,kg,False
Endrin,0.0,kg,False
Diazinon,0.0,kg,False
Phosmet,0.0,kg,False
Molinate,0.0,kg,False
Chloral hydrate,0.0,kg,False
Thiabendazole,0.0,kg,False
Aldicarb,0.0,kg,False
"Actinides, radioactive, unspecified",0.0,kBq,False
Methyl parathion,0.0,kg,False
Hexane,0.0,kg,False
Cartap,0.0,kg,False
Ethanol,0.0,kg,False
Carbendazim,0.0,kg,False
Bioresmethrin,0.0,kg,False
Amitrole,0.0,kg,False
Americium-241,0.0,kBq,False
Cobalt-58,0.0,kBq,False
Benfluralin,0.0,kg,False
Endothall,0.0,kg,False
Amitraz,0.0,kg,False
Methoprene,0.0,kg,False
Fentin chloride,0.0,kg,False
"1,1,1-Trichloroethane",0.0,kg,False
Dodine,0.0,kg,False
Fenpropathrin,0.0,kg,False
Vinclozolin,0.0,kg,False
Isopropalin,0.0,kg,False
Phosphamidon,0.0,kg,False
Cyclohexane,0.0,kg,False
Diphenamid,0.0,kg,False
Fenitrothion,0.0,kg,False
Dichloromethane,0.0,kg,False
Formaldehyde,0.0,kg,False
Fenbuconazole,0.0,kg,False
Phosalone,0.0,kg,False
Chlorfenson,0.0,kg,False
Bromoxynil octanoate,0.0,kg,False
Heptachlor,0.0,kg,False
Chloramine,0.0,kg,False
Benomyl,0.0,kg,False
Cyanophos,0.0,kg,False
Isofenphos,0.0,kg,False
Bromoxynil octanoate,0.0,kg,False
Chlormequat,0.0,kg,False
Amitraz,0.0,kg,False
Trichlorfon,0.0,kg,False
Methomyl,0.0,kg,False
"2,4,5-T",0.0,kg,False
Imazalil,0.0,kg,False
Chinomethionate,0.0,kg,False
Mecoprop,0.0,kg,False
Triadimenol,0.0,kg,False
Maneb,0.0,kg,False
Bromophos,0.0,kg,False
Malathion,0.0,kg,False
Buprofezin,0.0,kg,False
Methyl ethyl ketone,0.0,kg,False
Fenpropathrin,0.0,kg,False
Dicrotophos,0.0,kg,False
Methoxychlor,0.0,kg,False
Diphenamid,0.0,kg,False
Biphenyl,0.0,kg,False
Dinex,0.0,kg,False
Carboxin,0.0,kg,False
Phenothrin,0.0,kg,False
Beta-endosulfan,0.0,kg,False
Hydramethylnon,0.0,kg,False
Fentin chloride,0.0,kg,False
Terbacil,0.0,kg,False
Carbofuran,0.0,kg,False
Isobutanol,0.0,kg,False
Phosalone,0.0,kg,False
Alpha-endosulfan,0.0,kg,False
Anthracene,0.0,kg,False
Captafol,0.0,kg,False
Propanil,0.0,kg,False
Oxamyl,0.0,kg,False
Flutolanil,0.0,kg,False
Endosulfan,0.0,kg,False
Chlorotrifluoromethane,0.0,kg,False
Difluoromethane,0.0,kg,False
Sulfuryl fluoride,0.0,kg,False
Dichlorofluoromethane,0.0,kg,False
Difluoromethane,0.0,kg,False
Sulfuryl fluoride,0.0,kg,False
Pentafluoroethane,0.0,kg,False
Plutonium-238,0.0,kBq,False
Uranium-234,0.0,kBq,False
Strontium-90,0.0,kBq,False
Ruthenium-106,0.0,kBq,False
Antimony-125,0.0,kBq,False
Caesium-134,0.0,kBq,False
"1,1,2-Trichloroethane",0.0,kg,False
Daminozide,0.0,kg,False
Chloral hydrate,0.0,kg,False
Acrylonitrile,0.0,kg,False
Hexachlorocyclohexane,0.0,kg,False
Metapa,0.0,kg,False
Propylene oxide,0.0,kg,False
Trichloroethylene,0.0,kg,False
Diethylene glycol,0.0,kg,False
Chromium VI,0.0,kg,False
Nitrobenzene,0.0,kg,False
Tetrachloroethylene,0.0,kg,False
Griseofulvin,0.0,kg,False
Heptachlor,0.0,kg,False
Cacodylic acid,0.0,kg,False
Acephate,0.0,kg,False
Amitrole,0.0,kg,False
Metapa,0.0,kg,False
Hexachlorocyclohexane,0.0,kg,False
2-Phenylphenol,0.0,kg,False
Quintozene,0.0,kg,False
Ethyl benzene,0.0,kg,False
Chlorobenzilate,0.0,kg,False
Dioctyl phthalate,0.0,kg,False
Griseofulvin,0.0,kg,False
t-Butyl methyl ether,0.0,kg,False
Fomesafen,0.0,kg,False
Diallate,0.0,kg,False
Cacodylic acid,0.0,kg,False
Polychlorinated biphenyls,0.0,kg,False
Methidathion,0.0,kg,False
Cyanazine,0.0,kg,False
Ethanol,0.0,kg,False
Aramite,0.0,kg,False
Ethanol,0.0,kg,False
"1,1,1,2-Tetrafluoroethane",0.0,kg,False
Chloral hydrate,0.0,kg,False
Butyl benzyl phthalate,0.0,kg,False
"Methane, non-fossil",0.0,kg,False
Chloro-fluoromethane,0.0,kg,False
Butane,0.0,kg,False
Chloroform,0.0,kg,False
Sulfur hexafluoride,0.0,kg,False
Chloro-fluoromethane,0.0,kg,False
"Carbon dioxide, non-fossil, resource correction",0.0,kg,True
"1,1,1-Trifluoroethane",0.0,kg,False
Hexafluoroethane,0.0,kg,False
Tetrafluoromethane,0.0,kg,False
Nitrogen fluoride,0.0,kg,False
Chlorotrifluoromethane,0.0,kg,False
Chlorotrifluoromethane,0.0,kg,False
Magnesium,0.0,kg,True
Technetium-99m,0.0,kBq,False
Dioxathion,0.0,kg,False
Iodine-133,0.0,kBq,False
Norflurazon,0.0,kg,False
Beryllium II,0.0,kg,False
Ethion,0.0,kg,False
Bendiocarb,0.0,kg,False
Buprofezin,0.0,kg,False
Piperalin,0.0,kg,False
Fludioxonil,0.0,kg,False
Copper,0.0,kg,False
Ammonium sulfamate,0.0,kg,False
Isobutanol,0.0,kg,False
Ethylamine,0.0,kg,False
Glyodin,0.0,kg,False
"Hydrocarbons, chlorinated",0.0,kg,False
Acetyl chloride,0.0,kg,False
Cyromazine,0.0,kg,False
Pyridaphenthion,0.0,kg,False
Triadimefon,0.0,kg,False
Alpha-endosulfan,0.0,kg,False
Ethofumesate,0.0,kg,False
Prometryn,0.0,kg,False
Chlorpropham,0.0,kg,False
Dinex,0.0,kg,False
Oxyfluorfen,0.0,kg,False
Tribufos,0.0,kg,False
Dimethoate,0.0,kg,False
Bromacil,0.0,kg,False
Butyl benzyl phthalate,0.0,kg,False
Methoxychlor,0.0,kg,False
Propetamphos,0.0,kg,False
Ethirimol,0.0,kg,False
Isolan,0.0,kg,False
Quinoclamine,0.0,kg,False
"3,4,5-Trimethylphenyl methylcarbamate",0.0,kg,False
Propachlor,0.0,kg,False
Butanol,0.0,kg,False
Thionazin,0.0,kg,False
Acetic acid,0.0,kg,False
Butonate,0.0,kg,False
Mecarbam,0.0,kg,False
"Methyl 2,5-dichlorobenzoate",0.0,kg,False
Triasulfuron,0.0,kg,False
Dienochlor,0.0,kg,False
Beta-endosulfan,0.0,kg,False
Rotenone,0.0,kg,False
Butyl acetate,0.0,kg,False
Diethylene glycol,0.0,kg,False
Methiocarb,0.0,kg,False
Imazapyr,0.0,kg,False
Hydrazine,0.0,kg,False
Tralomethrin,0.0,kg,False
Hexazinone,0.0,kg,False
Cyanophos,0.0,kg,False
Bentazone,0.0,kg,False
Nuarimol,0.0,kg,False
S-Bioallethrin,0.0,kg,False
Chlordimeform,0.0,kg,False
Dichlorprop,0.0,kg,False
Octanoic acid,0.0,kg,False
Norea,0.0,kg,False
Diazinon,0.0,kg,False
Alpha-endosulfan,0.0,kg,False
Cyprazine,0.0,kg,False
Acetic acid,0.0,kg,False
Dioxabenzofos,0.0,kg,False
Endosulfan,0.0,kg,False
Isobutanol,0.0,kg,False
Ethiofencarb,0.0,kg,False
Dicamba,0.0,kg,False
Flamprop-methyl,0.0,kg,False
Zineb,0.0,kg,False
Diisobutyl ketone,0.0,kg,False
Diphenamid,0.0,kg,False
Piperalin,0.0,kg,False
o-Dichlorobenzene,0.0,kg,False
Oxine-copper,0.0,kg,False
Fenbutatin oxide,0.0,kg,False
Monoethanolamine,0.0,kg,False
Piperonyl sulfoxide,0.0,kg,False
Deltamethrin,0.0,kg,False
Nuarimol,0.0,kg,False
Dodemorph,0.0,kg,False
Chlorthion,0.0,kg,False
Phenkapton,0.0,kg,False
S-Bioallethrin,0.0,kg,False
Phenthoate,0.0,kg,False
Fluridone,0.0,kg,False
MCPA-thioethyl,0.0,kg,False
Quinalphos,0.0,kg,False
Chlorbufam,0.0,kg,False
t-Butyl methyl ether,0.0,kg,False
"3,4,5-Trimethylphenyl methylcarbamate",0.0,kg,False
2-Phenylphenol,0.0,kg,False
Benzyl alcohol,0.0,kg,False
Terbufos,0.0,kg,False
Chlorosulfonic acid,0.0,kg,False
Tetrasul,0.0,kg,False
N-nitrosodimethylamine,0.0,kg,False
Nonanoic acid,0.0,kg,False
Pyrazoxyfen,0.0,kg,False
3-Isopropylphenyl methylcarbamate,0.0,kg,False
Propyl amine,0.0,kg,False
Iodofenphos,0.0,kg,False
Erbon,0.0,kg,False
Isolan,0.0,kg,False
Thiofanox,0.0,kg,False
Aphidan,0.0,kg,False
Ethylene diamine,0.0,kg,False
Neburon,0.0,kg,False
Bromophos,0.0,kg,False
Carfentrazone-ethyl,0.0,kg,False
Cyhexatin,0.0,kg,False
Heptane,0.0,kg,False
Furalaxyl,0.0,kg,False
m-Xylene,0.0,kg,False
Dinoseb,0.0,kg,False
Diazinon,0.0,kg,False
Ametryn,0.0,kg,False
Ferbam,0.0,kg,False
Desmetryn,0.0,kg,False
t-Butyl amine,0.0,kg,False
Oxycarboxin,0.0,kg,False
Propaquizafop,0.0,kg,False
Bromuconazole,0.0,kg,False
Cyhalothrin,0.0,kg,False
Trietazine,0.0,kg,False
Anilazine,0.0,kg,False
Dioxathion,0.0,kg,False
Amitraz,0.0,kg,False
Flurochloridone,0.0,kg,False
Prometon,0.0,kg,False
Dimethachlor,0.0,kg,False
Trifenmorph,0.0,kg,False
Chlorthion,0.0,kg,False
Oxycarboxin,0.0,kg,False
Isoprene,0.0,kg,False
Fenamiphos,0.0,kg,False
Chromium VI,0.0,kg,False
Monolinuron,0.0,kg,False
Paraquat dichloride,0.0,kg,False
Triadimefon,0.0,kg,False
Triasulfuron,0.0,kg,False
Fenuron,0.0,kg,False
Octanoic acid,0.0,kg,False
"2,4-D sodium salt",0.0,kg,False
Pyroquilon,0.0,kg,False
Ethoprop,0.0,kg,False
Cyhalothrin,0.0,kg,False
Endrin,0.0,kg,False
Flufenacet,0.0,kg,False
Chlorfenethol,0.0,kg,False
Isothioate,0.0,kg,False
Copper,0.0,kg,False
Fluvalinate,0.0,kg,False
Propionic acid,0.0,kg,False
"2,4,5-T",0.0,kg,False
Aramite,0.0,kg,False
Barban,0.0,kg,False
Terbufos,0.0,kg,False
2-Allylphenol,0.0,kg,False
Thiodicarb,0.0,kg,False
2-Imidazolidinone,0.0,kg,False
Phosfolan,0.0,kg,False
2-Allylphenol,0.0,kg,False
Chlornitrofen,0.0,kg,False
Metolcarb,0.0,kg,False
Fenobucarb,0.0,kg,False
Disulfoton,0.0,kg,False
Benfluralin,0.0,kg,False
Bromoxynil,0.0,kg,False
Fonofos,0.0,kg,False
"2,4-D sodium salt",0.0,kg,False
Pyrazophos,0.0,kg,False
"2,4-DB",0.0,kg,False
Folpet,0.0,kg,False
Cis-permethrin,0.0,kg,False
Carbosulfan,0.0,kg,False
Empenthrin,0.0,kg,False
Difenoxuron,0.0,kg,False
Propham,0.0,kg,False
2-Methoxyethylmercury chloride,0.0,kg,False
Triflumizole,0.0,kg,False
2-Methoxyethylmercury chloride,0.0,kg,False
Fluridone,0.0,kg,False
Benzoic acid,0.0,kg,False
Acetamide,0.0,kg,False
Propylene oxide,0.0,kg,False
Dimethametryn,0.0,kg,False
Furalaxyl,0.0,kg,False
Bromophos,0.0,kg,False
Cycloate,0.0,kg,False
Diethofencarb,0.0,kg,False
Ethirimol,0.0,kg,False
Ethidimuron,0.0,kg,False
Diphenamid,0.0,kg,False
Leptophos,0.0,kg,False
Fenbutatin oxide,0.0,kg,False
Chlorpropham,0.0,kg,False
Propanal,0.0,kg,False
Asulam,0.0,kg,False
Quinonamid,0.0,kg,False
Isothioate,0.0,kg,False
Isopropanol,0.0,kg,False
Bromofenoxim,0.0,kg,False
Phenkapton,0.0,kg,False
Nitralin,0.0,kg,False
Carbophenothion,0.0,kg,False
Mecoprop,0.0,kg,False
Dioctyl phthalate,0.0,kg,False
Pyrethrin I,0.0,kg,False
Dioxabenzofos,0.0,kg,False
Ferbam,0.0,kg,False
Neburon,0.0,kg,False
Metalaxil,0.0,kg,False
Glyoxal,0.0,kg,False
Piperonyl sulfoxide,0.0,kg,False
Acephate,0.0,kg,False
Bitertanol,0.0,kg,False
Triflumuron,0.0,kg,False
Cartap hydrochloride,0.0,kg,False
Tribenuron-methyl,0.0,kg,False
Dioxathion,0.0,kg,False
Dodemorph,0.0,kg,False
MCPA-sodium,0.0,kg,False
Isoprocarb,0.0,kg,False
Dinoterb,0.0,kg,False
2-Imidazolidinone,0.0,kg,False
Tepp,0.0,kg,False
Bromuconazole,0.0,kg,False
Thimerosal,0.0,kg,False
Metalaxil,0.0,kg,False
Cycloate,0.0,kg,False
Peracetic acid,0.0,kg,False
Disulfoton,0.0,kg,False
Disulfoton,0.0,kg,False
Cyprofuram,0.0,kg,False
Dichlone,0.0,kg,False
Monolinuron,0.0,kg,False
Monolinuron,0.0,kg,False
Acrylate,0.0,kg,False
Terbufos,0.0,kg,False
Clodinafop-propargyl,0.0,kg,False
Propetamphos,0.0,kg,False
Toluene,0.0,kg,False
Barban,0.0,kg,False
Chlorfenac,0.0,kg,False
Terbutryn,0.0,kg,False
Heptenophos,0.0,kg,False
Ethyl acetate,0.0,kg,False
Piperonyl sulfoxide,0.0,kg,False
Chlorfenprop-methyl,0.0,kg,False
Chloroxuron,0.0,kg,False
Aniline,0.0,kg,False
Isodrin,0.0,kg,False
Acenaphthene,0.0,kg,False
Nabam,0.0,kg,False
Methanol,0.0,kg,False
"1,2-Benzisothiazolin-3-one",0.0,kg,False
Azamethiphos,0.0,kg,False
"2,4-DB",0.0,kg,False
Dinocap,0.0,kg,False
o-Chlorotoluene,0.0,kg,False
"1,3,5-Trioxane",0.0,kg,False
Lindane,0.0,kg,False
Methyl acetate,0.0,kg,False
Alachlor,0.0,kg,False
Dichlorvos,0.0,kg,False
Propaphos,0.0,kg,False
Butoxycarboxim,0.0,kg,False
Aminocarb,0.0,kg,False
Methylamine,0.0,kg,False
Triallate,0.0,kg,False
Lenacil,0.0,kg,False
Isoxathion,0.0,kg,False
Procymidone,0.0,kg,False
Ferbam,0.0,kg,False
8-Quinolinol,0.0,kg,False
Bensulide,0.0,kg,False
Dodine,0.0,kg,False
Dichlorophen,0.0,kg,False
Chlordane,0.0,kg,False
Pentachlorobenzene,0.0,kg,False
Procymidone,0.0,kg,False
Propamocarb HCl,0.0,kg,False
Dinitramine,0.0,kg,False
Sodium formate,0.0,kg,False
Sulfuric acid,0.0,kg,False
Napropamide,0.0,kg,False
Bromoxynil,0.0,kg,False
Chlorpropham,0.0,kg,False
Alpha-endosulfan,0.0,kg,False
Dichlofluanid,0.0,kg,False
Temephos,0.0,kg,False
Nonanoic acid,0.0,kg,False
Ziram,0.0,kg,False
Urea,0.0,kg,False
Captafol,0.0,kg,False
Selenium IV,0.0,kg,False
Metazachlor,0.0,kg,False
Ioxynil sodium,0.0,kg,False
Fenchlorphos,0.0,kg,False
Isobenzan,0.0,kg,False
Molinate,0.0,kg,False
Butane-1-thiol,0.0,kg,False
Mirex,0.0,kg,False
Chloroxuron,0.0,kg,False
Furalaxyl,0.0,kg,False
Barban,0.0,kg,False
Pronamide,0.0,kg,False
Formothion,0.0,kg,False
Esfenvalerate,0.0,kg,False
Dioxacarb,0.0,kg,False
Noruron,0.0,kg,False
Barban,0.0,kg,False
Norea,0.0,kg,False
Carbophenothion,0.0,kg,False
Benzoximate,0.0,kg,False
Thiobencarb,0.0,kg,False
Propham,0.0,kg,False
Dicrotophos,0.0,kg,False
Epichlorohydrin,0.0,kg,False
Formic acid,0.0,kg,False
Benodanil,0.0,kg,False
Sodium formate,0.0,kg,False
Isopropalin,0.0,kg,False
Azamethiphos,0.0,kg,False
Benodanil,0.0,kg,False
Ethion,0.0,kg,False
Methoprene,0.0,kg,False
Bromofenoxim,0.0,kg,False
Thiophanate-methyl,0.0,kg,False
Fospirate,0.0,kg,False
"Xylenes, unspecified",0.0,kg,False
Hexachlorobenzene,0.0,kg,False
MCPA-sodium,0.0,kg,False
Tetrasul,0.0,kg,False
Thionazin,0.0,kg,False
Isopropylamine,0.0,kg,False
Cyclethrin,0.0,kg,False
Propamocarb HCl,0.0,kg,False
"4-Chloro-3,5-dimethylphenol",0.0,kg,False
Bendiocarb,0.0,kg,False
Heptachlor,0.0,kg,False
Terbumeton,0.0,kg,False
Lindane,0.0,kg,False
Dimethametryn,0.0,kg,False
Acrylate,0.0,kg,False
Fluorodifen,0.0,kg,False
Phenothrin,0.0,kg,False
Bensultap,0.0,kg,False
Propetamphos,0.0,kg,False
Tetramethrin,0.0,kg,False
Benazolin,0.0,kg,False
Thiofanox,0.0,kg,False
Quizalofop-ethyl,0.0,kg,False
Nitrothal-isopropyl,0.0,kg,False
Bromuconazole,0.0,kg,False
Diazinon,0.0,kg,False
Fentin hydroxide,0.0,kg,False
Ethiofencarb,0.0,kg,False
2-Imidazolidinone,0.0,kg,False
Disulfoton,0.0,kg,False
"1,3,5-Trioxane",0.0,kg,False
Tolylfluanid,0.0,kg,False
Metaldehyde,0.0,kg,False
Fluazinam,0.0,kg,False
Monochlorobenzene,0.0,kg,False
Benzyl benzoate,0.0,kg,False
Phenthoate,0.0,kg,False
Sodium chloroacetate,0.0,kg,False
Bromophos-ethyl,0.0,kg,False
Haloxyfop-ethoxyethyl,0.0,kg,False
Fenpiclonil,0.0,kg,False
Hydramethylnon,0.0,kg,False
Fenobucarb,0.0,kg,False
Fenoxycarb,0.0,kg,False
Fenthion,0.0,kg,False
Propazine,0.0,kg,False
Pentanochlor,0.0,kg,False
Methyl lactate,0.0,kg,False
Benzyl alcohol,0.0,kg,False
Mecarbam,0.0,kg,False
Fenchlorazole-ethyl,0.0,kg,False
Naled,0.0,kg,False
Methamidophos,0.0,kg,False
Dinobuton,0.0,kg,False
Ethidimuron,0.0,kg,False
Oryzalin,0.0,kg,False
Dinoseb,0.0,kg,False
Chlordecone,0.0,kg,False
Dinoseb acetate,0.0,kg,False
"Hydrocarbons, aliphatic, alkanes, unspecified",0.0,kg,False
Dieldrin,0.0,kg,False
Benazolin,0.0,kg,False
Paraquat,0.0,kg,False
Tetradifon,0.0,kg,False
Fluometuron,0.0,kg,False
Pyrethrin I,0.0,kg,False
Chlorbromuron,0.0,kg,False
Aspon,0.0,kg,False
Thiobencarb,0.0,kg,False
2-Propen-1-ol,0.0,kg,False
Alachlor,0.0,kg,False
Octanoic acid,0.0,kg,False
Ethylene oxide,0.0,kg,False
Dinoseb acetate,0.0,kg,False
Bromofenoxim,0.0,kg,False
Rabon,0.0,kg,False
Ammonium acetate,0.0,kg,False
Butonate,0.0,kg,False
Dicofol,0.0,kg,False
Chlorthiamid,0.0,kg,False
Sethoxydim,0.0,kg,False
Difenoxuron,0.0,kg,False
EPTC,0.0,kg,False
Sulfotep,0.0,kg,False
Chlorphoxim,0.0,kg,False
Cis-permethrin,0.0,kg,False
Captafol,0.0,kg,False
Oxine-copper,0.0,kg,False
o-Xylene,0.0,kg,False
Pebulate,0.0,kg,False
Quinoclamine,0.0,kg,False
Pyrifenox,0.0,kg,False
Isoprothiolane,0.0,kg,False
Terbufos,0.0,kg,False
Chlordimeform,0.0,kg,False
Aclonifen,0.0,kg,False
Triflusulfuron-methyl,0.0,kg,False
Furan,0.0,kg,False
Pyridaben,0.0,kg,False
Dicrotophos,0.0,kg,False
Flutolanil,0.0,kg,False
Isodrin,0.0,kg,False
"Hydrocarbons, aliphatic, alkanes, unspecified",0.0,kg,False
Cyproconazole,0.0,kg,False
Dibutyl phthalate,0.0,kg,False
"1,1,1-Trichloroethane",0.0,kg,False
Sodium trichloroacetate,0.0,kg,False
Calar,0.0,kg,False
Chloral hydrate,0.0,kg,False
Chlorpyrifos,0.0,kg,False
Methabenzthiazuron,0.0,kg,False
Fenchlorazole-ethyl,0.0,kg,False
Pyrifenox,0.0,kg,False
Flucycloxuron,0.0,kg,False
Flamprop-methyl,0.0,kg,False
Thiometon,0.0,kg,False
Fenvalerate,0.0,kg,False
"2,6-Dichloro-4-nitroaniline",0.0,kg,False
Zeta-cypermethrin,0.0,kg,False
Glyodin,0.0,kg,False
Indoxacarb,0.0,kg,False
Fospirate,0.0,kg,False
Molinate,0.0,kg,False
"Hydrocarbons, aliphatic, alkanes, unspecified",0.0,kg,False
Parathion,0.0,kg,False
Alachlor,0.0,kg,False
Butocarboxim,0.0,kg,False
Fenfuram,0.0,kg,False
Sethoxydim,0.0,kg,False
Dichlofluanid,0.0,kg,False
Terbumeton,0.0,kg,False
Tepp,0.0,kg,False
Hexachlorophene,0.0,kg,False
Propetamphos,0.0,kg,False
Isoxathion,0.0,kg,False
Demeton-S-methyl,0.0,kg,False
Nitralin,0.0,kg,False
Zeta-cypermethrin,0.0,kg,False
Dimethomorph,0.0,kg,False
Thidiazuron,0.0,kg,False
Pendimethalin,0.0,kg,False
Imazalil,0.0,kg,False
Propaphos,0.0,kg,False
Hymexazol,0.0,kg,False
Imazalil,0.0,kg,False
tau-Fluvalinate,0.0,kg,False
Cyclohexane,0.0,kg,False
Methidathion,0.0,kg,False
Clodinafop-propargyl,0.0,kg,False
Sodium chloroacetate,0.0,kg,False
Trifluralin,0.0,kg,False
Noruron,0.0,kg,False
Propanol,0.0,kg,False
Peracetic acid,0.0,kg,False
Aldicarb,0.0,kg,False
Merphos,0.0,kg,False
Naled,0.0,kg,False
Triethylene glycol,0.0,kg,False
Dichlofluanid,0.0,kg,False
Fenobucarb,0.0,kg,False
Ethylene dichloride,0.0,kg,False
Methoxychlor,0.0,kg,False
Captafol,0.0,kg,False
Propyl amine,0.0,kg,False
Fensulfothion,0.0,kg,False
Quinalphos,0.0,kg,False
"1,3,5-Trioxane",0.0,kg,False
Bentazone,0.0,kg,False
Benzoximate,0.0,kg,False
Isocarbophos,0.0,kg,False
DNOC,0.0,kg,False
Furfural,0.0,kg,False
Polychlorinated biphenyls,0.0,kg,False
Triforine,0.0,kg,False
Metamitron,0.0,kg,False
Chloral hydrate,0.0,kg,False
Chlorpropham,0.0,kg,False
Dinobuton,0.0,kg,False
Hexythiazox,0.0,kg,False
Acetonitrile,0.0,kg,False
Propaquizafop,0.0,kg,False
Cyproconazole,0.0,kg,False
Ametryn,0.0,kg,False
Chlormephos,0.0,kg,False
Erbon,0.0,kg,False
Fenamiphos,0.0,kg,False
Bensulide,0.0,kg,False
Pyrazoxyfen,0.0,kg,False
Propanal,0.0,kg,False
Azamethiphos,0.0,kg,False
Fenarimol,0.0,kg,False
Terbufos,0.0,kg,False
"N-(3,5-Dichlorophenyl)succinimide",0.0,kg,False
Thiometon,0.0,kg,False
Dichlorprop,0.0,kg,False
Desmetryn,0.0,kg,False
"2,4-D",0.0,kg,False
P-tert-amylphenol,0.0,kg,False
"1,2-Benzisothiazolin-3-one",0.0,kg,False
Butane-1-thiol,0.0,kg,False
Butane-1-thiol,0.0,kg,False
Isoprothiolane,0.0,kg,False
Schradan,0.0,kg,False
Isodrin,0.0,kg,False
Chlorsulfuron,0.0,kg,False
S-Bioallethrin,0.0,kg,False
Tridemorph,0.0,kg,False
Methoprotryne,0.0,kg,False
Temephos,0.0,kg,False
S-Bioallethrin,0.0,kg,False
Chlorfenethol,0.0,kg,False
Chloroxuron,0.0,kg,False
Bromopropylate,0.0,kg,False
Edifenphos,0.0,kg,False
Propoxur,0.0,kg,False
Propham,0.0,kg,False
Etrimfos,0.0,kg,False
Dichlobenil,0.0,kg,False
Mexacarbate,0.0,kg,False
Cycloheximide,0.0,kg,False
Fluridone,0.0,kg,False
Ammonium acetate,0.0,kg,False
Bitertanol,0.0,kg,False
Propanil,0.0,kg,False
Fenvalerate,0.0,kg,False
Pyrifenox,0.0,kg,False
Nitrobenzene,0.0,kg,False
Fentin acetate,0.0,kg,False
Heptenophos,0.0,kg,False
MCPA-thioethyl,0.0,kg,False
Fluazifop-butyl,0.0,kg,False
Bitertanol,0.0,kg,False
Metalaxil,0.0,kg,False
Prosulfocarb,0.0,kg,False
Isopropanol,0.0,kg,False
Chloropicrin,0.0,kg,False
Formic acid,0.0,kg,False
Parathion,0.0,kg,False
Naled,0.0,kg,False
Furalaxyl,0.0,kg,False
Acetonitrile,0.0,kg,False
Hexachlorophene,0.0,kg,False
MCPA-thioethyl,0.0,kg,False
Diisobutyl ketone,0.0,kg,False
"Aldehydes, unspecified",0.0,kg,False
Iodofenphos,0.0,kg,False
Cyanazine,0.0,kg,False
Ametryn,0.0,kg,False
Pyridaphenthion,0.0,kg,False
Sodium trichloroacetate,0.0,kg,False
Methyl acetate,0.0,kg,False
Chlorosulfonic acid,0.0,kg,False
Ioxynil sodium,0.0,kg,False
Isoprocarb,0.0,kg,False
Phenothrin,0.0,kg,False
Thiocyanate,0.0,kg,False
Metobromuron,0.0,kg,False
Plifenat,0.0,kg,False
Chlormequat chloride,0.0,kg,False
Butyl acetate,0.0,kg,False
Dodemorph,0.0,kg,False
Carbon disulfide,0.0,kg,False
2-Imidazolidinone,0.0,kg,False
Bensulide,0.0,kg,False
o-Chlorotoluene,0.0,kg,False
Triallate,0.0,kg,False
Metalaxyl-M,0.0,kg,False
Benzthiazuron,0.0,kg,False
EPTC,0.0,kg,False
Thidiazuron,0.0,kg,False
Difenzoquat,0.0,kg,False
Methyl acrylate,0.0,kg,False
Quinoclamine,0.0,kg,False
Terbutryn,0.0,kg,False
Hexane,0.0,kg,False
Fluchloralin,0.0,kg,False
Propanol,0.0,kg,False
Aldoxycarb,0.0,kg,False
Napropamide,0.0,kg,False
Dioxacarb,0.0,kg,False
Dicrotophos,0.0,kg,False
Phoxim,0.0,kg,False
Ethylene oxide,0.0,kg,False
Starane,0.0,kg,False
Bromophos,0.0,kg,False
Trichloronat,0.0,kg,False
Dioxathion,0.0,kg,False
Benzthiazuron,0.0,kg,False
Chlorfenethol,0.0,kg,False
Atrazine,0.0,kg,False
Cymoxanil,0.0,kg,False
Rabon,0.0,kg,False
Aziprotryne,0.0,kg,False
Methamidophos,0.0,kg,False
"PAH, polycyclic aromatic hydrocarbons",0.0,kg,False
2-Methoxyethylmercury chloride,0.0,kg,False
N-nitrosodimethylamine,0.0,kg,False
4-Chlorophenoxyacetic acid,0.0,kg,False
Tridemorph,0.0,kg,False
Pyrethrin II,0.0,kg,False
Cartap,0.0,kg,False
Empenthrin,0.0,kg,False
Dioxabenzofos,0.0,kg,False
Imidacloprid,0.0,kg,False
Mevinfos,0.0,kg,False
Ferbam,0.0,kg,False
Bioresmethrin,0.0,kg,False
Phosfolan,0.0,kg,False
Fensulfothion,0.0,kg,False
Quinoclamine,0.0,kg,False
Bromophos-ethyl,0.0,kg,False
o-Xylene,0.0,kg,False
Flamprop-methyl,0.0,kg,False
Ethylene diamine,0.0,kg,False
Fuberidazole,0.0,kg,False
Azaconazol,0.0,kg,False
Isocarbophos,0.0,kg,False
Epichlorohydrin,0.0,kg,False
Propanal,0.0,kg,False
Dichlorvos,0.0,kg,False
Bufencarb,0.0,kg,False
"O,P'-DDT",0.0,kg,False
Triclopyr,0.0,kg,False
2-Phenylphenol,0.0,kg,False
Orbencarb,0.0,kg,False
Butamifos,0.0,kg,False
Flucythrinate,0.0,kg,False
Maleic hydrazide,0.0,kg,False
Ethyl acetate,0.0,kg,False
Phenol,0.0,kg,False
Fenson,0.0,kg,False
Thiabendazole,0.0,kg,False
Thiocyanate,0.0,kg,False
Isoprothiolane,0.0,kg,False
Niclosamide,0.0,kg,False
"Hydrocarbons, aliphatic, alkanes, cyclic",0.0,kg,False
Triclopyr,0.0,kg,False
Pyrazophos,0.0,kg,False
Oryzalin,0.0,kg,False
Cumene,0.0,kg,False
Fluridone,0.0,kg,False
Methyl acrylate,0.0,kg,False
Cyhalothrin,0.0,kg,False
Permethrin,0.0,kg,False
2-Propen-1-ol,0.0,kg,False
Isoprothiolane,0.0,kg,False
Acrolein,0.0,kg,False
Chlorotoluron,0.0,kg,False
Flucycloxuron,0.0,kg,False
Etridiazole,0.0,kg,False
Hydrazine,0.0,kg,False
Dichloromethane,0.0,kg,False
Demeton-S-methyl,0.0,kg,False
Diuron,0.0,kg,False
Propyl amine,0.0,kg,False
Mecoprop,0.0,kg,False
Prallethrin,0.0,kg,False
Aminocarb,0.0,kg,False
Paraquat dichloride,0.0,kg,False
Trifenmorph,0.0,kg,False
Chlorfenprop-methyl,0.0,kg,False
Nabam,0.0,kg,False
"Carboxylic acids, unspecified",0.0,kg,False
Triadimefon,0.0,kg,False
Cyhalothrin,0.0,kg,False
Prosulfocarb,0.0,kg,False
Paraquat dichloride,0.0,kg,False
Carbaryl,0.0,kg,False
Acetaldehyde,0.0,kg,False
Butocarboxim,0.0,kg,False
Chlordane,0.0,kg,False
Sulprofos,0.0,kg,False
Thidiazuron,0.0,kg,False
8-Quinolinol,0.0,kg,False
Rimsulfuron,0.0,kg,False
Azadirachtin,0.0,kg,False
Formic acid,0.0,kg,False
Cyromazine,0.0,kg,False
Hydramethylnon,0.0,kg,False
Cyanazine,0.0,kg,False
Diuron,0.0,kg,False
Ethiofencarb,0.0,kg,False
Benzene,0.0,kg,False
Triadimenol,0.0,kg,False
Tridemorph,0.0,kg,False
Chlorsulfuron,0.0,kg,False
Pentachlorophenol,0.0,kg,False
Phosfolan,0.0,kg,False
Cycloxydim,0.0,kg,False
Quinalphos,0.0,kg,False
Fluchloralin,0.0,kg,False
Dinocap,0.0,kg,False
Fenfuram,0.0,kg,False
Permethrin,0.0,kg,False
Hexane,0.0,kg,False
Benzoximate,0.0,kg,False
Aldoxycarb,0.0,kg,False
Mancozeb,0.0,kg,False
Chlordimeform,0.0,kg,False
Chlorbufam,0.0,kg,False
Butane-1-thiol,0.0,kg,False
Styrene,0.0,kg,False
Dienochlor,0.0,kg,False
Quintozene,0.0,kg,False
Acrylonitrile,0.0,kg,False
Quinalphos,0.0,kg,False
2-Phenylphenol,0.0,kg,False
Quizalofop-ethyl,0.0,kg,False
Benzene,0.0,kg,False
Metazachlor,0.0,kg,False
Fenuron,0.0,kg,False
Pyridaben,0.0,kg,False
Methylamine,0.0,kg,False
Fluenetil,0.0,kg,False
t-Butyl amine,0.0,kg,False
Mirex,0.0,kg,False
Acrolein,0.0,kg,False
Allidochlor,0.0,kg,False
Pebulate,0.0,kg,False
Cycloheximide,0.0,kg,False
Isopropylamine,0.0,kg,False
Fensulfothion,0.0,kg,False
Azoxystrobin,0.0,kg,False
tau-Fluvalinate,0.0,kg,False
Aldoxycarb,0.0,kg,False
Piperophos,0.0,kg,False
Clomazone,0.0,kg,False
"2,3,6-Trichlorobenzoic acid",0.0,kg,False
TCMTB,0.0,kg,False
Glufosinate ammonium,0.0,kg,False
Tribenuron-methyl,0.0,kg,False
8-Quinolinol,0.0,kg,False
Acenaphthene,0.0,kg,False
Thiofanox,0.0,kg,False
Triflumuron,0.0,kg,False
Methoprotryne,0.0,kg,False
Azaconazol,0.0,kg,False
Chloroxuron,0.0,kg,False
4-Chlorophenoxyacetic acid,0.0,kg,False
Dicofol,0.0,kg,False
Azinphos-ethyl,0.0,kg,False
Pyraclofos,0.0,kg,False
Endrin,0.0,kg,False
Propoxur,0.0,kg,False
Methyl acetate,0.0,kg,False
Promecarb,0.0,kg,False
Ethion,0.0,kg,False
Diethylamine,0.0,kg,False
Cycloate,0.0,kg,False
Rotenone,0.0,kg,False
Fenchlorphos,0.0,kg,False
Orbencarb,0.0,kg,False
Trichloronat,0.0,kg,False
Hexythiazox,0.0,kg,False
2-Methoxyethylmercury chloride,0.0,kg,False
"2,4,5-T",0.0,kg,False
Fenarimol,0.0,kg,False
Fluvalinate,0.0,kg,False
Mercury II,0.0,kg,False
Profenofos,0.0,kg,False
Ethylamine,0.0,kg,False
Tralomethrin,0.0,kg,False
Bendiocarb,0.0,kg,False
Calar,0.0,kg,False
Quinonamid,0.0,kg,False
Bufencarb,0.0,kg,False
Heptachlor,0.0,kg,False
Trichloroethylene,0.0,kg,False
Thiourea,0.0,kg,False
Carbon disulfide,0.0,kg,False
Barban,0.0,kg,False
Bromoxynil octanoate,0.0,kg,False
Butoxycarboxim,0.0,kg,False
Chlorbufam,0.0,kg,False
Chlordimeform,0.0,kg,False
Cis-permethrin,0.0,kg,False
Metribuzin,0.0,kg,False
Pentane,0.0,kg,False
Methoprene,0.0,kg,False
Chloropicrin,0.0,kg,False
Dienochlor,0.0,kg,False
MCPA,0.0,kg,False
Carbetamide,0.0,kg,False
Thimerosal,0.0,kg,False
Diethyl ether,0.0,kg,False
tau-Fluvalinate,0.0,kg,False
Ethylene diamine,0.0,kg,False
Aniline,0.0,kg,False
Carbophenothion,0.0,kg,False
Propoxur,0.0,kg,False
Dimethyl phthalate,0.0,kg,False
MCPA-sodium,0.0,kg,False
Oxamyl,0.0,kg,False
Mecarbam,0.0,kg,False
Chloranil,0.0,kg,False
Fenpiclonil,0.0,kg,False
Pentanochlor,0.0,kg,False
"Dioxins, measured as 2,3,7,8-tetrachlorodibenzo-p-dioxin",0.0,kg,False
Benzyl benzoate,0.0,kg,False
Carbon disulfide,0.0,kg,False
Chloridazon,0.0,kg,False
Trans-permethrin,0.0,kg,False
Fluvalinate,0.0,kg,False
Tolylfluanid,0.0,kg,False
Diazinon,0.0,kg,False
4-Methyl-2-pentanol,0.0,kg,False
"2,3,6-Trichlorobenzoic acid",0.0,kg,False
Bensulide,0.0,kg,False
o-Chlorotoluene,0.0,kg,False
Diethylene glycol,0.0,kg,False
MCPB,0.0,kg,False
Dodine,0.0,kg,False
Monochlorobenzene,0.0,kg,False
Triclopyr,0.0,kg,False
Oxamyl,0.0,kg,False
Benzthiazuron,0.0,kg,False
Tricyclazole,0.0,kg,False
Calar,0.0,kg,False
Chlorfenethol,0.0,kg,False
Oxadixyl,0.0,kg,False
Dinobuton,0.0,kg,False
Chlorobenzilate,0.0,kg,False
Xylylcarb,0.0,kg,False
Tebufenozide,0.0,kg,False
Prometryn,0.0,kg,False
o-Dichlorobenzene,0.0,kg,False
Acetone,0.0,kg,False
Ioxynil sodium,0.0,kg,False
Chloramine,0.0,kg,False
"2,4-Dichlorophenol",0.0,kg,False
1-Pentanol,0.0,kg,False
Tepraloxydim,0.0,kg,False
Vernolate,0.0,kg,False
Thiram,0.0,kg,False
Etridiazole,0.0,kg,False
2-Allylphenol,0.0,kg,False
Bromacil,0.0,kg,False
Azinphos-methyl,0.0,kg,False
Aspon,0.0,kg,False
Chloroform,0.0,kg,False
Benazolin,0.0,kg,False
tau-Fluvalinate,0.0,kg,False
Triflumizole,0.0,kg,False
Triforine,0.0,kg,False
Triadimenol,0.0,kg,False
Chlorbufam,0.0,kg,False
Sulfometuron methyl,0.0,kg,False
Ammonium sulfamate,0.0,kg,False
Beta-cyfluthrin,0.0,kg,False
Aclonifen,0.0,kg,False
Diflufenican,0.0,kg,False
Cycloxydim,0.0,kg,False
"Hydrocarbons, aromatic",0.0,kg,False
Methyl isobutyl ketone,0.0,kg,False
Tralomethrin,0.0,kg,False
Promecarb,0.0,kg,False
Bufencarb,0.0,kg,False
Rimsulfuron,0.0,kg,False
2-Imidazolidinone,0.0,kg,False
Propoxur,0.0,kg,False
Methylamine,0.0,kg,False
Formic acid,0.0,kg,False
Chlorflurecol,0.0,kg,False
"1,2-Benzisothiazolin-3-one",0.0,kg,False
Simetryn,0.0,kg,False
Beta-cypermethrin,0.0,kg,False
Pentanochlor,0.0,kg,False
Trietazine,0.0,kg,False
Empenthrin,0.0,kg,False
Methylamine,0.0,kg,False
Allethrin,0.0,kg,False
Dinocap,0.0,kg,False
Fenarimol,0.0,kg,False
Isoprocarb,0.0,kg,False
Bromacil,0.0,kg,False
Butachlor,0.0,kg,False
Chlorthiamid,0.0,kg,False
Mefenacet,0.0,kg,False
Dodine,0.0,kg,False
Oxadixyl,0.0,kg,False
Fenfuram,0.0,kg,False
Acetic acid,0.0,kg,False
Fluridone,0.0,kg,False
Pyridate,0.0,kg,False
Oxycarboxin,0.0,kg,False
Propamocarb HCl,0.0,kg,False
Esfenvalerate,0.0,kg,False
Etridiazole,0.0,kg,False
Pyrethrin II,0.0,kg,False
2-Allylphenol,0.0,kg,False
Nitralin,0.0,kg,False
Metsulfuron-methyl,0.0,kg,False
Butyl acetate,0.0,kg,False
Chlorbromuron,0.0,kg,False
Isobenzan,0.0,kg,False
Phosphamidon,0.0,kg,False
"2,3,6-Trichlorobenzoic acid",0.0,kg,False
Pyraclofos,0.0,kg,False
Fenson,0.0,kg,False
Acetonitrile,0.0,kg,False
Chlorfenvinphos,0.0,kg,False
Vernolate,0.0,kg,False
Fonofos,0.0,kg,False
Simazine,0.0,kg,False
Butoxycarboxim,0.0,kg,False
Cycloheximide,0.0,kg,False
Pyraclofos,0.0,kg,False
Carbetamide,0.0,kg,False
Metolcarb,0.0,kg,False
Diquat,0.0,kg,False
"2,4-D sodium salt",0.0,kg,False
Isocarbophos,0.0,kg,False
Maneb,0.0,kg,False
Heptenophos,0.0,kg,False
"2,4,5-T",0.0,kg,False
Fenuron,0.0,kg,False
Dioxathion,0.0,kg,False
Iprodione,0.0,kg,False
Pyrifenox,0.0,kg,False
Metoxuron,0.0,kg,False
Propachlor,0.0,kg,False
Chromium III,0.0,kg,False
Gamma-cyhalothrin,0.0,kg,False
Difenzoquat,0.0,kg,False
Fluorodifen,0.0,kg,False
Pyridaben,0.0,kg,False
Thiourea,0.0,kg,False
o-Xylene,0.0,kg,False
Beta-cypermethrin,0.0,kg,False
Chlorosulfonic acid,0.0,kg,False
Butanol,0.0,kg,False
Dimethylamine,0.0,kg,False
Chloroxuron,0.0,kg,False
Butachlor,0.0,kg,False
Norea,0.0,kg,False
Triflumizole,0.0,kg,False
Isodrin,0.0,kg,False
Fluchloralin,0.0,kg,False
Alpha-endosulfan,0.0,kg,False
Trans-permethrin,0.0,kg,False
Nuarimol,0.0,kg,False
Aminocarb,0.0,kg,False
Chlorfenethol,0.0,kg,False
Phosphorus,0.0,kg,False
Nitrogen,0.0,kg,False
Oxadixyl,0.0,kg,False
Clofenotane,0.0,kg,False
Flamprop-m-isopropyl,0.0,kg,False
Fenpyroximate,0.0,kg,False
Caesium-137,0.0,kBq,False
Tralomethrin,0.0,kg,False
Sodium fluorosilicate,0.0,kg,False
Isohexane,0.0,kg,False
Aluminium phosphide,0.0,kg,False
Manganese-54,0.0,kBq,False
"Aerosols, radioactive, unspecified",0.0,kBq,False
Iodine-131,0.0,kBq,False
Pentafluoroethane,0.0,kg,False
Cobalt-58,0.0,kBq,False
Ethylene dichloride,0.0,kg,False
Styrene,0.0,kg,False
Triflumuron,0.0,kg,False
MCPA-thioethyl,0.0,kg,False
2-Phenylphenol,0.0,kg,False
Propaphos,0.0,kg,False
Clofenotane,0.0,kg,False
Demeton,0.0,kg,False
"Dioxins, measured as 2,3,7,8-tetrachlorodibenzo-p-dioxin",0.0,kg,False
Linuron,0.0,kg,False
Acenaphthylene,0.0,kg,False
Vinyl chloride,0.0,kg,False
Benomyl,0.0,kg,False
Alpha-lindane,0.0,kg,False
Anilazine,0.0,kg,False
o-Xylene,0.0,kg,False
Ethylene dichloride,0.0,kg,False
"2,4,6-Trichlorophenol",0.0,kg,False
"2,4,6-Trichlorophenol",0.0,kg,False
Clofenotane,0.0,kg,False
Ethylene oxide,0.0,kg,False
Cyromazine,0.0,kg,False
Captafol,0.0,kg,False
Demeton,0.0,kg,False
Delta-lindane,0.0,kg,False
Cyromazine,0.0,kg,False
Beta-lindane,0.0,kg,False
Chlorpyrifos,0.0,kg,False
Azinphos-methyl,0.0,kg,False
Azinphos-methyl,0.0,kg,False
Beta-lindane,0.0,kg,False
Dimethoate,0.0,kg,False
Thiazopyr,0.0,kg,False
Haloxyfop-P,0.0,kg,False
Haloxyfop-P,0.0,kg,False
Triclopyr-butotyl,0.0,kg,False
Thiophanate,0.0,kg,False
Asulam-sodium,0.0,kg,False
Formetanate,0.0,kg,False
Dimethipin,0.0,kg,False
Mesosulfuron-methyl (prop),0.0,kg,False
Acifluorfen sodium,0.0,kg,False
Fluoroglycofen,0.0,kg,False
Endothall,0.0,kg,False
Fluazifop-butyl,0.0,kg,False
Methylamine,0.0,kg,False
3-Methyl-1-butanol,0.0,kg,False
Dimethyl ether,0.0,kg,False
Methyl formate,0.0,kg,False
Nitrogen,0.0,kg,False
Phosphorus,0.0,kg,False
Demeton,0.0,kg,False
Delta-lindane,0.0,kg,False
Demeton,0.0,kg,False
Permethrin,0.0,kg,False
Demeton,0.0,kg,False
Cyanazine,0.0,kg,False
Triazophos,0.0,kg,False
"Dioxins, measured as 2,3,7,8-tetrachlorodibenzo-p-dioxin",0.0,kg,False
Azinphos-ethyl,0.0,kg,False
Clofenotane,0.0,kg,False
Acrylonitrile,0.0,kg,False
Alpha-lindane,0.0,kg,False
Beta-endosulfan,0.0,kg,False
Endrin,0.0,kg,False
Dinoseb,0.0,kg,False
Tolclofos-methyl,0.0,kg,False
"2,4,5-Trichlorophenol",0.0,kg,False
DNOC,0.0,kg,False
Dinoseb,0.0,kg,False
Anilazine,0.0,kg,False
"2,4,5-Trichlorophenol",0.0,kg,False
Dimethyl phthalate,0.0,kg,False
Hexachlorobenzene,0.0,kg,False
Fentin hydroxide,0.0,kg,False
Azinphos-ethyl,0.0,kg,False
Dimethyl phthalate,0.0,kg,False
Oxydemeton-methyl,0.0,kg,False
"2,4,5-Trichlorophenol",0.0,kg,False
Ethylene,0.0,kg,False
Heptenophos,0.0,kg,False
Carbendazim,0.0,kg,False
Benzo(k)fluoranthene,0.0,kg,False
Mevinfos,0.0,kg,False
"2,4,5-Trichlorophenol",0.0,kg,False
Bis(tributyltin) oxide,0.0,kg,False
Isoproturon,0.0,kg,False
Dibutyl phthalate,0.0,kg,False
Carbofuran,0.0,kg,False
"2,4,5-T",0.0,kg,False
Zineb,0.0,kg,False
"2,4-D",0.0,kg,False
Anilazine,0.0,kg,False
"2,4,6-Trichlorophenol",0.0,kg,False
Alpha-lindane,0.0,kg,False
Beta-lindane,0.0,kg,False
Bis(tributyltin) oxide,0.0,kg,False
Cypermethrin,0.0,kg,False
"2,4,6-Trichlorophenol",0.0,kg,False
Dibutyl phthalate,0.0,kg,False
"1,1,1-Trichloroethane",0.0,kg,False
Trichlorfon,0.0,kg,False
Ethylene dichloride,0.0,kg,False
Delta-lindane,0.0,kg,False
Aldicarb,0.0,kg,False
Dinoterb,0.0,kg,False
Simazine,0.0,kg,False
Fentin acetate,0.0,kg,False
Aldicarb,0.0,kg,False
Demeton,0.0,kg,False
"Dioxins, measured as 2,3,7,8-tetrachlorodibenzo-p-dioxin",0.0,kg,False
Fenitrothion,0.0,kg,False
Alpha-lindane,0.0,kg,False
Dimethyl phthalate,0.0,kg,False
Tolclofos-methyl,0.0,kg,False
Ethylene dichloride,0.0,kg,False
Dichlorvos,0.0,kg,False
Beta-lindane,0.0,kg,False
"2,4,5-Trichlorophenol",0.0,kg,False
Ethoprop,0.0,kg,False
Propylene oxide,0.0,kg,False
Mecoprop,0.0,kg,False
Dieldrin,0.0,kg,False
Dibutyl phthalate,0.0,kg,False
Beta-lindane,0.0,kg,False
Triazophos,0.0,kg,False
Alpha-lindane,0.0,kg,False
"2,4,5-Trichlorophenol",0.0,kg,False
Bis(tributyltin) oxide,0.0,kg,False
"2,4,6-Trichlorophenol",0.0,kg,False
Ethylene,0.0,kg,False
Dimethyl phthalate,0.0,kg,False
Alpha-lindane,0.0,kg,False
Demeton,0.0,kg,False
Dinoseb,0.0,kg,False
Diuron,0.0,kg,False
Bifenthrin,0.0,kg,False
Tolclofos-methyl,0.0,kg,False
Triazophos,0.0,kg,False
Benzo(b)fluoranthene,0.0,kg,False
Tolclofos-methyl,0.0,kg,False
Cypermethrin,0.0,kg,False
Clofenotane,0.0,kg,False
Carbofuran,0.0,kg,False
Delta-lindane,0.0,kg,False
Clofenotane,0.0,kg,False
Delta-lindane,0.0,kg,False
Dinoseb,0.0,kg,False
Mevinfos,0.0,kg,False
Butyl benzyl phthalate,0.0,kg,False
Cobalt II,0.0,kg,False
Ethoprop,0.0,kg,False
Beta-endosulfan,0.0,kg,False
Zeta-cypermethrin,0.0,kg,False
Bromomethane,0.0,kg,False
Chloridazon,0.0,kg,False
Triazophos,0.0,kg,False
Alpha-lindane,0.0,kg,False
Acenaphthylene,0.0,kg,False
Ethylene,0.0,kg,False
Lindane,0.0,kg,False
Diazinon,0.0,kg,False
Fenitrothion,0.0,kg,False
"2,4,6-Trichlorophenol",0.0,kg,False
Tolclofos-methyl,0.0,kg,False
m-Xylene,0.0,kg,False
Tolclofos-methyl,0.0,kg,False
Propoxur,0.0,kg,False
Dimethyl phthalate,0.0,kg,False
Clofenotane,0.0,kg,False
Dibutyl phthalate,0.0,kg,False
Dibutyl phthalate,0.0,kg,False
"Indeno(1,2,3-cd)pyrene",0.0,kg,False
Beta-lindane,0.0,kg,False
"Indeno(1,2,3-cd)pyrene",0.0,kg,False
Trichloroethylene,0.0,kg,False
"2,4,5-Trichlorophenol",0.0,kg,False
Chlorpropham,0.0,kg,False
Beta-lindane,0.0,kg,False
Methabenzthiazuron,0.0,kg,False
Triazophos,0.0,kg,False
Azinphos-ethyl,0.0,kg,False
"Indeno(1,2,3-cd)pyrene",0.0,kg,False
Ethoprop,0.0,kg,False
Endosulfan,0.0,kg,False
Anilazine,0.0,kg,False
Pentachlorophenol,0.0,kg,False
Bis(tributyltin) oxide,0.0,kg,False
Dieldrin,0.0,kg,False
Bis(tributyltin) oxide,0.0,kg,False
Hexachlorobenzene,0.0,kg,False
Heptenophos,0.0,kg,False
Dichloromethane,0.0,kg,False
Tolclofos-methyl,0.0,kg,False
Dibutyl phthalate,0.0,kg,False
Dimethyl phthalate,0.0,kg,False
Zeta-cypermethrin,0.0,kg,False
Glyphosate,0.0,kg,False
Bis(tributyltin) oxide,0.0,kg,False
Mevinfos,0.0,kg,False
Delta-lindane,0.0,kg,False
"1,2-Dibromoethane",0.0,kg,False
Chloro-fluoromethane,0.0,kg,False
Copper,0.0,kg,False
Fenoprop,0.0,kg,False
Carbosulfan,0.0,kg,False
Rotenone,0.0,kg,False
Acrylic acid,0.0,kg,False
Chloramben,0.0,kg,False
Dalapon,0.0,kg,False
Edifenphos,0.0,kg,False
Amitraz,0.0,kg,False
Propham,0.0,kg,False
Isofenphos,0.0,kg,False
Tridiphane,0.0,kg,False
EPN,0.0,kg,False
Norflurazon,0.0,kg,False
Merphos,0.0,kg,False
Cyhalothrin,0.0,kg,False
o-Chlorotoluene,0.0,kg,False
Fenpropathrin,0.0,kg,False
Merphos,0.0,kg,False
Dalapon,0.0,kg,False
Phenthoate,0.0,kg,False
2-Phenylphenol,0.0,kg,False
Demeton-S-methyl,0.0,kg,False
Tribenuron-methyl,0.0,kg,False
Dimethipin,0.0,kg,False
Tecnazene,0.0,kg,False
"2,4-Dimethylphenol",0.0,kg,False
Phosalone,0.0,kg,False
Thifensulfuron-methyl,0.0,kg,False
Oxadiazon,0.0,kg,False
Dimethipin,0.0,kg,False
Propineb,0.0,kg,False
Propanil,0.0,kg,False
Buprofezin,0.0,kg,False
Oxadiazon,0.0,kg,False
Vinclozolin,0.0,kg,False
Bensulfuron methyl ester,0.0,kg,False
Difenzoquat metilsulfate,0.0,kg,False
"2,4-Dimethylphenol",0.0,kg,False
Dalapon,0.0,kg,False
Kresoxim-methyl,0.0,kg,False
Isoxaben,0.0,kg,False
Cyanophos,0.0,kg,False
Dicrotophos,0.0,kg,False
Chlorthal-dimethyl,0.0,kg,False
Dimethipin,0.0,kg,False
Dalapon,0.0,kg,False
Dalapon,0.0,kg,False
Monocrotophos,0.0,kg,False
Vernolate,0.0,kg,False
Dicofol,0.0,kg,False
Methiocarb,0.0,kg,False
Chlormequat,0.0,kg,False
Prometon,0.0,kg,False
Fenoprop,0.0,kg,False
Fenamiphos,0.0,kg,False
Pirimiphos methyl,0.0,kg,False
Imazethapyr,0.0,kg,False
Bromopropylate,0.0,kg,False
Fenbuconazole,0.0,kg,False
Imazalil,0.0,kg,False
Chinomethionate,0.0,kg,False
Dodine,0.0,kg,False
Ethylene glycol monoethyl ether,0.0,kg,False
EPTC,0.0,kg,False
Fenbuconazole,0.0,kg,False
EPN,0.0,kg,False
Chlorthal-dimethyl,0.0,kg,False
"1,2-Dibromoethane",0.0,kg,False
Ethion,0.0,kg,False
Bensulfuron methyl ester,0.0,kg,False
Norflurazon,0.0,kg,False
Chloramben,0.0,kg,False
"1,2-Dichloropropane",0.0,kg,False
Hexazinone,0.0,kg,False
Pirimiphos methyl,0.0,kg,False
Benzoic acid,0.0,kg,False
Maleic hydrazide,0.0,kg,False
Cyanophos,0.0,kg,False
Bisphenol A,0.0,kg,False
Oxadiazon,0.0,kg,False
Quinalphos,0.0,kg,False
Fenoprop,0.0,kg,False
EPN,0.0,kg,False
Dalapon,0.0,kg,False
Vernolate,0.0,kg,False
Bensulfuron methyl ester,0.0,kg,False
Tribufos,0.0,kg,False
Phosphamidon,0.0,kg,False
Merphos,0.0,kg,False
Sethoxydim,0.0,kg,False
Quizalofop-ethyl,0.0,kg,False
Isoxaben,0.0,kg,False
Metalaxil,0.0,kg,False
Chlorfenson,0.0,kg,False
Dialifor,0.0,kg,False
Imazethapyr,0.0,kg,False
Phosalone,0.0,kg,False
Dinex,0.0,kg,False
EPN,0.0,kg,False
Methamidophos,0.0,kg,False
Ethyl acetate,0.0,kg,False
Mecarbam,0.0,kg,False
Quinalphos,0.0,kg,False
Epichlorohydrin,0.0,kg,False
Vamidothion,0.0,kg,False
Diethyl ether,0.0,kg,False
Resmethrin,0.0,kg,False
Piperonyl butoxide,0.0,kg,False
Fenoprop,0.0,kg,False
Tebuconazole,0.0,kg,False
Dichlofluanid,0.0,kg,False
Thiometon,0.0,kg,False
Chloramben,0.0,kg,False
Triadimenol,0.0,kg,False
Methamidophos,0.0,kg,False
Tridiphane,0.0,kg,False
Hexachlorophene,0.0,kg,False
"1,2-Dichloropropane",0.0,kg,False
Formothion,0.0,kg,False
Ethylene glycol monoethyl ether,0.0,kg,False
Cartap,0.0,kg,False
Phenothrin,0.0,kg,False
Difenzoquat metilsulfate,0.0,kg,False
Terbutryn,0.0,kg,False
Oxadiazon,0.0,kg,False
Fosetyl-Al,0.0,kg,False
Prochloraz,0.0,kg,False
Cartap,0.0,kg,False
"1,2-Dichloropropane",0.0,kg,False
Difenzoquat metilsulfate,0.0,kg,False
Prometon,0.0,kg,False
Dimethipin,0.0,kg,False
"1,2-Dichloropropane",0.0,kg,False
"1,2-Dichloropropane",0.0,kg,False
Amitraz,0.0,kg,False
Asulam,0.0,kg,False
Chlormequat,0.0,kg,False
Vinyl chloride,0.0,kg,False
Phenol,0.0,kg,False
Acenaphthylene,0.0,kg,False
Acrolein,0.0,kg,False
Dioctyl phthalate,0.0,kg,False
Ethylene,0.0,kg,False
Ethyl benzene,0.0,kg,False
Carbon tetrachloride,0.0,kg,False
Acenaphthene,0.0,kg,False
Chlorotrifluoromethane,0.0,kg,False
Trifluoromethane,0.0,kg,False
Hexafluoroethane,0.0,kg,False
Difluoromethane,0.0,kg,False
Nitrogen fluoride,0.0,kg,False
"1,1,1-Trifluoroethane",0.0,kg,False
"Carbon dioxide, fossil",0.0,kg,False
Resmethrin,0.0,kg,False
Hexachlorocyclohexane,0.0,kg,False
Technetium-99,0.0,kBq,False
Manganese-54,0.0,kBq,False
Tebufenozide,0.0,kg,False
Phenthoate,0.0,kg,False
Molinate,0.0,kg,False
Propineb,0.0,kg,False
Omethoate,0.0,kg,False
Benzoic acid,0.0,kg,False
Copper,0.0,kg,False
Strontium-90,0.0,kBq,False
Propamocarb,0.0,kg,False
Isofenphos,0.0,kg,False
Methidathion,0.0,kg,False
Bendiocarb,0.0,kg,False
Dimethipin,0.0,kg,False
Tridiphane,0.0,kg,False
Sulfallate,0.0,kg,False
Myclobutanil,0.0,kg,False
Technetium-99m,0.0,kBq,False
Iodine-129,0.0,kBq,False
Propineb,0.0,kg,False
Resmethrin,0.0,kg,False
Amitrole,0.0,kg,False
Americium-241,0.0,kBq,False
Cobalt-60,0.0,kBq,False
Prometryn,0.0,kg,False
Fenbuconazole,0.0,kg,False
Ethylene glycol monoethyl ether,0.0,kg,False
Fenvalerate,0.0,kg,False
Maneb,0.0,kg,False
Dinocap,0.0,kg,False
Vinclozolin,0.0,kg,False
Strontium-90,0.0,kBq,False
Fonofos,0.0,kg,False
Antimony-124,0.0,kBq,False
Formothion,0.0,kg,False
Bensulfuron methyl ester,0.0,kg,False
Chlordimeform,0.0,kg,False
Dimethipin,0.0,kg,False
Penconazole,0.0,kg,False
Oryzalin,0.0,kg,False
Terbutryn,0.0,kg,False
Cacodylic acid,0.0,kg,False
Tridiphane,0.0,kg,False
Bromoxynil octanoate,0.0,kg,False
Furfural,0.0,kg,False
Technetium-99,0.0,kBq,False
Etrimfos,0.0,kg,False
Glufosinate,0.0,kg,False
Americium-241,0.0,kBq,False
Bensulfuron methyl ester,0.0,kg,False
Sulfallate,0.0,kg,False
Methyl isobutyl ketone,0.0,kg,False
Pendimethalin,0.0,kg,False
Iodine-129,0.0,kBq,False
Silver-110,0.0,kBq,False
Americium-241,0.0,kBq,False
Phosphamidon,0.0,kg,False
Cobalt-58,0.0,kBq,False
Cyhexatin,0.0,kg,False
Benzoic acid,0.0,kg,False
Tritium,0.0,kBq,False
Tritium,0.0,kBq,False
Thifensulfuron-methyl,0.0,kg,False
Caesium-134,0.0,kBq,False
"2,6-Dichloro-4-nitroaniline",0.0,kg,False
"Actinides, radioactive, unspecified",0.0,kBq,False
Quinalphos,0.0,kg,False
Fosetyl-Al,0.0,kg,False
Carbon-14,0.0,kBq,False
Tritium,0.0,kBq,False
"N,N-Dimethylformamide",0.0,kg,False
Isoxaben,0.0,kg,False
Chlordecone,0.0,kg,False
Paraquat dichloride,0.0,kg,False
Manganese-54,0.0,kBq,False
Fluometuron,0.0,kg,False
Hydramethylnon,0.0,kg,False
Butene,0.0,kg,False
Omethoate,0.0,kg,False
Diflubenzuron,0.0,kg,False
"Actinides, radioactive, unspecified",0.0,kBq,False
Caesium-137,0.0,kBq,False
Bromoxynil octanoate,0.0,kg,False
Glufosinate ammonium,0.0,kg,False
Methoxychlor,0.0,kg,False
Bromophos,0.0,kg,False
Imazalil,0.0,kg,False
Strontium-90,0.0,kBq,False
Molinate,0.0,kg,False
Omethoate,0.0,kg,False
Terbacil,0.0,kg,False
Sethoxydim,0.0,kg,False
Triadimefon,0.0,kg,False
Strontium-90,0.0,kBq,False
Methoxychlor,0.0,kg,False
Propamocarb,0.0,kg,False
Antimony-124,0.0,kBq,False
Terbacil,0.0,kg,False
Propham,0.0,kg,False
Fipronil,0.0,kg,False
Endothall,0.0,kg,False
Tridiphane,0.0,kg,False
Norflurazon,0.0,kg,False
Flutolanil,0.0,kg,False
Technetium-99,0.0,kBq,False
Thifensulfuron-methyl,0.0,kg,False
Omethoate,0.0,kg,False
Glufosinate ammonium,0.0,kg,False
Silver-110,0.0,kBq,False
Propineb,0.0,kg,False
Chlormequat,0.0,kg,False
Cyhexatin,0.0,kg,False
Caesium-137,0.0,kBq,False
Fluometuron,0.0,kg,False
2-Propen-1-ol,0.0,kg,False
Isopropalin,0.0,kg,False
Procymidone,0.0,kg,False
Carbosulfan,0.0,kg,False
Prochloraz,0.0,kg,False
"Hydrocarbons, aromatic",0.0,kg,False
Fenbuconazole,0.0,kg,False
Imazethapyr,0.0,kg,False
"Noble gases, radioactive, unspecified",0.0,kBq,False
Fipronil,0.0,kg,False
Americium-241,0.0,kBq,False
Hexachlorocyclohexane,0.0,kg,False
Glufosinate,0.0,kg,False
Etofenprox,0.0,kg,False
Phosphamidon,0.0,kg,False
Chlorobenzilate,0.0,kg,False
Sulfotep,0.0,kg,False
Cobalt-60,0.0,kBq,False
Cacodylic acid,0.0,kg,False
Benzoic acid,0.0,kg,False
Fenarimol,0.0,kg,False
Iodine-129,0.0,kBq,False
Cacodylic acid,0.0,kg,False
Dinocap,0.0,kg,False
Silver-110,0.0,kBq,False
Thiodicarb,0.0,kg,False
"2,4-DB",0.0,kg,False
Tridiphane,0.0,kg,False
Cobalt-58,0.0,kBq,False
Iodine-131,0.0,kBq,False
Methoprene,0.0,kg,False
Caesium-134,0.0,kBq,False
Technetium-99m,0.0,kBq,False
Ruthenium-106,0.0,kBq,False
Hexythiazox,0.0,kg,False
Antimony-124,0.0,kBq,False
Chlorfenson,0.0,kg,False
Etofenprox,0.0,kg,False
Triadimenol,0.0,kg,False
Triforine,0.0,kg,False
Krypton-85,0.0,kBq,False
Chlorfenson,0.0,kg,False
Xenon-133,0.0,kBq,False
Technetium-99,0.0,kBq,False
Acetonitrile,0.0,kg,False
Isoxaben,0.0,kg,False
1-Pentene,0.0,kg,False
Chloral hydrate,0.0,kg,False
Thifensulfuron-methyl,0.0,kg,False
Rotenone,0.0,kg,False
Terbacil,0.0,kg,False
Thifensulfuron-methyl,0.0,kg,False
Chlorfenson,0.0,kg,False
Cacodylic acid,0.0,kg,False
Vinclozolin,0.0,kg,False
"Actinides, radioactive, unspecified",0.0,kBq,False
Americium-241,0.0,kBq,False
Ruthenium-106,0.0,kBq,False
Thiometon,0.0,kg,False
Procymidone,0.0,kg,False
Cobalt-60,0.0,kBq,False
MCPB,0.0,kg,False
Chlormequat,0.0,kg,False
Monochloroethane,0.0,kg,False
Hexazinone,0.0,kg,False
Carbon-14,0.0,kBq,False
2-Phenylphenol,0.0,kg,False
Tridiphane,0.0,kg,False
Iodine-133,0.0,kBq,False
"Actinides, radioactive, unspecified",0.0,kBq,False
Terbacil,0.0,kg,False
Iodine-129,0.0,kBq,False
Amitrole,0.0,kg,False
Benzoic acid,0.0,kg,False
"2,6-Dichloro-4-nitroaniline",0.0,kg,False
Norflurazon,0.0,kg,False
"Noble gases, radioactive, unspecified",0.0,kBq,False
Technetium-99,0.0,kBq,False
Chlormequat,0.0,kg,False
Bensulfuron methyl ester,0.0,kg,False
Cobalt-58,0.0,kBq,False
Isoxaben,0.0,kg,False
Bromophos-ethyl,0.0,kg,False
Terbacil,0.0,kg,False
Ruthenium-106,0.0,kBq,False
Carbon-14,0.0,kBq,False
Fenvalerate,0.0,kg,False
3-Methyl-1-butanol,0.0,kg,False
Norflurazon,0.0,kg,False
Fenbuconazole,0.0,kg,False
Dioxacarb,0.0,kg,False
Lenacil,0.0,kg,False
Ioxynil,0.0,kg,False
2-Methoxyethylmercury chloride,0.0,kg,False
Isobenzan,0.0,kg,False
Pebulate,0.0,kg,False
Mexacarbate,0.0,kg,False
Dichlobenil,0.0,kg,False
Flurochloridone,0.0,kg,False
Chlorfenethol,0.0,kg,False
Acetic acid,0.0,kg,False
Fenchlorazole-ethyl,0.0,kg,False
Cycloate,0.0,kg,False
Cloquintocet-mexyl,0.0,kg,False
Pyrazoxyfen,0.0,kg,False
Xylylcarb,0.0,kg,False
Tetramethrin,0.0,kg,False
Pentanochlor,0.0,kg,False
Fuberidazole,0.0,kg,False
Bromofenoxim,0.0,kg,False
Sulprofos,0.0,kg,False
Tricyclazole,0.0,kg,False
Dienochlor,0.0,kg,False
Metolcarb,0.0,kg,False
Fenoxaprop-P ethyl ester,0.0,kg,False
Azaconazol,0.0,kg,False
Pyridaben,0.0,kg,False
Butyl acetate,0.0,kg,False
Dinoseb acetate,0.0,kg,False
Monolinuron,0.0,kg,False
Iodofenphos,0.0,kg,False
Sodium trichloroacetate,0.0,kg,False
Sulprofos,0.0,kg,False
Difenoxuron,0.0,kg,False
Fluazifop-butyl,0.0,kg,False
Fuberidazole,0.0,kg,False
Metolcarb,0.0,kg,False
Butocarboxim,0.0,kg,False
Dienochlor,0.0,kg,False
Metoxuron,0.0,kg,False
2-Methoxyethylmercury chloride,0.0,kg,False
Propetamphos,0.0,kg,False
Sulfometuron methyl,0.0,kg,False
Fluorodifen,0.0,kg,False
Hymexazol,0.0,kg,False
Etridiazole,0.0,kg,False
2-Allylphenol,0.0,kg,False
Acetic acid,0.0,kg,False
Bromacil,0.0,kg,False
Flurochloridone,0.0,kg,False
Triclopyr,0.0,kg,False
Secbumeton,0.0,kg,False
Etridiazole,0.0,kg,False
Dichlofenthion,0.0,kg,False
Thimerosal,0.0,kg,False
Fenobucarb,0.0,kg,False
Pyridaben,0.0,kg,False
Noruron,0.0,kg,False
Pentanochlor,0.0,kg,False
Dinoseb acetate,0.0,kg,False
Cloquintocet-mexyl,0.0,kg,False
Fenoxycarb,0.0,kg,False
Chlornitrofen,0.0,kg,False
Barban,0.0,kg,False
Dinitramine,0.0,kg,False
Chloroxuron,0.0,kg,False
Oxadixyl,0.0,kg,False
Pyrazoxyfen,0.0,kg,False
Haloxyfop-ethoxyethyl,0.0,kg,False
Starane,0.0,kg,False
Niclosamide,0.0,kg,False
Alachlor,0.0,kg,False
Tricyclazole,0.0,kg,False
Butachlor,0.0,kg,False
Nuarimol,0.0,kg,False
Nuarimol,0.0,kg,False
Temephos,0.0,kg,False
Fenuron,0.0,kg,False
Azamethiphos,0.0,kg,False
Nitrothal-isopropyl,0.0,kg,False
Monolinuron,0.0,kg,False
Chlornitrofen,0.0,kg,False
Dimethametryn,0.0,kg,False
Butachlor,0.0,kg,False
Dioxabenzofos,0.0,kg,False
Dodemorph,0.0,kg,False
Chlorthion,0.0,kg,False
Esfenvalerate,0.0,kg,False
Azaconazol,0.0,kg,False
Dichlofenthion,0.0,kg,False
Tolylfluanid,0.0,kg,False
Chlorbromuron,0.0,kg,False
Trifenmorph,0.0,kg,False
Thimerosal,0.0,kg,False
Difenoxuron,0.0,kg,False
Chlorbufam,0.0,kg,False
Piperophos,0.0,kg,False
Dodemorph,0.0,kg,False
Isobenzan,0.0,kg,False
Diethylamine,0.0,kg,False
Phenkapton,0.0,kg,False
"1,1-Difluoroethane",0.0,kg,False
Carbetamide,0.0,kg,False
Isopropylamine,0.0,kg,False
Thionazin,0.0,kg,False
Norea,0.0,kg,False
Cycloheximide,0.0,kg,False
Benzthiazuron,0.0,kg,False
Ammonium acetate,0.0,kg,False
Phosfolan,0.0,kg,False
Tricyclazole,0.0,kg,False
Benodanil,0.0,kg,False
"3,4,5-Trimethylphenyl methylcarbamate",0.0,kg,False
Oxydisulfoton,0.0,kg,False
Trifenmorph,0.0,kg,False
Acetylene,0.0,kg,False
Chlorthiamid,0.0,kg,False
Erbon,0.0,kg,False
Niclosamide,0.0,kg,False
Nabam,0.0,kg,False
Triflumizole,0.0,kg,False
Aziprotryne,0.0,kg,False
Benodanil,0.0,kg,False
Aniline,0.0,kg,False
Dichlone,0.0,kg,False
Benfuracarb,0.0,kg,False
Indoxacarb,0.0,kg,False
Fospirate,0.0,kg,False
Formaldehyde,0.0,kg,False
Ethane thiol,0.0,kg,False
Dioxabenzofos,0.0,kg,False
2-Methyl-2-butene,0.0,kg,False
Prallethrin,0.0,kg,False
m-Xylene,0.0,kg,False
Bensultap,0.0,kg,False
Chloroacetic acid,0.0,kg,False
Isodrin,0.0,kg,False
MCPA-thioethyl,0.0,kg,False
Aspon,0.0,kg,False
Mecoprop-P,0.0,kg,False
Thiabendazole,0.0,kg,False
Acetone,0.0,kg,False
Dazomet,0.0,kg,False
Desmedipham,0.0,kg,False
Cartap hydrochloride,0.0,kg,False
Chlornitrofen,0.0,kg,False
Dimethomorph,0.0,kg,False
Acetyl chloride,0.0,kg,False
Dimethametryn,0.0,kg,False
Allidochlor,0.0,kg,False
"Hydrocarbons, aromatic",0.0,kg,False
Methyl acetate,0.0,kg,False
Bifenox,0.0,kg,False
3-Methyl-1-butanol,0.0,kg,False
Fenson,0.0,kg,False
Methyl acrylate,0.0,kg,False
Acetaldehyde,0.0,kg,False
"NMVOC, non-methane volatile organic compounds",0.0,kg,False
Calar,0.0,kg,False
Carbetamide,0.0,kg,False
Fenaminosulf,0.0,kg,False
Tricyclazole,0.0,kg,False
Bromofenoxim,0.0,kg,False
Tepp,0.0,kg,False
"Xylenes, unspecified",0.0,kg,False
Allethrin,0.0,kg,False
Benazolin,0.0,kg,False
"3,4,5-Trimethylphenyl methylcarbamate",0.0,kg,False
4-Chlorophenoxyacetic acid,0.0,kg,False
TCMTB,0.0,kg,False
Methoxyfenozide,0.0,kg,False
Glyoxal,0.0,kg,False
Chlorbromuron,0.0,kg,False
Fuberidazole,0.0,kg,False
Pencycuron,0.0,kg,False
Methanol,0.0,kg,False
4-Chlorophenoxyacetic acid,0.0,kg,False
Diethylamine,0.0,kg,False
Fenobucarb,0.0,kg,False
Propetamphos,0.0,kg,False
Peracetic acid,0.0,kg,False
Tetrachloroethylene,0.0,kg,False
Thiourea,0.0,kg,False
Trifenmorph,0.0,kg,False
Dimethylamine,0.0,kg,False
Cumene,0.0,kg,False
o-Chlorotoluene,0.0,kg,False
Dichlorophen,0.0,kg,False
Butamifos,0.0,kg,False
Niclosamide,0.0,kg,False
Benfuracarb,0.0,kg,False
Glyodin,0.0,kg,False
Nitralin,0.0,kg,False
Ethylene oxide,0.0,kg,False
Sodium chloroacetate,0.0,kg,False
P-tert-amylphenol,0.0,kg,False
Tridemorph,0.0,kg,False
Glyodin,0.0,kg,False
"1,2-Benzisothiazolin-3-one",0.0,kg,False
Diclofop-methyl,0.0,kg,False
Plifenat,0.0,kg,False
"1,1,1-Trichloroethane",0.0,kg,False
Methoprotryne,0.0,kg,False
Orbencarb,0.0,kg,False
Fenpiclonil,0.0,kg,False
Bromuconazole,0.0,kg,False
Prallethrin,0.0,kg,False
Schradan,0.0,kg,False
Trans-permethrin,0.0,kg,False
2-Allylphenol,0.0,kg,False
Isocarbophos,0.0,kg,False
Acetyl chloride,0.0,kg,False
Aldoxycarb,0.0,kg,False
Fluenetil,0.0,kg,False
Dodemorph,0.0,kg,False
Nabam,0.0,kg,False
Bensultap,0.0,kg,False
Butamifos,0.0,kg,False
Nitrobenzene,0.0,kg,False
Dinitramine,0.0,kg,False
Promecarb,0.0,kg,False
Mefenacet,0.0,kg,False
"O,P'-DDT",0.0,kg,False
Tetramethrin,0.0,kg,False
Mexacarbate,0.0,kg,False
Mefenacet,0.0,kg,False
MCPA-sodium,0.0,kg,False
Sulfometuron methyl,0.0,kg,False
Iodofenphos,0.0,kg,False
4-Methyl-2-pentanol,0.0,kg,False
Bensultap,0.0,kg,False
Cyprazine,0.0,kg,False
Chlorflurecol,0.0,kg,False
Norea,0.0,kg,False
Dimethametryn,0.0,kg,False
Trans-permethrin,0.0,kg,False
Ethylene diamine,0.0,kg,False
Heptane,0.0,kg,False
Acrylic acid,0.0,kg,False
Diethyltoluamide,0.0,kg,False
Fenuron,0.0,kg,False
Pretilachlor,0.0,kg,False
Bensulide,0.0,kg,False
Tepraloxydim,0.0,kg,False
Thiazafluron,0.0,kg,False
Pyrethrin II,0.0,kg,False
Diethofencarb,0.0,kg,False
Chlormequat chloride,0.0,kg,False
Dimethrin,0.0,kg,False
Benzaldehyde,0.0,kg,False
Butene,0.0,kg,False
Starane,0.0,kg,False
8-Quinolinol,0.0,kg,False
Chlorthiamid,0.0,kg,False
1-Pentene,0.0,kg,False
Dichlone,0.0,kg,False
Isohexane,0.0,kg,False
Propylene,0.0,kg,False
Tepp,0.0,kg,False
Mefenacet,0.0,kg,False
Fenfuram,0.0,kg,False
Quinmerac,0.0,kg,False
Cymoxanil,0.0,kg,False
Fluorodifen,0.0,kg,False
Tetrasul,0.0,kg,False
Ethylamine,0.0,kg,False
Empenthrin,0.0,kg,False
Flucycloxuron,0.0,kg,False
"N-(3,5-Dichlorophenyl)succinimide",0.0,kg,False
Dioxacarb,0.0,kg,False
Oxycarboxin,0.0,kg,False
Propanal,0.0,kg,False
Isothioate,0.0,kg,False
Propaquizafop,0.0,kg,False
Empenthrin,0.0,kg,False
Oxycarboxin,0.0,kg,False
Ethylene,0.0,kg,False
Dimethyl ether,0.0,kg,False
Methyl formate,0.0,kg,False
Ethane,0.0,kg,False
Propane,0.0,kg,False
Uranium-234,0.0,kBq,False
Polonium-210,0.0,kBq,False
Plutonium-alpha,0.0,kBq,False
Uranium alpha,0.0,kBq,False
Tritium,0.0,kBq,False
Cobalt-58,0.0,kBq,False
Technetium-99,0.0,kBq,False
Tritium,0.0,kBq,False
Ruthenium-106,0.0,kBq,False
Uranium alpha,0.0,kBq,False
Caesium-137,0.0,kBq,False
Iodine-129,0.0,kBq,False
Thorium-230,0.0,kBq,False
Silver-110,0.0,kBq,False
Ruthenium-106,0.0,kBq,False
Cobalt-60,0.0,kBq,False
"Noble gases, radioactive, unspecified",0.0,kBq,False
Carbon-14,0.0,kBq,False
Uranium-238,0.0,kBq,False
Plutonium-alpha,0.0,kBq,False
Uranium alpha,0.0,kBq,False
Plutonium-238,0.0,kBq,False
Lead-210,0.0,kBq,False
"Actinides, radioactive, unspecified",0.0,kBq,False
Americium-241,0.0,kBq,False
Uranium alpha,0.0,kBq,False
Krypton-85,0.0,kBq,False
Thorium-230,0.0,kBq,False
Manganese-54,0.0,kBq,False
Strontium-90,0.0,kBq,False
Uranium-235,0.0,kBq,False
Uranium-235,0.0,kBq,False
Uranium alpha,0.0,kBq,False
Technetium-99,0.0,kBq,False
Uranium-235,0.0,kBq,False
Iodine-129,0.0,kBq,False
Iodine-131,0.0,kBq,False
Uranium alpha,0.0,kBq,False
Radium-226,0.0,kBq,False
Antimony-124,0.0,kBq,False
Caesium-134,0.0,kBq,False
Uranium-234,0.0,kBq,False
Plutonium-238,0.0,kBq,False
Uranium-238,0.0,kBq,False
Curium alpha,0.0,kBq,False
Iodine-131,0.0,kBq,False
Uranium-234,0.0,kBq,False
Radium-226,0.0,kBq,False
Uranium-235,0.0,kBq,False
Plutonium-alpha,0.0,kBq,False
Uranium-235,0.0,kBq,False
Caesium-134,0.0,kBq,False
"Actinides, radioactive, unspecified",0.0,kBq,False
Carbon-14,0.0,kBq,False
Xenon-133,0.0,kBq,False
Cobalt-60,0.0,kBq,False
Uranium-235,0.0,kBq,False
Uranium-234,0.0,kBq,False
Uranium alpha,0.0,kBq,False
Technetium-99m,0.0,kBq,False
Caesium-137,0.0,kBq,False
Dimethoate,0.0,kg,False
Acetonitrile,0.0,kg,False
Hexachloroethane,0.0,kg,False
"Hydrocarbons, aliphatic, alkanes, unspecified",0.0,kg,False
Butadiene,0.0,kg,False
Monochloroethane,0.0,kg,False
Butanol,0.0,kg,False
"Occupation, snow and ice (non-use)",0.0,m2*a,True
Butyl acetate,0.0,kg,False
tert-Butanol,0.0,kg,False
Griseofulvin,0.0,kg,False
Fomesafen,0.0,kg,False
Griseofulvin,0.0,kg,False
Metapa,0.0,kg,False
Acifluorfen,0.0,kg,False
Metapa,0.0,kg,False
Metapa,0.0,kg,False
Acifluorfen,0.0,kg,False
Diallate,0.0,kg,False
Fomesafen,0.0,kg,False
Isolan,0.0,kg,False
Flucycloxuron,0.0,kg,False
Xylylcarb,0.0,kg,False
Pyrazoxyfen,0.0,kg,False
Xylylcarb,0.0,kg,False
Piperalin,0.0,kg,False
Flamprop-methyl,0.0,kg,False
Sodium chloroacetate,0.0,kg,False
Chlorbufam,0.0,kg,False
Dichlorophen,0.0,kg,False
P-tert-amylphenol,0.0,kg,False
Ametryn,0.0,kg,False
Aziprotryne,0.0,kg,False
Mexacarbate,0.0,kg,False
Thidiazuron,0.0,kg,False
Flamprop-methyl,0.0,kg,False
Isoprothiolane,0.0,kg,False
"2,4-D dimethylamine salt",0.0,kg,False
Diclofop-methyl,0.0,kg,False
Chloranil,0.0,kg,False
Butoxycarboxim,0.0,kg,False
Pyrimethanil,0.0,kg,False
Dichlobenil,0.0,kg,False
Metaldehyde,0.0,kg,False
Chlorthion,0.0,kg,False
Dazomet,0.0,kg,False
Benzyl benzoate,0.0,kg,False
Aphidan,0.0,kg,False
Metoxuron,0.0,kg,False
"Methyl 2,5-dichlorobenzoate",0.0,kg,False
Piperalin,0.0,kg,False
Prosulfocarb,0.0,kg,False
Lambda-cyhalothrin,0.0,kg,False
Cyphenothrin,0.0,kg,False
Metoxuron,0.0,kg,False
Orbencarb,0.0,kg,False
Fenaminosulf,0.0,kg,False
Prallethrin,0.0,kg,False
Prothiofos,0.0,kg,False
Piperophos,0.0,kg,False
Terbuthylazin,0.0,kg,False
Fenpiclonil,0.0,kg,False
Dimethachlor,0.0,kg,False
Difenoconazole,0.0,kg,False
Allidochlor,0.0,kg,False
Diisobutyl ketone,0.0,kg,False
Fenchlorazole-ethyl,0.0,kg,False
Pyraclofos,0.0,kg,False
Cartap hydrochloride,0.0,kg,False
Chlormephos,0.0,kg,False
Peracetic acid,0.0,kg,False
1-Pentanol,0.0,kg,False
Dimethirimol,0.0,kg,False
Schradan,0.0,kg,False
Temephos,0.0,kg,False
Prallethrin,0.0,kg,False
"O,P'-DDT",0.0,kg,False
Fenaminosulf,0.0,kg,False
Fenfuram,0.0,kg,False
Cartap hydrochloride,0.0,kg,False
Phenkapton,0.0,kg,False
Cyprofuram,0.0,kg,False
"O,P'-DDT",0.0,kg,False
Sulfometuron methyl,0.0,kg,False
Fluroxypyr,0.0,kg,False
MSMA,0.0,kg,False
Ferrous sulfate,0.0,kg,False
DSMA,0.0,kg,False
Formetanate hydrochloride,0.0,kg,False
Chloramben,0.0,kg,False
Thiazopyr,0.0,kg,False
Ferrous sulfate,0.0,kg,False
Trans-chlordane,0.0,kg,False
Primisulfuron-methyl,0.0,kg,False
Dithiopyr,0.0,kg,False
Quinclorac,0.0,kg,False
Cis-chlordane,0.0,kg,False
Pyrithiobac sodium salt,0.0,kg,False
"1,2-Dibromoethane",0.0,kg,False
"1,2-Dichloropropane",0.0,kg,False
Trans-chlordane,0.0,kg,False
"2,4-Dimethylphenol",0.0,kg,False
Ferrous sulfate,0.0,kg,False
Glyphosate-isopropylammonium,0.0,kg,False
Halosulfuron-methyl,0.0,kg,False
Flumetsulam,0.0,kg,False
Chloramben,0.0,kg,False
Alkylbenzene (c10-c15),0.0,kg,False
o-Nitrotoluene,0.0,kg,False
Primisulfuron-methyl,0.0,kg,False
Imazamox,0.0,kg,False
Sulfentrazone,0.0,kg,False
Halosulfuron-methyl,0.0,kg,False
"2,4-Dimethylphenol",0.0,kg,False
Bispyribac-sodium,0.0,kg,False
Octhilinone,0.0,kg,False
Bis(trichloromethyl) sulfone,0.0,kg,False
Ferrous sulfate,0.0,kg,False
Trimethylamine,0.0,kg,False
Fosamine ammonium,0.0,kg,False
Trimethylamine,0.0,kg,False
TCMTB,0.0,kg,False
Chlorethoxyfos,0.0,kg,False
Bis(trichloromethyl) sulfone,0.0,kg,False
Chloramben,0.0,kg,False
Monuron,0.0,kg,False
Dipropyl amine,0.0,kg,False
Sulfentrazone,0.0,kg,False
Primisulfuron-methyl,0.0,kg,False
Primisulfuron-methyl,0.0,kg,False
Primisulfuron-methyl,0.0,kg,False
Dithiopyr,0.0,kg,False
Trans-chlordane,0.0,kg,False
Flufenoxuron,0.0,kg,False
Famoxadone,0.0,kg,False
Trichlorosilane,0.0,kg,False
Formetanate hydrochloride,0.0,kg,False
Flupyradifurone,0.0,kg,False
Sulfosulfuron,0.0,kg,False
Triazoxide,0.0,kg,False
Propisochlor,0.0,kg,False
"Herbicides, unspecified",0.0,kg,False
Fenpropimorph,0.0,kg,False
Hexaconazole,0.0,kg,False
Chloroacetyl chloride,0.0,kg,False
Flumioxazin,0.0,kg,False
Picolinafen,0.0,kg,False
Iodosulfuron-methyl-sodium,0.0,kg,False
Fenpyrazamine,0.0,kg,False
Trifloxysulfuron-sodium,0.0,kg,False
Spiromesifen,0.0,kg,False
Propisochlor,0.0,kg,False
Florasulam,0.0,kg,False
Ethiprole,0.0,kg,False
Isopyrazam,0.0,kg,False
Flutianil,0.0,kg,False
Hexamethyldisilazane,0.0,kg,False
Cyhalofop,0.0,kg,False
Metaflumizone,0.0,kg,False
Fluoroglycofen,0.0,kg,False
Potassium soap,0.0,kg,False
Methyl formate,0.0,kg,False
Benthiavalicarb-isopropyl,0.0,kg,False
Tolfenpyrad,0.0,kg,False
Chlorthal,0.0,kg,False
Trichlorosilane,0.0,kg,False
Trifluoroacetic acid,0.0,kg,False
Flumetsulam,0.0,kg,False
Penflufen,0.0,kg,False
Dimethenamide,0.0,kg,False
Orthosulfamuron,0.0,kg,False
Fenazaquin,0.0,kg,False
"Carbon monoxide, non-fossil",0.0,kg,False
"Carbon monoxide, from soil or biomass stock",0.0,kg,False
"Carbon monoxide, fossil",0.0,kg,False
"Carbon dioxide, from soil or biomass stock",0.0,kg,False
Tetrafluoromethane,0.0,kg,False
Dichlorofluoromethane,0.0,kg,False
"Carbon monoxide, from soil or biomass stock",0.0,kg,False
"Methane, fossil",0.0,kg,False
Prodiamine,0.0,kg,False
Prosulfuron,0.0,kg,False
Thiazopyr,0.0,kg,False
Chlorethoxyfos,0.0,kg,False
Ethalfluralin,0.0,kg,False
MSMA,0.0,kg,False
"2,4-D isopropylamine salt",0.0,kg,False
Butyrolactone,0.0,kg,False
Formetanate hydrochloride,0.0,kg,False
Bromoxynil heptanoate,0.0,kg,False
Nitrofen,0.0,kg,False
Butralin,0.0,kg,False
Tert-butyl hydroperoxide,0.0,kg,False
Pyrithiobac sodium salt,0.0,kg,False
Halofenozide,0.0,kg,False
Acetochlor,0.0,kg,False
Triclopyr-butotyl,0.0,kg,False
S-Metolachlor,0.0,kg,False
Prosulfuron,0.0,kg,False
Monuron,0.0,kg,False
Glyphosate-isopropylammonium,0.0,kg,False
Halofenozide,0.0,kg,False
Triclopyr-butotyl,0.0,kg,False
Propionic acid,0.0,kg,False
Glutaraldehyde,0.0,kg,False
Aminocarb,0.0,kg,False
Dipropyl amine,0.0,kg,False
Ferrous sulfate,0.0,kg,False
Ethylamine,0.0,kg,False
Octhilinone,0.0,kg,False
Trans-chlordane,0.0,kg,False
DSMA,0.0,kg,False
Butralin,0.0,kg,False
"2,4-Dimethylphenol",0.0,kg,False
TCMTB,0.0,kg,False
Halofenozide,0.0,kg,False
"2,4-Dimethylphenol",0.0,kg,False
Fenoxaprop ethyl ester,0.0,kg,False
Cis-chlordane,0.0,kg,False
TCMTB,0.0,kg,False
Halosulfuron-methyl,0.0,kg,False
EPN,0.0,kg,False
3-Methyl-1-butanol,0.0,kg,False
Triclopyr triethylamine salt,0.0,kg,False
Triclopyr triethylamine salt,0.0,kg,False
Difenzoquat metilsulfate,0.0,kg,False
Bromoxynil heptanoate,0.0,kg,False
Ferrous sulfate,0.0,kg,False
Cis-chlordane,0.0,kg,False
Trans-chlordane,0.0,kg,False
Dithiopyr,0.0,kg,False
Chlormephos,0.0,kg,False
Thionazin,0.0,kg,False
Monuron,0.0,kg,False
Acetochlor,0.0,kg,False
Triclopyr-butotyl,0.0,kg,False
Quinclorac,0.0,kg,False
Pyrithiobac sodium salt,0.0,kg,False
Fenoprop,0.0,kg,False
Monuron,0.0,kg,False
Thiazopyr,0.0,kg,False
Diquat dibromide,0.0,kg,False
Monuron,0.0,kg,False
Manganese II,0.0,kg,False
MSMA,0.0,kg,False
Nitrofen,0.0,kg,False
Fenuron,0.0,kg,False
"Carbon monoxide, from soil or biomass stock",0.0,kg,False
"1,2-Dibromoethane",0.0,kg,False
Methyl isobutyl ketone,0.0,kg,False
"PAH, polycyclic aromatic hydrocarbons",0.0,kg,False
Acifluorfen,0.0,kg,False
Ethylene glycol monoethyl ether,0.0,kg,False
Vinyl chloride,0.0,kg,False
Nitrobenzene,0.0,kg,False
Toluene,0.0,kg,False
Benzo(a)pyrene,0.0,kg,False
Metapa,0.0,kg,False
Griseofulvin,0.0,kg,False
Monochloroethane,0.0,kg,False
Diethylamine,0.0,kg,False
Chloroacetic acid,0.0,kg,False
Chloroacetic acid,0.0,kg,False
Methyl lactate,0.0,kg,False
Propanol,0.0,kg,False
Ethylene diamine,0.0,kg,False
1-Pentanol,0.0,kg,False
Thiocyanate,0.0,kg,False
Hydrogen,0.0,kg,False
Fludioxonil,0.0,kg,False
Isopropylamine,0.0,kg,False
Nitrofen,0.0,kg,False
Nitrofen,0.0,kg,False
tert-Butanol,0.0,kg,False
Nitrofen,0.0,kg,False
2-Hydroxyethylhydrazine,0.0,kg,False
2-Hydroxyethylhydrazine,0.0,kg,False
Monuron,0.0,kg,False
2-Hydroxyethylhydrazine,0.0,kg,False
2-Hydroxyethylhydrazine,0.0,kg,False
"1,2-Dibromoethane",0.0,kg,False
2-Hydroxyethylhydrazine,0.0,kg,False
Chloramben,0.0,kg,False
Nitrofen,0.0,kg,False
Ethalfluralin,0.0,kg,False
Primisulfuron-methyl,0.0,kg,False
Siduron,0.0,kg,False
Chlorthal-dimethyl,0.0,kg,False
Dimoxystrobin,0.0,kg,False
Orthosulfamuron,0.0,kg,False
Dimethyl malonate,0.0,kg,False
Acrinathrin,0.0,kg,False
Picoxystrobin,0.0,kg,False
Triclopyr-butotyl,0.0,kg,False
Flurtamone,0.0,kg,False
Benalaxyl,0.0,kg,False
MSMA,0.0,kg,False
Acrinathrin,0.0,kg,False
Tolfenpyrad,0.0,kg,False
2-Naphthoxyacetic acid,0.0,kg,False
Sulfoxaflor,0.0,kg,False
Cyflumetofen,0.0,kg,False
Abamectin,0.0,kg,False
Difenzoquat metilsulfate,0.0,kg,False
Emamectin benzoate,0.0,kg,False
Flumiclorac-pentyl,0.0,kg,False
1-Pentene,0.0,kg,False
Prodiamine,0.0,kg,False
Cinidon-ethyl,0.0,kg,False
Flutianil,0.0,kg,False
Methylene dithiocyanate,0.0,kg,False
Propylene,0.0,kg,False
Quinclorac,0.0,kg,False
Chlorethoxyfos,0.0,kg,False
Dichlorprop-P,0.0,kg,False
Dimethyl ether,0.0,kg,False
Dithiopyr,0.0,kg,False
Trifloxysulfuron-sodium,0.0,kg,False
Cyclanilide,0.0,kg,False
"2,4-Diaminotoluene",0.0,kg,False
2-Hydroxyethylhydrazine,0.0,kg,False
2-Hydroxyethylhydrazine,0.0,kg,False
"1,2-Dibromoethane",0.0,kg,False
Monuron,0.0,kg,False
MSMA,0.0,kg,False
Tefluthrin,0.0,kg,False
Acifluorfen sodium,0.0,kg,False
Prodiamine,0.0,kg,False
Prosulfuron,0.0,kg,False
Methylene dithiocyanate,0.0,kg,False
Dalapon-sodium,0.0,kg,False
Tebupirimfos,0.0,kg,False
Clethodim,0.0,kg,False
Flumioxazin,0.0,kg,False
Trimethylamine,0.0,kg,False
Trans-chlordane,0.0,kg,False
Oxadiazon,0.0,kg,False
Siduron,0.0,kg,False
Butralin,0.0,kg,False
EPTC,0.0,kg,False
Tefluthrin,0.0,kg,False
Dalapon-sodium,0.0,kg,False
Bispyribac-sodium,0.0,kg,False
Prodiamine,0.0,kg,False
Dithiopyr,0.0,kg,False
"2,4-D isopropylamine salt",0.0,kg,False
"2,4-Dimethylphenol",0.0,kg,False
Cis-chlordane,0.0,kg,False
Cyprodinil,0.0,kg,False
Tebupirimfos,0.0,kg,False
Fosamine ammonium,0.0,kg,False
Formamide,0.0,kg,False
Fosamine ammonium,0.0,kg,False
Trans-chlordane,0.0,kg,False
Halofenozide,0.0,kg,False
Bis(trichloromethyl) sulfone,0.0,kg,False
Butyrolactone,0.0,kg,False
Chlorethoxyfos,0.0,kg,False
Fenoxaprop ethyl ester,0.0,kg,False
Dalapon-sodium,0.0,kg,False
Primisulfuron-methyl,0.0,kg,False
Fluthiacet-methyl,0.0,kg,False
Dalapon-sodium,0.0,kg,False
Pymetrozine,0.0,kg,False
Fenoxaprop ethyl ester,0.0,kg,False
Acibenzolar-S-methyl,0.0,kg,False
Tebupirimfos,0.0,kg,False
Tebupirimfos,0.0,kg,False
Glutaraldehyde,0.0,kg,False
Quinclorac,0.0,kg,False
DSMA,0.0,kg,False
Abamectin,0.0,kg,False
Acifluorfen sodium,0.0,kg,False
Bis(trichloromethyl) sulfone,0.0,kg,False
Flumetsulam,0.0,kg,False
Chlorthal-dimethyl,0.0,kg,False
Oxadiazon,0.0,kg,False
Chlorthal-dimethyl,0.0,kg,False
Difenzoquat metilsulfate,0.0,kg,False
Difenzoquat metilsulfate,0.0,kg,False
Chlorthal-dimethyl,0.0,kg,False
EPN,0.0,kg,False
Dalapon,0.0,kg,False
Fenoprop,0.0,kg,False
Fenoprop,0.0,kg,False
Oxadiazon,0.0,kg,False
EPN,0.0,kg,False
"Indeno(1,2,3-cd)pyrene",0.0,kg,False
Benzo(k)fluoranthene,0.0,kg,False
o-Nitrotoluene,0.0,kg,False
Curium alpha,0.0,kBq,False
Molybdenum-99,0.0,kBq,False
Manganese,0.0,kg,False
Iodine-133,0.0,kBq,False
Ruthenium-103,0.0,kBq,False
Radium-224,0.0,kBq,False
Plutonium-alpha,0.0,kBq,False
Protactinium-234,0.0,kBq,False
Tellurium-132,0.0,kBq,False
Lead-210,0.0,kBq,False
Barium-140,0.0,kBq,False
Lead-210,0.0,kBq,False
Cerium-144,0.0,kBq,False
Krypton-85,0.0,kBq,False
Cerium-141,0.0,kBq,False
Krypton-85,0.0,kBq,False
"Radioactive species, alpha emitters",0.0,kBq,False
Cadmium-109,0.0,kBq,False
Yttrium-90,0.0,kBq,False
Yttrium-90,0.0,kBq,False
"Radioactive species, alpha emitters",0.0,kBq,False
Thorium-230,0.0,kBq,False
Krypton-85,0.0,kBq,False
Tellurium-132,0.0,kBq,False
Manganese,0.0,kg,False
Polonium-210,0.0,kBq,False
Chromium-51,0.0,kBq,False
Iron-59,0.0,kBq,False
Cobalt-57,0.0,kBq,False
Plutonium-241,0.0,kBq,False
Zirconium-95,0.0,kBq,False
Cobalt-57,0.0,kBq,False
Caesium-136,0.0,kBq,False
Yttrium-90,0.0,kBq,False
Sodium-24,0.0,kBq,False
Curium alpha,0.0,kBq,False
Manganese,0.0,kg,False
Cerium-141,0.0,kBq,False
Ruthenium-103,0.0,kBq,False
Plutonium-241,0.0,kBq,False
Thorium-230,0.0,kBq,False
Lanthanum-140,0.0,kBq,False
Antimony-125,0.0,kBq,False
Molybdenum-99,0.0,kBq,False
Strontium-89,0.0,kBq,False
Iodine-133,0.0,kBq,False
Iodine-133,0.0,kBq,False
Caesium-136,0.0,kBq,False
Neptunium-237,0.0,kBq,False
Thorium-232,0.0,kBq,False
Butralin,0.0,kg,False
Fenazaquin,0.0,kg,False
Copper(I) oxide,0.0,kg,False
Guazatine,0.0,kg,False
Sodium chlorate,0.0,kg,False
"Transformation, from bare area (non-use)",0.0,m2,True
"Transformation, to snow and ice (non-use)",0.0,m2,True
"Transformation, from snow and ice (non-use)",0.0,m2,True
"Occupation, arable, conservation tillage (obsolete)",0.0,m2,True
"Transformation, to unknown",0.0,m2,True
Thorium,0.0,kg,True
Cadusafos,0.0,kg,False
Ioxynil octanoate,0.0,kg,False
Quizalofop-P-tefuryl,0.0,kg,False
Fenpyroximate,0.0,kg,False
Ioxynil octanoate,0.0,kg,False
Octhilinone,0.0,kg,False
Furathiocarb,0.0,kg,False
Methylarsonic acid,0.0,kg,False
Copper sulfate,0.0,kg,False
Diclofop,0.0,kg,False
Sulfluramid,0.0,kg,False
Triazamate,0.0,kg,False
Metconazole,0.0,kg,False
Tetraconazole,0.0,kg,False
Tralkoxydim,0.0,kg,False
Fenazaquin,0.0,kg,False
Alanycarb,0.0,kg,False
Guazatine,0.0,kg,False
Fenazaquin,0.0,kg,False
Copper sulfate,0.0,kg,False
Octhilinone,0.0,kg,False
Triazamate,0.0,kg,False
2-Naphthoxyacetic acid,0.0,kg,False
Chlorfenapyr,0.0,kg,False
Chlorfenapyr,0.0,kg,False
Diclofop,0.0,kg,False
Copper(I) oxide,0.0,kg,False
Quizalofop-P-tefuryl,0.0,kg,False
Furathiocarb,0.0,kg,False
Tralkoxydim,0.0,kg,False
Fluoroglycofen,0.0,kg,False
Thiocyclam,0.0,kg,False
Sulfluramid,0.0,kg,False
Dimethenamide,0.0,kg,False
Flusilazole,0.0,kg,False
Fenothiocarb,0.0,kg,False
Fenpropidin,0.0,kg,False
Fenothiocarb,0.0,kg,False
Formetanate,0.0,kg,False
Guazatine,0.0,kg,False
Cadusafos,0.0,kg,False
Tebupirimfos,0.0,kg,False
Haloxyfop,0.0,kg,False
Quizalofop-P-tefuryl,0.0,kg,False
Octhilinone,0.0,kg,False
Alanycarb,0.0,kg,False
Tetraconazole,0.0,kg,False
Butralin,0.0,kg,False
Triazamate,0.0,kg,False
Tebufenpyrad,0.0,kg,False
"Copper chloride oxide, hydrate",0.0,kg,False
Sodium chlorate,0.0,kg,False
Methylarsonic acid,0.0,kg,False
Tefluthrin,0.0,kg,False
Methylarsonic acid,0.0,kg,False
Flutriafol,0.0,kg,False
Fenpyroximate,0.0,kg,False
Copper(I) oxide,0.0,kg,False
Formetanate,0.0,kg,False
"Copper chloride oxide, hydrate",0.0,kg,False
"Copper chloride oxide, hydrate",0.0,kg,False
Flutriafol,0.0,kg,False
Alanycarb,0.0,kg,False
Tebupirimfos,0.0,kg,False
Thiocyclam,0.0,kg,False
Chlorethoxyfos,0.0,kg,False
Haloxyfop,0.0,kg,False
Spiroxamine,0.0,kg,False
Fluoroglycofen,0.0,kg,False
Copper oxychloride,0.0,kg,False
Cupric hydroxide,0.0,kg,False
Sodium chlorate,0.0,kg,False
Formetanate,0.0,kg,False
Thiocyclam,0.0,kg,False
2-Naphthoxyacetic acid,0.0,kg,False
Cerium-144,0.0,kBq,False
Lanthanum-140,0.0,kBq,False
Curium-244,0.0,kBq,False
Chromium-51,0.0,kBq,False
Tellurium-123m,0.0,kBq,False
Curium alpha,0.0,kBq,False
Iron-59,0.0,kBq,False
Promethium-147,0.0,kBq,False
Curium-244,0.0,kBq,False
Manganese-54,0.0,kBq,False
Potassium-40,0.0,kBq,False
Iron-59,0.0,kBq,False
Xenon-131m,0.0,kBq,False
Xenon-133m,0.0,kBq,False
Krypton-88,0.0,kBq,False
Lanthanum-140,0.0,kBq,False
Phosphine,0.0,kg,False
Iodomethane,0.0,kg,False
Iodomethane,0.0,kg,False
Calcium cyanamide,0.0,kg,False
Phosphine,0.0,kg,False
"1,4-Butanediol",0.0,kg,False
Trifluoroacetic acid,0.0,kg,False
"Hydrocarbons, aliphatic, unsaturated",0.0,kg,False
Dimethyl malonate,0.0,kg,False
Ozone,0.0,kg,False
Butyrolactone,0.0,kg,False
Terpenes,0.0,kg,False
Ethyl cellulose,0.0,kg,False
Formamide,0.0,kg,False
Benzal chloride,0.0,kg,False
N-Bromoacetamide,0.0,kg,False
Trimethylchlorosilane,0.0,kg,False
Terpenes,0.0,kg,False
Methanesulfonic acid,0.0,kg,False
Paraffins,0.0,kg,False
Lactic acid,0.0,kg,False
Anthranilic acid,0.0,kg,False
Methanesulfonic acid,0.0,kg,False
2-Aminopropanol,0.0,kg,False
Tribenuron,0.0,kg,False
N-Bromoacetamide,0.0,kg,False
Iodosulfuron-methyl-sodium,0.0,kg,False
Phenoxy compounds,0.0,kg,False
Cyanoacetic acid,0.0,kg,False
Paraffins,0.0,kg,False
Ethyl cellulose,0.0,kg,False
2-Aminopropanol,0.0,kg,False
Fenpyrazamine,0.0,kg,False
Benzal chloride,0.0,kg,False
Anthranilic acid,0.0,kg,False
Benzal chloride,0.0,kg,False
Trimethyl borate,0.0,kg,False
Hexamethyldisilazane,0.0,kg,False
Trimethyl borate,0.0,kg,False
Ethyl cellulose,0.0,kg,False
Trifluoroacetic acid,0.0,kg,False
Hexamethyldisilazane,0.0,kg,False
Methanesulfonic acid,0.0,kg,False
Trimethylchlorosilane,0.0,kg,False
N-Bromoacetamide,0.0,kg,False
Anthranilic acid,0.0,kg,False
Trifluoroacetic acid,0.0,kg,False
Terpenes,0.0,kg,False
Hexamethyldisilazane,0.0,kg,False
Cyanoacetic acid,0.0,kg,False
2-Aminopropanol,0.0,kg,False
Trimethyl borate,0.0,kg,False
Cyanoacetic acid,0.0,kg,False
Fenpropimorph,0.0,kg,False
Isocyanic acid,0.0,kg,False
Isocyanic acid,0.0,kg,False
Dipropyl amine,0.0,kg,False
"1,4-Butanediol",0.0,kg,False
Flumetsulam,0.0,kg,False
Octhilinone,0.0,kg,False
Prodiamine,0.0,kg,False
Ethalfluralin,0.0,kg,False
Cyanamide,0.0,kg,False
Prosulfuron,0.0,kg,False
Clethodim,0.0,kg,False
Flumiclorac-pentyl,0.0,kg,False
Fenoxaprop ethyl ester,0.0,kg,False
Glutaraldehyde,0.0,kg,False
Siduron,0.0,kg,False
Quinclorac,0.0,kg,False
Cobalt-57,0.0,kBq,False
Thorium-234,0.0,kBq,False
Molybdenum-99,0.0,kBq,False
Tellurium-132,0.0,kBq,False
Thorium-228,0.0,kBq,False
Protactinium-234,0.0,kBq,False
Tellurium-132,0.0,kBq,False
Zirconium-95,0.0,kBq,False
Niobium-95,0.0,kBq,False
Plutonium-241,0.0,kBq,False
"Radioactive species, from fission and activation",0.0,kBq,False
Cobalt-57,0.0,kBq,False
Radium-228,0.0,kBq,False
Cadmium-109,0.0,kBq,False
Zirconium-95,0.0,kBq,False
Iron-59,0.0,kBq,False
Ruthenium-103,0.0,kBq,False
Thorium-234,0.0,kBq,False
Plutonium-alpha,0.0,kBq,False
Caesium-136,0.0,kBq,False
Chromium-51,0.0,kBq,False
Sodium-24,0.0,kBq,False
Molybdenum-99,0.0,kBq,False
Cadmium-109,0.0,kBq,False
Thorium-234,0.0,kBq,False
"Occupation, seabed, natural (non-use)",0.0,m2*a,True
Fenoxaprop ethyl ester,0.0,kg,False
2-Naphthoxyacetic acid,0.0,kg,False
Ioxynil octanoate,0.0,kg,False
Copper sulfate,0.0,kg,False
Cadusafos,0.0,kg,False
Thiacloprid,0.0,kg,False
Fenothiocarb,0.0,kg,False
Sulfluramid,0.0,kg,False
Tebufenpyrad,0.0,kg,False
Haloxyfop,0.0,kg,False
Tefluthrin,0.0,kg,False
Tebufenpyrad,0.0,kg,False
Hydrogen sulfide,0.0,kg,False
"Occupation, lake, natural (non-use)",0.0,m2*a,True
"Occupation, wetland, inland (non-use)",0.0,m2*a,True
Antimony-125,0.0,kBq,False
Barium-140,0.0,kBq,False
Thorium-230,0.0,kBq,False
Cadmium-109,0.0,kBq,False
Strontium-89,0.0,kBq,False
Barium-140,0.0,kBq,False
Plutonium-241,0.0,kBq,False
Lanthanum-140,0.0,kBq,False
Antimony-122,0.0,kBq,False
Neptunium-237,0.0,kBq,False
Thorium-232,0.0,kBq,False
Lanthanum-140,0.0,kBq,False
Zinc-65,0.0,kBq,False
Chromium-51,0.0,kBq,False
Cerium-144,0.0,kBq,False
Antimony-125,0.0,kBq,False
Niobium-95,0.0,kBq,False
Cerium-144,0.0,kBq,False
Niobium-95,0.0,kBq,False
Tellurium-123m,0.0,kBq,False
"Radioactive species, from fission and activation",0.0,kBq,False
Krypton-85,0.0,kBq,False
Curium alpha,0.0,kBq,False
Protactinium-234,0.0,kBq,False
Barium-140,0.0,kBq,False
Cerium-141,0.0,kBq,False
Neptunium-237,0.0,kBq,False
Yttrium-90,0.0,kBq,False
Chromium-51,0.0,kBq,False
Cerium-144,0.0,kBq,False
Zirconium-95,0.0,kBq,False
Potassium-40,0.0,kBq,False
"Radioactive species, Nuclides, unspecified",0.0,kBq,False
Zinc-65,0.0,kBq,False
Sodium-24,0.0,kBq,False
Zinc-65,0.0,kBq,False
Krypton-85,0.0,kBq,False
Ruthenium-103,0.0,kBq,False
Neptunium-237,0.0,kBq,False
Tellurium-123m,0.0,kBq,False
"Radioactive species, Nuclides, unspecified",0.0,kBq,False
Radium-224,0.0,kBq,False
Lanthanum-140,0.0,kBq,False
Tellurium-123m,0.0,kBq,False
"Radioactive species, Nuclides, unspecified",0.0,kBq,False
Strontium-89,0.0,kBq,False
Plutonium-241,0.0,kBq,False
Strontium-89,0.0,kBq,False
Niobium-95,0.0,kBq,False
Antimony-122,0.0,kBq,False
"Radioactive species, from fission and activation",0.0,kBq,False
Thorium-234,0.0,kBq,False
Plutonium-alpha,0.0,kBq,False
Radium-228,0.0,kBq,False
Neptunium-237,0.0,kBq,False
Protactinium-234,0.0,kBq,False
Iron-59,0.0,kBq,False
Iron-59,0.0,kBq,False
"Radioactive species, alpha emitters",0.0,kBq,False
Radium-224,0.0,kBq,False
Cerium-141,0.0,kBq,False
Caesium-136,0.0,kBq,False
Sodium-24,0.0,kBq,False
Cadmium-109,0.0,kBq,False
Yttrium-90,0.0,kBq,False
"Radioactive species, from fission and activation",0.0,kBq,False
Antimony-122,0.0,kBq,False
"Radioactive species, from fission and activation",0.0,kBq,False
Thorium-230,0.0,kBq,False
Zinc-65,0.0,kBq,False
Tellurium-123m,0.0,kBq,False
Potassium-40,0.0,kBq,False
Thorium-228,0.0,kBq,False
Polonium-210,0.0,kBq,False
Iodine-133,0.0,kBq,False
Radium-228,0.0,kBq,False
Manganese,0.0,kg,False
"Radioactive species, alpha emitters",0.0,kBq,False
Manganese,0.0,kg,False
Antimony-122,0.0,kBq,False
Aluminium III,0.0,kg,False
Acetochlor,0.0,kg,False
Siduron,0.0,kg,False
Acetochlor,0.0,kg,False
Fosetyl,0.0,kg,False
Silver-110,0.0,kBq,False
Ethalfluralin,0.0,kg,False
Thifensulfuron,0.0,kg,False
Butyrolactone,0.0,kg,False
"2,4-D ester",0.0,kg,False
Fluthiacet-methyl,0.0,kg,False
Acibenzolar-S-methyl,0.0,kg,False
Pymetrozine,0.0,kg,False
Formamide,0.0,kg,False
TCMTB,0.0,kg,False
Acetochlor,0.0,kg,False
Ethalfluralin,0.0,kg,False
Sulfentrazone,0.0,kg,False
Butralin,0.0,kg,False
Fosetyl,0.0,kg,False
Ammonium carbonate,0.0,kg,False
2-Aminopropanol,0.0,kg,False
Potassium soap,0.0,kg,False
Cyanamide,0.0,kg,False
Flumiclorac-pentyl,0.0,kg,False
Cyprodinil,0.0,kg,False
Flumetsulam,0.0,kg,False
Tert-butyl hydroperoxide,0.0,kg,False
Iron ion,0.0,kg,False
DSMA,0.0,kg,False
Prosulfuron,0.0,kg,False
3-Methyl-1-butanol,0.0,kg,False
DSMA,0.0,kg,False
Flumiclorac-pentyl,0.0,kg,False
Demeton-S-methylsulfon,0.0,kg,False
Antimony-125,0.0,kBq,False
"2,4-D ester",0.0,kg,False
Demeton-S-methylsulfon,0.0,kg,False
Quizalofop-p-ethyl,0.0,kg,False
Imazamox,0.0,kg,False
Sulfosulfuron,0.0,kg,False
Potassium soap,0.0,kg,False
Caesium I,0.0,kg,False
2-Aminopropanol,0.0,kg,False
Demeton-S-methylsulfon,0.0,kg,False
Cyanamide,0.0,kg,False
Halosulfuron-methyl,0.0,kg,False
Diclofop,0.0,kg,False
Dimethenamid-P,0.0,kg,False
Potassium soap,0.0,kg,False
Fenoxaprop ethyl ester,0.0,kg,False
Methyl formate,0.0,kg,False
"Transformation, from unknown",0.0,m2,True
Imazamox,0.0,kg,False
Pymetrozine,0.0,kg,False
Potassium soap,0.0,kg,False
Antimony-125,0.0,kBq,False
Acibenzolar-S-methyl,0.0,kg,False
Fluthiacet-methyl,0.0,kg,False
Dimethenamide,0.0,kg,False
Demeton-S-methylsulfon,0.0,kg,False
Tributyltin compounds,0.0,kg,False
Strontium II,0.0,kg,False
Ammonium carbonate,0.0,kg,False
Quinclorac,0.0,kg,False
"Transformation, to urban, green area",0.0,m2,True
"Aerosols, radioactive, unspecified",0.0,kBq,False
Neptunium-237,0.0,kBq,False
Promethium-147,0.0,kBq,False
Xenon-135m,0.0,kBq,False
Xenon-131m,0.0,kBq,False
Plutonium-241,0.0,kBq,False
Zirconium-95,0.0,kBq,False
Manganese-54,0.0,kBq,False
"Aerosols, radioactive, unspecified",0.0,kBq,False
Curium-242,0.0,kBq,False
Barium-140,0.0,kBq,False
Curium-244,0.0,kBq,False
Xenon-137,0.0,kBq,False
Iron-59,0.0,kBq,False
Potassium bicarbonate,0.0,kg,False
Barite,0.0,kg,False
Copper sulfate,0.0,kg,False
Sodium chloride,0.0,kg,False
Sodium chloride,0.0,kg,False
Hydrogen peroxide,0.0,kg,False
Potassium thiocyanate,0.0,kg,False
Silicon dioxide,0.0,kg,False
Calcium hydroxide,0.0,kg,False
Boric acid,0.0,kg,False
Trichlorosilane,0.0,kg,False
Bromine,0.0,kg,False
Potassium thiocyanate,0.0,kg,False
Sulfuryl fluoride,0.0,kg,False
Sulfuryl fluoride,0.0,kg,False
Cupric hydroxide,0.0,kg,False
Fluoride,0.0,kg,False
Copper(II) chloride,0.0,kg,False
Boric acid,0.0,kg,False
Sodium chlorate,0.0,kg,False
Sodium chloride,0.0,kg,False
Boron carbide,0.0,kg,False
Boric acid,0.0,kg,False
Potassium thiocyanate,0.0,kg,False
Potassium iodide,0.0,kg,False
Hydrogen sulfide,0.0,kg,False
Potassium iodide,0.0,kg,False
Chlorate,0.0,kg,False
Potassium thiocyanate,0.0,kg,False
Boron carbide,0.0,kg,False
Bromine,0.0,kg,False
Sodium tetrahydridoborate,0.0,kg,False
Copper(I) oxide,0.0,kg,False
Potassium bicarbonate,0.0,kg,False
Aluminium phosphide,0.0,kg,False
Boron carbide,0.0,kg,False
Fluoboric acid,0.0,kg,False
Iodide,0.0,kg,False
Trichlorosilane,0.0,kg,False
Sodium chloride,0.0,kg,False
Sodium chlorate,0.0,kg,False
Potassium iodide,0.0,kg,False
Barite,0.0,kg,False
Calcium hydroxide,0.0,kg,False
Sodium chloride,0.0,kg,False
Trichlorosilane,0.0,kg,False
Sodium hypochlorite,0.0,kg,False
Chlorate,0.0,kg,False
Sodium chloride,0.0,kg,False
Barium sulfide,0.0,kg,False
Iodide,0.0,kg,False
Boron carbide,0.0,kg,False
Radium-228,0.0,kBq,False
Krypton-85m,0.0,kBq,False
Xenon-133m,0.0,kBq,False
Antimony-124,0.0,kBq,False
Cobalt-57,0.0,kBq,False
Strontium-89,0.0,kBq,False
Xenon-137,0.0,kBq,False
Promethium-147,0.0,kBq,False
Tellurium-123m,0.0,kBq,False
Strontium-89,0.0,kBq,False
Curium alpha,0.0,kBq,False
Iodine-135,0.0,kBq,False
Cobalt-57,0.0,kBq,False
Krypton-87,0.0,kBq,False
Tellurium-123m,0.0,kBq,False
Cerium-141,0.0,kBq,False
Niobium-95,0.0,kBq,False
Krypton-87,0.0,kBq,False
Ruthenium-103,0.0,kBq,False
Thorium-234,0.0,kBq,False
Iodine-135,0.0,kBq,False
Zirconium-95,0.0,kBq,False
Xenon-135m,0.0,kBq,False
Thorium-228,0.0,kBq,False
Curium-242,0.0,kBq,False
Zinc-65,0.0,kBq,False
Plutonium-241,0.0,kBq,False
Strontium-89,0.0,kBq,False
Thorium-232,0.0,kBq,False
Curium-242,0.0,kBq,False
Iron-59,0.0,kBq,False
Cerium-141,0.0,kBq,False
Cerium-144,0.0,kBq,False
Radon-220,0.0,kBq,False
Krypton-89,0.0,kBq,False
Neptunium-237,0.0,kBq,False
Krypton-89,0.0,kBq,False
Antimony-124,0.0,kBq,False
Krypton-85m,0.0,kBq,False
Argon-41,0.0,kBq,False
Chromium-51,0.0,kBq,False
Xenon-133m,0.0,kBq,False
Zinc-65,0.0,kBq,False
Promethium-147,0.0,kBq,False
Barium-140,0.0,kBq,False
Protactinium-234,0.0,kBq,False
Curium alpha,0.0,kBq,False
Strontium-89,0.0,kBq,False
Cerium-144,0.0,kBq,False
Ruthenium-103,0.0,kBq,False
Cerium-144,0.0,kBq,False
Protactinium-234,0.0,kBq,False
Curium alpha,0.0,kBq,False
Krypton-85m,0.0,kBq,False
Curium-242,0.0,kBq,False
Plutonium-241,0.0,kBq,False
Iodine-135,0.0,kBq,False
Plutonium-241,0.0,kBq,False
Argon-41,0.0,kBq,False
Xenon-135m,0.0,kBq,False
Neptunium-237,0.0,kBq,False
Cobalt-57,0.0,kBq,False
Xenon-135,0.0,kBq,False
Curium-244,0.0,kBq,False
Xenon-138,0.0,kBq,False
"Radioactive species, other beta emitters",0.0,kBq,False
Thorium-234,0.0,kBq,False
Xenon-138,0.0,kBq,False
Neptunium-237,0.0,kBq,False
Krypton-88,0.0,kBq,False
Iodine-135,0.0,kBq,False
Xenon-135,0.0,kBq,False
Silver-110,0.0,kBq,False
Tellurium-123m,0.0,kBq,False
Niobium-95,0.0,kBq,False
Cobalt-57,0.0,kBq,False
Calcium cyanamide,0.0,kg,False
Butyrolactone,0.0,kg,False
Trimethylamine,0.0,kg,False
Ozone,0.0,kg,False
Chlorantraniliprole,0.0,kg,False
Metaflumizone,0.0,kg,False
Formetanate hydrochloride,0.0,kg,False
Orthosulfamuron,0.0,kg,False
Triticonazole,0.0,kg,False
Topramezone,0.0,kg,False
Azimsulfuron,0.0,kg,False
Clofentezine,0.0,kg,False
Ethiprole,0.0,kg,False
Clofentezine,0.0,kg,False
2-(Octylthio)ethanol,0.0,kg,False
Etoxazole,0.0,kg,False
Dimoxystrobin,0.0,kg,False
Fluazifop,0.0,kg,False
Fluoxastrobin,0.0,kg,False
Rubidium,0.0,kg,True
Fosamine ammonium,0.0,kg,False
Ethalfluralin,0.0,kg,False
Bispyribac-sodium,0.0,kg,False
"1,4-Butanediol",0.0,kg,False
"2,4-D isopropylamine salt",0.0,kg,False
Halosulfuron-methyl,0.0,kg,False
Fosamine ammonium,0.0,kg,False
Acifluorfen sodium,0.0,kg,False
Halofenozide,0.0,kg,False
Bis(trichloromethyl) sulfone,0.0,kg,False
Fosamine ammonium,0.0,kg,False
Acifluorfen sodium,0.0,kg,False
Dipropyl amine,0.0,kg,False
Chlorethoxyfos,0.0,kg,False
Fluthiacet-methyl,0.0,kg,False
Methyl formate,0.0,kg,False
Cyanamide,0.0,kg,False
Triclopyr triethylamine salt,0.0,kg,False
Triclopyr-butotyl,0.0,kg,False
Triclopyr triethylamine salt,0.0,kg,False
Flumiclorac-pentyl,0.0,kg,False
DSMA,0.0,kg,False
Halofenozide,0.0,kg,False
Formetanate hydrochloride,0.0,kg,False
Pyrithiobac sodium salt,0.0,kg,False
Dimethenamide,0.0,kg,False
Cis-chlordane,0.0,kg,False
Pyrithiobac sodium salt,0.0,kg,False
Thiazopyr,0.0,kg,False
Dalapon-sodium,0.0,kg,False
Bispyribac-sodium,0.0,kg,False
Prodiamine,0.0,kg,False
Halofenozide,0.0,kg,False
Methylene dithiocyanate,0.0,kg,False
Bromoxynil heptanoate,0.0,kg,False
Dalapon-sodium,0.0,kg,False
Cyanamide,0.0,kg,False
Bispyribac-sodium,0.0,kg,False
Bromoxynil heptanoate,0.0,kg,False
Dichlorofluoromethane,0.0,kg,False
Dichlorofluoromethane,0.0,kg,False
Dichlorofluoromethane,0.0,kg,False
"Chlorinated solvents, unspecified",0.0,kg,False
"Carbon dioxide, non-fossil",0.0,kg,False
Demeton-S-methylsulfon,0.0,kg,False
Tribenuron,0.0,kg,False
2-Nitrobenzoic acid,0.0,kg,False
Fosetyl,0.0,kg,False
2-Nitrobenzoic acid,0.0,kg,False
Demeton-S-methylsulfon,0.0,kg,False
Demeton-S-methylsulfon,0.0,kg,False
Thifensulfuron,0.0,kg,False
Thifensulfuron,0.0,kg,False
Tribenuron,0.0,kg,False
Ammonium carbonate,0.0,kg,False
Pyrithiobac sodium salt,0.0,kg,False
Thiazopyr,0.0,kg,False
Fosamine ammonium,0.0,kg,False
Fenpropimorph,0.0,kg,False
MSMA,0.0,kg,False
Halosulfuron-methyl,0.0,kg,False
Formetanate hydrochloride,0.0,kg,False
Triclopyr-butotyl,0.0,kg,False
Glyphosate-isopropylammonium,0.0,kg,False
Prodiamine,0.0,kg,False
"2,4-D isopropylamine salt",0.0,kg,False
Methylene dithiocyanate,0.0,kg,False
Tungsten,0.0,kg,False
Titanium ion,0.0,kg,False
Silicon,0.0,kg,False
Magnesium,0.0,kg,False
Calcium II,0.0,kg,False
Tungsten,0.0,kg,False
Sulfur,0.0,kg,False
Strontium II,0.0,kg,False
Caesium I,0.0,kg,False
Zirconium,0.0,kg,False
Tungsten,0.0,kg,False
Tungsten,0.0,kg,False
Tungsten,0.0,kg,False
Boron,0.0,kg,False
Glyphosate-isopropylammonium,0.0,kg,False
Silicon dioxide,0.0,kg,False
Flutianil,0.0,kg,False
Fluazifop-P,0.0,kg,False
Copper(II) carbonate--copper(II) hydroxide (1:1),0.0,kg,False
Fluazifop-P,0.0,kg,False
Picolinafen,0.0,kg,False
Ipconazole,0.0,kg,False
Amisulbrom,0.0,kg,False
Chlorantraniliprole,0.0,kg,False
Bis(trichloromethyl) sulfone,0.0,kg,False
Climbazole,0.0,kg,False
Tetraconazole,0.0,kg,False
Boric acid,0.0,kg,False
Bromoxynil heptanoate,0.0,kg,False
Iodomethane,0.0,kg,False
Bromide,0.0,kg,False
Mefenpyr-diethyl,0.0,kg,False
Dimethyl ether,0.0,kg,False
Sodium chlorate,0.0,kg,False
Climbazole,0.0,kg,False
Pinoxaden,0.0,kg,False
Hexaflumuron,0.0,kg,False
Cadusafos,0.0,kg,False
Pyroxasulfone,0.0,kg,False
Lactofen,0.0,kg,False
Calcium hydroxide,0.0,kg,False
Clothianidin,0.0,kg,False
Haloxyfop-P-methyl,0.0,kg,False
Flubendiamide,0.0,kg,False
Icaridin,0.0,kg,False
Pyroxasulfone,0.0,kg,False
Barium sulfide,0.0,kg,False
Granite,0.0,kg,False
Mepronil,0.0,kg,False
Mesotrione,0.0,kg,False
Sulfosulfuron,0.0,kg,False
Amisulbrom,0.0,kg,False
Fenpyrazamine,0.0,kg,False
Ioxynil methyl ester,0.0,kg,False
Flurtamone,0.0,kg,False
Lactic acid,0.0,kg,False
Triclopyr triethylamine salt,0.0,kg,False
Tritosulfuron,0.0,kg,False
Arsenic acid,0.0,kg,False
Flonicamid,0.0,kg,False
Flufenoxuron,0.0,kg,False
Amicarbazone,0.0,kg,False
Fluoboric acid,0.0,kg,False
Butafenacil,0.0,kg,False
Fluoboric acid,0.0,kg,False
Flupyrsulfuron-methyl,0.0,kg,False
Sedaxane,0.0,kg,False
Imazaquin,0.0,kg,False
"Insecticides, unspecified",0.0,kg,False
Carfentrazone,0.0,kg,False
"1,4-Diisopropylbenzene",0.0,kg,False
Spirotetramat,0.0,kg,False
Triazoxide,0.0,kg,False
Flupyrsulfuron-methyl,0.0,kg,False
Trichlorosilane,0.0,kg,False
Sedaxane,0.0,kg,False
Sulfoxaflor,0.0,kg,False
Isopyrazam,0.0,kg,False
Pyridalyl,0.0,kg,False
Fluazifop-P,0.0,kg,False
Granite,0.0,kg,False
Benthiavalicarb-isopropyl,0.0,kg,False
Spiromesifen,0.0,kg,False
Famoxadone,0.0,kg,False
Aluminium phosphide,0.0,kg,False
Pyridalyl,0.0,kg,False
Triticonazole,0.0,kg,False
Boron carbide,0.0,kg,False
Lactic acid,0.0,kg,False
Hydrogen sulfide,0.0,kg,False
Pyriofenone,0.0,kg,False
Valifenalate,0.0,kg,False
Valifenalate,0.0,kg,False
Copper(II) carbonate--copper(II) hydroxide (1:1),0.0,kg,False
"2,4-D isopropylamine salt",0.0,kg,False
Ametoctradin,0.0,kg,False
Tolfenpyrad,0.0,kg,False
Asulam-sodium,0.0,kg,False
Propoxycarbazone-sodium (prop),0.0,kg,False
Dalapon-sodium,0.0,kg,False
Trifloxysulfuron-sodium,0.0,kg,False
Flazasulfuron,0.0,kg,False
Pyriofenone,0.0,kg,False
Potassium chloride,0.0,kg,False
Chlorthiophos,0.0,kg,False
Calcium hydroxide,0.0,kg,False
Kaolin,0.0,kg,False
Methylene dithiocyanate,0.0,kg,False
Gamma-cyhalothrin,0.0,kg,False
Bromide,0.0,kg,False
Pyraflufen-ethyl,0.0,kg,False
Calcium hydroxide,0.0,kg,False
Fluoroglycofen,0.0,kg,False
Cyanamide,0.0,kg,False
Ioxynil methyl ester,0.0,kg,False
Arsenic acid,0.0,kg,False
Fenamidone,0.0,kg,False
Pyridalyl,0.0,kg,False
Propylene,0.0,kg,False
Lactofen,0.0,kg,False
Azimsulfuron,0.0,kg,False
Trimethylchlorosilane,0.0,kg,False
Proquinazid,0.0,kg,False
Penflufen,0.0,kg,False
Silicon dioxide,0.0,kg,False
Icaridin,0.0,kg,False
Fosthiazate,0.0,kg,False
Sulfosate,0.0,kg,False
Calcium hydroxide,0.0,kg,False
Flufenoxuron,0.0,kg,False
Butafenacil,0.0,kg,False
Pyroxsulam,0.0,kg,False
Aluminium phosphide,0.0,kg,False
Isopyrazam,0.0,kg,False
Haloxyfop-P-methyl,0.0,kg,False
Cyflumetofen,0.0,kg,False
Flupyrsulfuron-methyl,0.0,kg,False
Fenazaquin,0.0,kg,False
Isopyrazam,0.0,kg,False
Chlorimuron-ethyl,0.0,kg,False
Fluthiacet-methyl,0.0,kg,False
Fluquinconazole,0.0,kg,False
Triazoxide,0.0,kg,False
Bromoxynil heptanoate,0.0,kg,False
Propoxycarbazone-sodium (prop),0.0,kg,False
Acetochlor,0.0,kg,False
Pydiflumetofen,0.0,kg,False
Tebufenpyrad,0.0,kg,False
Triticonazole,0.0,kg,False
Diclofop,0.0,kg,False
Copper(II) chloride,0.0,kg,False
Cyantraniliprole,0.0,kg,False
Fluoroglycofen,0.0,kg,False
Phosphine,0.0,kg,False
Dithiopyr,0.0,kg,False
Orthosulfamuron,0.0,kg,False
Phosphine,0.0,kg,False
Bromate,0.0,kg,False
Metaflumizone,0.0,kg,False
Trimethyl borate,0.0,kg,False
Trimethyl borate,0.0,kg,False
Diniconazole-m,0.0,kg,False
Formamide,0.0,kg,False
Flutriafol,0.0,kg,False
Sulfoxaflor,0.0,kg,False
"Herbicides, unspecified",0.0,kg,False
Pyroxasulfone,0.0,kg,False
Ferrous sulfate,0.0,kg,False
Fosthiazate,0.0,kg,False
Amicarbazone,0.0,kg,False
Flupyrsulfuron-methyl,0.0,kg,False
Sulcotrione,0.0,kg,False
Potassium thiocyanate,0.0,kg,False
Halauxifen-methyl,0.0,kg,False
Sodium hypochlorite,0.0,kg,False
Ethametsulfuron-methyl,0.0,kg,False
Isoxadifen-ethyl,0.0,kg,False
Hexaflumuron,0.0,kg,False
Florasulam,0.0,kg,False
Carfentrazone,0.0,kg,False
Ethametsulfuron-methyl,0.0,kg,False
Chromafenozide,0.0,kg,False
"VOC, volatile organic compounds",0.0,kg,False
Thiamethoxam,0.0,kg,False
Clofentezine,0.0,kg,False
Fluoroglycofen,0.0,kg,False
Propylene,0.0,kg,False
Trichlorosilane,0.0,kg,False
Dimoxystrobin,0.0,kg,False
Copper oxychloride,0.0,kg,False
Butafenacil,0.0,kg,False
Iodomethane,0.0,kg,False
Cyflufenamid,0.0,kg,False
Spirotetramat,0.0,kg,False
Boscalid,0.0,kg,False
Ethametsulfuron-methyl,0.0,kg,False
Potassium thiocyanate,0.0,kg,False
Fenhexamid,0.0,kg,False
Flupyradifurone,0.0,kg,False
Climbazole,0.0,kg,False
Tebutam,0.0,kg,False
Copper sulfate,0.0,kg,False
Propoxycarbazone-sodium (prop),0.0,kg,False
Pyroxsulam,0.0,kg,False
Florasulam,0.0,kg,False
Copper(II) chloride,0.0,kg,False
Copper(II) acetate,0.0,kg,False
Pyridafol,0.0,kg,False
Clofentezine,0.0,kg,False
"Fungicides, unspecified",0.0,kg,False
Acifluorfen sodium,0.0,kg,False
Sedaxane,0.0,kg,False
Fluoboric acid,0.0,kg,False
Pyriofenone,0.0,kg,False
Flurtamone,0.0,kg,False
Metaflumizone,0.0,kg,False
Potassium bicarbonate,0.0,kg,False
Cis-chlordane,0.0,kg,False
Valifenalate,0.0,kg,False
Bispyribac-sodium,0.0,kg,False
Copper(I) oxide,0.0,kg,False
Siduron,0.0,kg,False
Iodosulfuron,0.0,kg,False
Metrafenone,0.0,kg,False
"Insecticides, unspecified",0.0,kg,False
Orthosulfamuron,0.0,kg,False
Emamectin benzoate,0.0,kg,False
Ipconazole,0.0,kg,False
Flumioxazin,0.0,kg,False
Calcium cyanamide,0.0,kg,False
Fluopicolide,0.0,kg,False
2-Naphthoxyacetic acid,0.0,kg,False
Picolinafen,0.0,kg,False
Chlorthal,0.0,kg,False
Benalaxyl-M,0.0,kg,False
Trimethyl borate,0.0,kg,False
Benoxacor,0.0,kg,False
Amicarbazone,0.0,kg,False
Fosthiazate,0.0,kg,False
Chlorthiophos,0.0,kg,False
Lufenuron,0.0,kg,False
Chloroacetyl chloride,0.0,kg,False
Diofenolan,0.0,kg,False
Copper(II) chloride,0.0,kg,False
Ipconazole,0.0,kg,False
Arsenic acid,0.0,kg,False
Famoxadone,0.0,kg,False
Chlozolinate,0.0,kg,False
Asulam-sodium,0.0,kg,False
Halauxifen-methyl,0.0,kg,False
Boric acid,0.0,kg,False
Formetanate hydrochloride,0.0,kg,False
Ipconazole,0.0,kg,False
Benalaxyl,0.0,kg,False
Penflufen,0.0,kg,False
Chloroacetyl chloride,0.0,kg,False
Sulfoxaflor,0.0,kg,False
Spiromesifen,0.0,kg,False
Pyridalyl,0.0,kg,False
Azimsulfuron,0.0,kg,False
Lithium carbonate,0.0,kg,False
Famoxadone,0.0,kg,False
Pinoxaden,0.0,kg,False
Foramsulfuron,0.0,kg,False
Sulfuryl fluoride,0.0,kg,False
Gamma-cyhalothrin,0.0,kg,False
Silthiofam,0.0,kg,False
Isofetamid,0.0,kg,False
Potassium iodide,0.0,kg,False
Saflufenacil,0.0,kg,False
Formetanate,0.0,kg,False
3-Methyl-1-butanol,0.0,kg,False
Dichlorprop-P,0.0,kg,False
Fenhexamid,0.0,kg,False
2-Naphthoxyacetic acid,0.0,kg,False
Granite,0.0,kg,False
Aminopyralid,0.0,kg,False
Iprovalicarb,0.0,kg,False
Mandipropamid,0.0,kg,False
Picolinafen,0.0,kg,False
Glyphosate-isopropylammonium,0.0,kg,False
Carfentrazone,0.0,kg,False
Cyflufenamid,0.0,kg,False
Metosulam,0.0,kg,False
Dimoxystrobin,0.0,kg,False
Cadusafos,0.0,kg,False
Diflufenzopyr,0.0,kg,False
Spinosad,0.0,kg,False
Topramezone,0.0,kg,False
"Fungicides, unspecified",0.0,kg,False
Aminopyralid,0.0,kg,False
Asulam-sodium,0.0,kg,False
Silthiofam,0.0,kg,False
Chromafenozide,0.0,kg,False
Thiazopyr,0.0,kg,False
Mandestrobin,0.0,kg,False
Iodomethane,0.0,kg,False
Trifloxystrobin,0.0,kg,False
Cyflumetofen,0.0,kg,False
Acrinathrin,0.0,kg,False
Cupric hydroxide,0.0,kg,False
Spinetoram,0.0,kg,False
Tebufenpyrad,0.0,kg,False
Fluoxastrobin,0.0,kg,False
Picoxystrobin,0.0,kg,False
Benzovindiflupyr,0.0,kg,False
Fosthiazate,0.0,kg,False
Tembotrione,0.0,kg,False
Sulcotrione,0.0,kg,False
Ipconazole,0.0,kg,False
Metosulam,0.0,kg,False
Potassium thiocyanate,0.0,kg,False
Etoxazole,0.0,kg,False
Azimsulfuron,0.0,kg,False
Copper(II) carbonate--copper(II) hydroxide (1:1),0.0,kg,False
Pyriofenone,0.0,kg,False
Sedaxane,0.0,kg,False
Dithiopyr,0.0,kg,False
2-(Octylthio)ethanol,0.0,kg,False
Fluquinconazole,0.0,kg,False
Mesosulfuron-methyl (prop),0.0,kg,False
Copper(II) acetate,0.0,kg,False
Diniconazole-m,0.0,kg,False
Sodium chlorate,0.0,kg,False
Tralkoxydim,0.0,kg,False
Carfentrazone,0.0,kg,False
1-Pentene,0.0,kg,False
Flufenoxuron,0.0,kg,False
Thiencarbazone-methyl,0.0,kg,False
Tetraconazole,0.0,kg,False
Benoxacor,0.0,kg,False
Spirotetramat,0.0,kg,False
Ethametsulfuron-methyl,0.0,kg,False
Isoxadifen-ethyl,0.0,kg,False
Mesosulfuron,0.0,kg,False
Acetamiprid,0.0,kg,False
Benalaxyl,0.0,kg,False
Flurtamone,0.0,kg,False
Ipconazole,0.0,kg,False
Icaridin,0.0,kg,False
Chlorimuron-ethyl,0.0,kg,False
Granite,0.0,kg,False
Quizalofop-P-tefuryl,0.0,kg,False
Trimethylchlorosilane,0.0,kg,False
Arsenic acid,0.0,kg,False
Flubendiamide,0.0,kg,False
Copper(I) oxide,0.0,kg,False
Picolinafen,0.0,kg,False
Lithium carbonate,0.0,kg,False
Haloxyfop-P-methyl,0.0,kg,False
Potassium chloride,0.0,kg,False
Tetraconazole,0.0,kg,False
Copper(II) carbonate--copper(II) hydroxide (1:1),0.0,kg,False
Imazaquin,0.0,kg,False
Mefenpyr-diethyl,0.0,kg,False
Calcium cyanamide,0.0,kg,False
Trifloxysulfuron-sodium,0.0,kg,False
Trimethylchlorosilane,0.0,kg,False
Foramsulfuron,0.0,kg,False
Propisochlor,0.0,kg,False
Flusilazole,0.0,kg,False
Chromafenozide,0.0,kg,False
Benalaxyl,0.0,kg,False
Propoxycarbazone-sodium (prop),0.0,kg,False
Triticonazole,0.0,kg,False
Lactofen,0.0,kg,False
Pyriofenone,0.0,kg,False
Pyraclostrobin,0.0,kg,False
Aluminium phosphide,0.0,kg,False
Ethaboxam,0.0,kg,False
Fluxapyroxad,0.0,kg,False
Fenazaquin,0.0,kg,False
Fluquinconazole,0.0,kg,False
Pyridalyl,0.0,kg,False
Oxasulfuron,0.0,kg,False
Topramezone,0.0,kg,False
Potassium iodide,0.0,kg,False
Orthosulfamuron,0.0,kg,False
DSMA,0.0,kg,False
Trimethylamine,0.0,kg,False
Flubendiamide,0.0,kg,False
Sulfoxaflor,0.0,kg,False
Copper(II) acetate,0.0,kg,False
Chromafenozide,0.0,kg,False
Cyflufenamid,0.0,kg,False
Butafenacil,0.0,kg,False
Dimethenamid-P,0.0,kg,False
Diofenolan,0.0,kg,False
Spinetoram L,0.0,kg,False
Benthiavalicarb,0.0,kg,False
Mandipropamid,0.0,kg,False
Amidosulfuron,0.0,kg,False
Isopyrazam,0.0,kg,False
Fenamidone,0.0,kg,False
Famoxadone,0.0,kg,False
Famoxadone,0.0,kg,False
Dimoxystrobin,0.0,kg,False
Spiromesifen,0.0,kg,False
Dimethyl ether,0.0,kg,False
Chlozolinate,0.0,kg,False
Chromafenozide,0.0,kg,False
Pyriofenone,0.0,kg,False
Cyantraniliprole,0.0,kg,False
Spirodiclofen,0.0,kg,False
Pyroxasulfone,0.0,kg,False
Pyridalyl,0.0,kg,False
Ethaboxam,0.0,kg,False
Butafenacil,0.0,kg,False
Spiromesifen,0.0,kg,False
Hexaflumuron,0.0,kg,False
Tebufenpyrad,0.0,kg,False
Flufenoxuron,0.0,kg,False
Fluazifop-P,0.0,kg,False
Saflufenacil,0.0,kg,False
Ioxynil methyl ester,0.0,kg,False
Dimethyldichlorosilane,0.0,kg,False
Carfentrazone,0.0,kg,False
Calcium cyanamide,0.0,kg,False
Saflufenacil,0.0,kg,False
Amisulbrom,0.0,kg,False
Acrinathrin,0.0,kg,False
Cycluron,0.0,kg,False
Penflufen,0.0,kg,False
Siduron,0.0,kg,False
Acifluorfen sodium,0.0,kg,False
Glyphosate-isopropylammonium,0.0,kg,False
Triclopyr triethylamine salt,0.0,kg,False
Bis(trichloromethyl) sulfone,0.0,kg,False
Hydrogen peroxide,0.0,kg,False
Iodosulfuron,0.0,kg,False
2-(Octylthio)ethanol,0.0,kg,False
Chlorine,0.0,kg,False
Benthiavalicarb-isopropyl,0.0,kg,False
Pethoxamid,0.0,kg,False
Amicarbazone,0.0,kg,False
Arsine,0.0,kg,False
2-Methyl-2-butene,0.0,kg,False
Mandestrobin,0.0,kg,False
Flupyradifurone,0.0,kg,False
Fluazifop,0.0,kg,False
"2,4-D ester",0.0,kg,False
Silicon dioxide,0.0,kg,False
Silicon dioxide,0.0,kg,False
Sodium tetrahydridoborate,0.0,kg,False
Aluminium phosphide,0.0,kg,False
Hydrogen peroxide,0.0,kg,False
Barium sulfide,0.0,kg,False
Copper sulfate,0.0,kg,False
Calcium hydroxide,0.0,kg,False
Potassium iodide,0.0,kg,False
Sulfuryl fluoride,0.0,kg,False
Copper(II) carbonate--copper(II) hydroxide (1:1),0.0,kg,False
Barium sulfide,0.0,kg,False
Sodium perchlorate,0.0,kg,False
Copper sulfate,0.0,kg,False
Potassium chloride,0.0,kg,False
Sodium perchlorate,0.0,kg,False
Copper(II) chloride,0.0,kg,False
Barium sulfide,0.0,kg,False
Chloride,0.0,kg,False
Boric acid,0.0,kg,False
Phosphine,0.0,kg,False
Sodium hypochlorite,0.0,kg,False
Copper(II) chloride,0.0,kg,False
Sodium hydroxide,0.0,kg,False
Boron carbide,0.0,kg,False
Sodium chlorate,0.0,kg,False
Lithium carbonate,0.0,kg,False
Arsenic acid,0.0,kg,False
Phosphine,0.0,kg,False
Phosphorus trichloride,0.0,kg,False
Aluminium phosphide,0.0,kg,False
Sodium chloride,0.0,kg,False
Boron carbide,0.0,kg,False
Phosphine,0.0,kg,False
Arsenic acid,0.0,kg,False
Sulfuryl fluoride,0.0,kg,False
Iodide,0.0,kg,False
Iodide,0.0,kg,False
Barium sulfide,0.0,kg,False
Copper(II) chloride,0.0,kg,False
Potassium iodide,0.0,kg,False
Copper(II) carbonate--copper(II) hydroxide (1:1),0.0,kg,False
Arsenic acid,0.0,kg,False
Copper(I) oxide,0.0,kg,False
Benalaxyl,0.0,kg,False
Mandestrobin,0.0,kg,False
Gibberellic acid,0.0,kg,False
Granite,0.0,kg,False
Asulam-sodium,0.0,kg,False
Sodium fluorosilicate,0.0,kg,False
Flupyrsulfuron-methyl sodium,0.0,kg,False
Acetamiprid,0.0,kg,False
Diofenolan,0.0,kg,False
Lactic acid,0.0,kg,False
Isocyanic acid,0.0,kg,False
N-Bromoacetamide,0.0,kg,False
Dipropyl amine,0.0,kg,False
Siduron,0.0,kg,False
Phosphoric acid,0.0,kg,False
Dichromate,0.0,kg,False
Benoxacor,0.0,kg,False
Propisochlor,0.0,kg,False
Metosulam,0.0,kg,False
Ethiprole,0.0,kg,False
Barium sulfide,0.0,kg,False
Fluopicolide,0.0,kg,False
Flurtamone,0.0,kg,False
Pyridafol,0.0,kg,False
"2,4-D ester",0.0,kg,False
Sodium fluorosilicate,0.0,kg,False
Trimethyl borate,0.0,kg,False
Triazoxide,0.0,kg,False
Isopyrazam,0.0,kg,False
Benoxacor,0.0,kg,False
Glyphosate-isopropylammonium,0.0,kg,False
Climbazole,0.0,kg,False
Haloxyfop-P-methyl,0.0,kg,False
Flupyrsulfuron-methyl,0.0,kg,False
Mepronil,0.0,kg,False
Flutriafol,0.0,kg,False
Dimoxystrobin,0.0,kg,False
Fenoxaprop-P,0.0,kg,False
Bixafen,0.0,kg,False
"Insecticides, unspecified",0.0,kg,False
Fluoride,0.0,kg,False
Benthiavalicarb-isopropyl,0.0,kg,False
Silthiofam,0.0,kg,False
Diniconazole-m,0.0,kg,False
Mandestrobin,0.0,kg,False
Picolinafen,0.0,kg,False
Isoxadifen-ethyl,0.0,kg,False
Isofetamid,0.0,kg,False
Mandestrobin,0.0,kg,False
Magnesium phosphide,0.0,kg,False
Metrafenone,0.0,kg,False
Cyantraniliprole,0.0,kg,False
Nitrogen,0.0,kg,False
"Transformation, to forest, primary (non-use)",0.0,m2,True
Fenazaquin,0.0,kg,False
Dimoxystrobin,0.0,kg,False
Dichlorprop-P,0.0,kg,False
"Fungicides, unspecified",0.0,kg,False
Saflufenacil,0.0,kg,False
Valifenalate,0.0,kg,False
Fluopyram,0.0,kg,False
Cyazofamid,0.0,kg,False
Benalaxyl-M,0.0,kg,False
Granite,0.0,kg,False
Calcium cyanamide,0.0,kg,False
Flubendiamide,0.0,kg,False
Fenoxaprop-P,0.0,kg,False
Fosthiazate,0.0,kg,False
Fluopyram,0.0,kg,False
Flutianil,0.0,kg,False
Butralin,0.0,kg,False
Lufenuron,0.0,kg,False
Acrinathrin,0.0,kg,False
Saflufenacil,0.0,kg,False
Cycluron,0.0,kg,False
Clofentezine,0.0,kg,False
Fluoroglycofen-ethyl,0.0,kg,False
Etoxazole,0.0,kg,False
"Oils, non-fossil",0.0,kg,False
Foramsulfuron,0.0,kg,False
Ethaboxam,0.0,kg,False
Spiromesifen,0.0,kg,False
Flutriafol,0.0,kg,False
Ethametsulfuron-methyl,0.0,kg,False
Valifenalate,0.0,kg,False
Primisulfuron,0.0,kg,False
Butene,0.0,kg,False
Haloxyfop-P,0.0,kg,False
Azimsulfuron,0.0,kg,False
Acrinathrin,0.0,kg,False
Ethametsulfuron-methyl,0.0,kg,False
Fluazifop-P,0.0,kg,False
Ametoctradin,0.0,kg,False
Flupyradifurone,0.0,kg,False
Carfentrazone,0.0,kg,False
Triticonazole,0.0,kg,False
Propisochlor,0.0,kg,False
Chlozolinate,0.0,kg,False
Ethaboxam,0.0,kg,False
Flazasulfuron,0.0,kg,False
Ethiprole,0.0,kg,False
Tebufenpyrad,0.0,kg,False
Benoxacor,0.0,kg,False
Diniconazole-m,0.0,kg,False
Tetramethyl ammonium hydroxide,0.0,kg,False
Triazoxide,0.0,kg,False
Diflufenzopyr,0.0,kg,False
Climbazole,0.0,kg,False
Chlorthiophos,0.0,kg,False
Novaluron,0.0,kg,False
Fluxapyroxad,0.0,kg,False
Cyazofamid,0.0,kg,False
Haloxyfop-P-methyl,0.0,kg,False
Flutianil,0.0,kg,False
Spinetoram J,0.0,kg,False
Formetanate,0.0,kg,False
Dimefuron,0.0,kg,False
Spirodiclofen,0.0,kg,False
Flupyradifurone,0.0,kg,False
Climbazole,0.0,kg,False
Zoxamide,0.0,kg,False
Iodomethane,0.0,kg,False
Benalaxyl-M,0.0,kg,False
Pyriofenone,0.0,kg,False
Ethaboxam,0.0,kg,False
Aminopyralid,0.0,kg,False
Carfentrazone,0.0,kg,False
Triticonazole,0.0,kg,False
Flupyrsulfuron-methyl sodium,0.0,kg,False
Amidosulfuron,0.0,kg,False
Picoxystrobin,0.0,kg,False
Flutianil,0.0,kg,False
2-(Octylthio)ethanol,0.0,kg,False
Thiencarbazone-methyl,0.0,kg,False
Halauxifen-methyl,0.0,kg,False
2-(Octylthio)ethanol,0.0,kg,False
Dichlorprop-P,0.0,kg,False
Tetramethyl ammonium hydroxide,0.0,kg,False
Diniconazole-m,0.0,kg,False
Flupyrsulfuron-methyl sodium,0.0,kg,False
Isofetamid,0.0,kg,False
Sulfoxaflor,0.0,kg,False
Sedaxane,0.0,kg,False
Cyantraniliprole,0.0,kg,False
Dimethyl ether,0.0,kg,False
Isopyrazam,0.0,kg,False
Cyantraniliprole,0.0,kg,False
Flurenol,0.0,kg,False
Quizalofop-P-tefuryl,0.0,kg,False
Formetanate,0.0,kg,False
Aminopyralid,0.0,kg,False
Metosulam,0.0,kg,False
Cis-chlordane,0.0,kg,False
Bixafen,0.0,kg,False
Valifenalate,0.0,kg,False
Isofetamid,0.0,kg,False
Icaridin,0.0,kg,False
Mepronil,0.0,kg,False
Fosthiazate,0.0,kg,False
Bispyribac-sodium,0.0,kg,False
Pyraflufen-ethyl,0.0,kg,False
Mandestrobin,0.0,kg,False
Topramezone,0.0,kg,False
Tritosulfuron,0.0,kg,False
Haloxyfop-P-methyl,0.0,kg,False
Sulcotrione,0.0,kg,False
Cyflumetofen,0.0,kg,False
Prothioconazole,0.0,kg,False
"Herbicides, unspecified",0.0,kg,False
Cyflumetofen,0.0,kg,False
Dimefuron,0.0,kg,False
Isofetamid,0.0,kg,False
Tembotrione,0.0,kg,False
Diclofop,0.0,kg,False
Flupyradifurone,0.0,kg,False
Chlorthiophos,0.0,kg,False
Bixafen,0.0,kg,False
Pyroxasulfone,0.0,kg,False
Lufenuron,0.0,kg,False
Propoxycarbazone-sodium (prop),0.0,kg,False
Ipconazole,0.0,kg,False
2-Methyl-2-butene,0.0,kg,False
Ethiprole,0.0,kg,False
"Herbicides, unspecified",0.0,kg,False
Cadusafos,0.0,kg,False
Trimethylchlorosilane,0.0,kg,False
Copper(II) acetate,0.0,kg,False
Diafenthiuron,0.0,kg,False
Sedaxane,0.0,kg,False
Butafenacil,0.0,kg,False
1-Pentene,0.0,kg,False
Chromafenozide,0.0,kg,False
Quizalofop-P-tefuryl,0.0,kg,False
Tralkoxydim,0.0,kg,False
Diniconazole-m,0.0,kg,False
Flurtamone,0.0,kg,False
Halauxifen-methyl,0.0,kg,False
Pydiflumetofen,0.0,kg,False
Dichlorprop-P,0.0,kg,False
Chlorthiophos,0.0,kg,False
Copper(II) acetate,0.0,kg,False
Isoxadifen-ethyl,0.0,kg,False
Diniconazole-m,0.0,kg,False
Mesosulfuron-methyl (prop),0.0,kg,False
Climbazole,0.0,kg,False
Octhilinone,0.0,kg,False
Thiencarbazone-methyl,0.0,kg,False
Mefenpyr-diethyl,0.0,kg,False
Chlorimuron-ethyl,0.0,kg,False
Lactofen,0.0,kg,False
Benthiavalicarb-isopropyl,0.0,kg,False
Thiamethoxam,0.0,kg,False
Tebutam,0.0,kg,False
Flusilazole,0.0,kg,False
Trifloxysulfuron-sodium,0.0,kg,False
Methylene dithiocyanate,0.0,kg,False
Lactic acid,0.0,kg,False
Trifloxysulfuron-sodium,0.0,kg,False
Benzovindiflupyr,0.0,kg,False
Copper(II) acetate,0.0,kg,False
Pyridafol,0.0,kg,False
Flurenol,0.0,kg,False
Chlorthiophos,0.0,kg,False
Topramezone,0.0,kg,False
Amicarbazone,0.0,kg,False
Penthiopyrad,0.0,kg,False
Spirodiclofen,0.0,kg,False
Amidosulfuron,0.0,kg,False
Flufenoxuron,0.0,kg,False
Cyflumetofen,0.0,kg,False
Penflufen,0.0,kg,False
Imazaquin,0.0,kg,False
Oxasulfuron,0.0,kg,False
Benthiavalicarb-isopropyl,0.0,kg,False
Pyridafol,0.0,kg,False
Proquinazid,0.0,kg,False
Halosulfuron,0.0,kg,False
Clothianidin,0.0,kg,False
Bromoxynil heptanoate,0.0,kg,False
Diflufenzopyr,0.0,kg,False
Flupyrsulfuron-methyl,0.0,kg,False
Tetraconazole,0.0,kg,False
Proquinazid,0.0,kg,False
Halauxifen-methyl,0.0,kg,False
Mepanipyrim,0.0,kg,False
Clothianidin,0.0,kg,False
Flupyrsulfuron-methyl,0.0,kg,False
Iodomethane,0.0,kg,False
Granite,0.0,kg,False
Cyprodinil,0.0,kg,False
2-Naphthoxyacetic acid,0.0,kg,False
Benalaxyl,0.0,kg,False
Flutianil,0.0,kg,False
Benalaxyl,0.0,kg,False
Fluazifop,0.0,kg,False
Penflufen,0.0,kg,False
2-(Octylthio)ethanol,0.0,kg,False
Flufenoxuron,0.0,kg,False
Imazaquin,0.0,kg,False
Methylene dithiocyanate,0.0,kg,False
Pyridafol,0.0,kg,False
Mefenpyr-diethyl,0.0,kg,False
Butene,0.0,kg,False
Mesosulfuron-methyl (prop),0.0,kg,False
Metaflumizone,0.0,kg,False
Ethiprole,0.0,kg,False
Mefenpyr-diethyl,0.0,kg,False
Lufenuron,0.0,kg,False
Clofentezine,0.0,kg,False
Benoxacor,0.0,kg,False
Benthiavalicarb-isopropyl,0.0,kg,False
Tralkoxydim,0.0,kg,False
Magnesium phosphide,0.0,kg,False
Flupyradifurone,0.0,kg,False
Metconazole,0.0,kg,False
Pyroxsulam,0.0,kg,False
Propisochlor,0.0,kg,False
Sulfoxaflor,0.0,kg,False
Fluthiacet-methyl,0.0,kg,False
Flonicamid,0.0,kg,False
Cyantraniliprole,0.0,kg,False
Ethiprole,0.0,kg,False
Azimsulfuron,0.0,kg,False
"Insecticides, unspecified",0.0,kg,False
Tritosulfuron,0.0,kg,False
Spiroxamine,0.0,kg,False
Azimsulfuron,0.0,kg,False
Flonicamid,0.0,kg,False
Icaridin,0.0,kg,False
Icaridin,0.0,kg,False
Lufenuron,0.0,kg,False
Isoxadifen-ethyl,0.0,kg,False
Fosthiazate,0.0,kg,False
Isoxadifen-ethyl,0.0,kg,False
Metosulam,0.0,kg,False
Asulam-sodium,0.0,kg,False
Fenhexamid,0.0,kg,False
"Fungicides, unspecified",0.0,kg,False
Topramezone,0.0,kg,False
Imazaquin,0.0,kg,False
Fenpropidin,0.0,kg,False
Iprovalicarb,0.0,kg,False
Penthiopyrad,0.0,kg,False
Haloxyfop-P-methyl,0.0,kg,False
Mefenpyr-diethyl,0.0,kg,False
Tembotrione,0.0,kg,False
Flazasulfuron,0.0,kg,False
Fenamidone,0.0,kg,False
Amicarbazone,0.0,kg,False
Cyazofamid,0.0,kg,False
Valifenalate,0.0,kg,False
Lanthanum,0.0,kg,False
Sodium perchlorate,0.0,kg,False
Lanthanum,0.0,kg,False
Boric acid,0.0,kg,False
Silicon dioxide,0.0,kg,False
Copper(II) carbonate--copper(II) hydroxide (1:1),0.0,kg,False
Silthiofam,0.0,kg,False
Chlorthal,0.0,kg,False
Oxadiargyl,0.0,kg,False
Beflubutamid,0.0,kg,False
Dimefuron,0.0,kg,False
Ethaboxam,0.0,kg,False
Clofentezine,0.0,kg,False
Triazoxide,0.0,kg,False
Fluazifop,0.0,kg,False
Pyroxasulfone,0.0,kg,False
Mesosulfuron-methyl (prop),0.0,kg,False
Triticonazole,0.0,kg,False
Cadusafos,0.0,kg,False
Quinoxyfen,0.0,kg,False
Cyhalofop,0.0,kg,False
Fluazifop,0.0,kg,False
Oxasulfuron,0.0,kg,False
Metaflumizone,0.0,kg,False
Prothioconazole,0.0,kg,False
Orthosulfamuron,0.0,kg,False
Dichlorprop-P,0.0,kg,False
Mandipropamid,0.0,kg,False
Cyhalofop,0.0,kg,False
Pyridalyl,0.0,kg,False
Propoxycarbazone-sodium (prop),0.0,kg,False
Cyhalofop,0.0,kg,False
Mandestrobin,0.0,kg,False
Ametoctradin,0.0,kg,False
Iodosulfuron-methyl-sodium,0.0,kg,False
Cyflumetofen,0.0,kg,False
Magnesium phosphide,0.0,kg,False
Fenpropidin,0.0,kg,False
Spiroxamine,0.0,kg,False
Quizalofop-P-tefuryl,0.0,kg,False
Penthiopyrad,0.0,kg,False
"Insecticides, unspecified",0.0,kg,False
Flubendiamide,0.0,kg,False
Tralkoxydim,0.0,kg,False
Fluoxastrobin,0.0,kg,False
Cycluron,0.0,kg,False
Copper(II) acetate,0.0,kg,False
Chromafenozide,0.0,kg,False
Pinoxaden,0.0,kg,False
Isofetamid,0.0,kg,False
Iprovalicarb,0.0,kg,False
Cyhalofop,0.0,kg,False
Metosulam,0.0,kg,False
Paraffins,0.0,kg,False
Cyhalofop,0.0,kg,False
Fluazifop-P,0.0,kg,False
Metaflumizone,0.0,kg,False
Asulam-sodium,0.0,kg,False
Paraffins,0.0,kg,False
Triazoxide,0.0,kg,False
Silthiofam,0.0,kg,False
Silthiofam,0.0,kg,False
2-(Octylthio)ethanol,0.0,kg,False
Fluazifop-P,0.0,kg,False
Butafenacil,0.0,kg,False
Flubendiamide,0.0,kg,False
Picolinafen,0.0,kg,False
Cyanamide,0.0,kg,False
Propisochlor,0.0,kg,False
Hexaconazole,0.0,kg,False
Fluazifop,0.0,kg,False
Paraffins,0.0,kg,False
Cyhalofop,0.0,kg,False
Amicarbazone,0.0,kg,False
Potassium soap,0.0,kg,False
Cyantraniliprole,0.0,kg,False
Trifloxystrobin,0.0,kg,False
Lactofen,0.0,kg,False
Pydiflumetofen,0.0,kg,False
Sulfosate,0.0,kg,False
Primisulfuron,0.0,kg,False
Flurenol,0.0,kg,False
Metrafenone,0.0,kg,False
Fluopicolide,0.0,kg,False
Isofetamid,0.0,kg,False
Benoxacor,0.0,kg,False
Mesosulfuron-methyl (prop),0.0,kg,False
Flutriafol,0.0,kg,False
Ethametsulfuron-methyl,0.0,kg,False
Trifloxysulfuron-sodium,0.0,kg,False
Trimethylchlorosilane,0.0,kg,False
"2,4-D isopropylamine salt",0.0,kg,False
Calcium cyanamide,0.0,kg,False
Aminopyralid,0.0,kg,False
Mesotrione,0.0,kg,False
Chlorethoxyfos,0.0,kg,False
Aminopyralid,0.0,kg,False
Aminopyralid,0.0,kg,False
Halauxifen-methyl,0.0,kg,False
Icaridin,0.0,kg,False
Chlorthiophos,0.0,kg,False
Calcium hydroxide,0.0,kg,False
Sodium chlorate,0.0,kg,False
Bromate,0.0,kg,False
Diclofop,0.0,kg,False
Pyridafol,0.0,kg,False
Triclopyr triethylamine salt,0.0,kg,False
Isoxadifen-ethyl,0.0,kg,False
Pyridafol,0.0,kg,False
Halauxifen-methyl,0.0,kg,False
Fenoxaprop-P,0.0,kg,False
Glutaraldehyde,0.0,kg,False
Butyrolactone,0.0,kg,False
Formamide,0.0,kg,False
3-Methyl-1-butanol,0.0,kg,False
Trimethylamine,0.0,kg,False
Dipropyl amine,0.0,kg,False
"Transformation, from lake, natural (non-use)",0.0,m2,True
Methyl formate,0.0,kg,False
"1,4-Butanediol",0.0,kg,False
Potassium soap,0.0,kg,False
